#RANK	ID	GENE_SYMBOL	ENTREZ_GENE_ID	MOI	P-VALUE	EXOMISER_GENE_COMBINED_SCORE	EXOMISER_GENE_PHENO_SCORE	EXOMISER_GENE_VARIANT_SCORE	HUMAN_PHENO_SCORE	MOUSE_PHENO_SCORE	FISH_PHENO_SCORE	WALKER_SCORE	PHIVE_ALL_SPECIES_SCORE	OMIM_SCORE	MATCHES_CANDIDATE_GENE	HUMAN_PHENO_EVIDENCE	MOUSE_PHENO_EVIDENCE	FISH_PHENO_EVIDENCE	HUMAN_PPI_EVIDENCE	MOUSE_PPI_EVIDENCE	FISH_PPI_EVIDENCE
1	BUB1B_AR	BUB1B	701	AR	0.0000	0.9819	0.8134	0.9614	0.8134	0.5901	0.0000	0.0000	0.8134	1.0000	0	Mosaic variegated aneuploidy syndrome 1 (OMIM:257300): Nephrocalcinosis (HP:0000121)-Renal cyst (HP:0000107), Failure to thrive (HP:0001508)-Small for gestational age (HP:0001518), Small for gestational age (HP:0001518)-Small for gestational age (HP:0001518), Premature birth (HP:0001622)-Premature chromatid separation (HP:0200024), Rhabdomyosarcoma (HP:0002859)-Embryonal rhabdomyosarcoma (HP:0006743), Short stature (HP:0004322)-Short stature (HP:0004322), 	Failure to thrive (HP:0001508)-postnatal growth retardation (MP:0001732), Small for gestational age (HP:0001518)-cachexia (MP:0005150), Premature birth (HP:0001622)-postnatal growth retardation (MP:0001732), Rhabdomyosarcoma (HP:0002859)-muscular atrophy (MP:0002269), Skeletal muscle atrophy (HP:0003202)-muscular atrophy (MP:0002269), Short stature (HP:0004322)-postnatal growth retardation (MP:0001732), 				
2	HLA-DRB1_AD	HLA-DRB1	3123	AD	0.0002	0.9624	0.7067	1.0000	0.7067	0.0000	0.0000	0.5029	0.7067	1.0000	0	Sarcoidosis (ORPHA:797): Nephrocalcinosis (HP:0000121)-Nephrocalcinosis (HP:0000121), Failure to thrive (HP:0001508)-Weight loss (HP:0001824), Small for gestational age (HP:0001518)-Weight loss (HP:0001824), Skeletal muscle atrophy (HP:0003202)-Facial palsy (HP:0010628), 			Proximity to SEC24C associated with 22q11.2 deletion syndrome (ORPHA:567): Nephrocalcinosis (HP:0000121)-Multiple renal cysts (HP:0005562), Failure to thrive (HP:0001508)-Failure to thrive (HP:0001508), Small for gestational age (HP:0001518)-Failure to thrive (HP:0001508), Premature birth (HP:0001622)-Polyhydramnios (HP:0001561), Skeletal muscle atrophy (HP:0003202)-Optic atrophy (HP:0000648), Short stature (HP:0004322)-Short stature (HP:0004322), 		Proximity to SEC24C Short stature (HP:0004322)-whole organism decreased length, abnormal (ZP:0000473), 
3	FANCD2_AR	FANCD2	2177	AR	0.0024	0.8871	0.6815	0.9000	0.6815	0.5034	0.2983	0.5104	0.6815	1.0000	0	Fanconi anemia, complementation group D2 (OMIM:227646): Nephrocalcinosis (HP:0000121)-Renal duplication (HP:0000075), Failure to thrive (HP:0001508)-Small for gestational age (HP:0001518), Small for gestational age (HP:0001518)-Small for gestational age (HP:0001518), Premature birth (HP:0001622)-Cryptorchidism (HP:0000028), Short stature (HP:0004322)-Short stature (HP:0004322), 	Failure to thrive (HP:0001508)-postnatal growth retardation (MP:0001732), Small for gestational age (HP:0001518)-decreased body weight (MP:0001262), Premature birth (HP:0001622)-postnatal growth retardation (MP:0001732), Skeletal muscle atrophy (HP:0003202)-decreased body weight (MP:0001262), Short stature (HP:0004322)-postnatal growth retardation (MP:0001732), 	Premature birth (HP:0001622)-male sex determination increased occurrence, abnormal (ZP:0017105), 	Proximity to DCLRE1B associated with Dyskeratosis congenita, autosomal recessive 8 (OMIM:620133): Premature birth (HP:0001622)-Premature birth (HP:0001622), Skeletal muscle atrophy (HP:0003202)-Cerebellar atrophy (HP:0001272), Short stature (HP:0004322)-Intrauterine growth retardation (HP:0001511), 	Proximity to DCLRE1B Skeletal muscle atrophy (HP:0003202)-decreased embryo size (MP:0001698), Short stature (HP:0004322)-decreased embryo size (MP:0001698), 	
4	BUB1B_AD	BUB1B	701	AD	0.0025	0.8838	0.5901	1.0000	0.8134	0.5901	0.0000	0.0000	0.8134	1.0000	0	Mosaic variegated aneuploidy syndrome 1 (OMIM:257300): Nephrocalcinosis (HP:0000121)-Renal cyst (HP:0000107), Failure to thrive (HP:0001508)-Small for gestational age (HP:0001518), Small for gestational age (HP:0001518)-Small for gestational age (HP:0001518), Premature birth (HP:0001622)-Premature chromatid separation (HP:0200024), Rhabdomyosarcoma (HP:0002859)-Embryonal rhabdomyosarcoma (HP:0006743), Short stature (HP:0004322)-Short stature (HP:0004322), 	Failure to thrive (HP:0001508)-postnatal growth retardation (MP:0001732), Small for gestational age (HP:0001518)-cachexia (MP:0005150), Premature birth (HP:0001622)-postnatal growth retardation (MP:0001732), Rhabdomyosarcoma (HP:0002859)-muscular atrophy (MP:0002269), Skeletal muscle atrophy (HP:0003202)-muscular atrophy (MP:0002269), Short stature (HP:0004322)-postnatal growth retardation (MP:0001732), 				
5	HLA-DQA1_AR	HLA-DQA1	3117	AR	0.0031	0.8668	0.5863	0.9873	0.5863	0.0000	0.0000	0.0000	0.5863	1.0000	0	Celiac disease, susceptibility to (OMIM:212750): Nephrocalcinosis (HP:0000121)-Cerebral calcification (HP:0002514), Failure to thrive (HP:0001508)-Failure to thrive (HP:0001508), Small for gestational age (HP:0001518)-Weight loss (HP:0001824), Premature birth (HP:0001622)-Delayed puberty (HP:0000823), Short stature (HP:0004322)-Short stature (HP:0004322), 					
6	ARL9_AD	ARL9	132946	AD	0.0051	0.8210	0.5424	0.9988	0.0000	0.0000	0.0000	0.5424	0.5424	1.0000	0				Proximity to TAPT1 associated with Osteochondrodysplasia, complex lethal, Symoens-Barnes-Gistelinck type (OMIM:616897): Nephrocalcinosis (HP:0000121)-Hydronephrosis (HP:0000126), Failure to thrive (HP:0001508)-Small for gestational age (HP:0001518), Small for gestational age (HP:0001518)-Small for gestational age (HP:0001518), Premature birth (HP:0001622)-Polyhydramnios (HP:0001561), Skeletal muscle atrophy (HP:0003202)-Flexion contracture (HP:0001371), Short stature (HP:0004322)-Intrauterine growth retardation (HP:0001511), 		
7	SERPINA1_AR	SERPINA1	5265	AR	0.0058	0.8074	0.5327	1.0000	0.5327	0.0000	0.0000	0.5012	0.5327	1.0000	0	Cystic fibrosis (ORPHA:586): Nephrocalcinosis (HP:0000121)-Nephrolithiasis (HP:0000787), Failure to thrive (HP:0001508)-Failure to thrive (HP:0001508), Small for gestational age (HP:0001518)-Decreased body mass index (HP:0045082), 			Proximity to SERPINE1 associated with Congenital plasminogen activator inhibitor type 1 deficiency (ORPHA:465): Nephrocalcinosis (HP:0000121)-Menorrhagia (HP:0000132), Premature birth (HP:0001622)-Premature birth (HP:0001622), Skeletal muscle atrophy (HP:0003202)-Intramuscular hematoma (HP:0012233), 	Proximity to SERPINE1 Nephrocalcinosis (HP:0000121)-glomerular crescent (MP:0011506), Failure to thrive (HP:0001508)-decreased body weight (MP:0001262), Small for gestational age (HP:0001518)-decreased body weight (MP:0001262), Rhabdomyosarcoma (HP:0002859)-decreased skeletal muscle triglyceride level (MP:0031414), Skeletal muscle atrophy (HP:0003202)-decreased skeletal muscle triglyceride level (MP:0031414), Short stature (HP:0004322)-decreased body weight (MP:0001262), 	
8	ADAMTS1_AD	ADAMTS1	9510	AD	0.0081	0.7700	0.5122	0.9988	0.0000	0.5122	0.0000	0.5001	0.5122	1.0000	0		Nephrocalcinosis (HP:0000121)-abnormal kidney corticomedullary boundary morphology (MP:0011376), Failure to thrive (HP:0001508)-decreased body weight (MP:0001262), Small for gestational age (HP:0001518)-decreased body weight (MP:0001262), Premature birth (HP:0001622)-impaired embryo implantation (MP:0001729), Skeletal muscle atrophy (HP:0003202)-decreased body weight (MP:0001262), Short stature (HP:0004322)-decreased body weight (MP:0001262), 		Proximity to FBN1 associated with Marfan lipodystrophy syndrome (OMIM:616914): Premature birth (HP:0001622)-Premature birth (HP:0001622), Skeletal muscle atrophy (HP:0003202)-Scapular winging (HP:0003691), Short stature (HP:0004322)-Tall stature (HP:0000098), 	Proximity to FBN1 Nephrocalcinosis (HP:0000121)-calcified aorta (MP:0010522), Failure to thrive (HP:0001508)-hemothorax (MP:0005243), Small for gestational age (HP:0001518)-hemothorax (MP:0005243), Premature birth (HP:0001622)-hemothorax (MP:0005243), Rhabdomyosarcoma (HP:0002859)-diaphragmatic hernia (MP:0003924), Skeletal muscle atrophy (HP:0003202)-diaphragmatic hernia (MP:0003924), Short stature (HP:0004322)-decreased bone volume (MP:0010876), 	
8	ADAMTS1_AR	ADAMTS1	9510	AR	0.0081	0.7700	0.5122	0.9988	0.0000	0.5122	0.0000	0.5001	0.5122	1.0000	0		Nephrocalcinosis (HP:0000121)-abnormal kidney corticomedullary boundary morphology (MP:0011376), Failure to thrive (HP:0001508)-decreased body weight (MP:0001262), Small for gestational age (HP:0001518)-decreased body weight (MP:0001262), Premature birth (HP:0001622)-impaired embryo implantation (MP:0001729), Skeletal muscle atrophy (HP:0003202)-decreased body weight (MP:0001262), Short stature (HP:0004322)-decreased body weight (MP:0001262), 		Proximity to FBN1 associated with Marfan lipodystrophy syndrome (OMIM:616914): Premature birth (HP:0001622)-Premature birth (HP:0001622), Skeletal muscle atrophy (HP:0003202)-Scapular winging (HP:0003691), Short stature (HP:0004322)-Tall stature (HP:0000098), 	Proximity to FBN1 Nephrocalcinosis (HP:0000121)-calcified aorta (MP:0010522), Failure to thrive (HP:0001508)-hemothorax (MP:0005243), Small for gestational age (HP:0001518)-hemothorax (MP:0005243), Premature birth (HP:0001622)-hemothorax (MP:0005243), Rhabdomyosarcoma (HP:0002859)-diaphragmatic hernia (MP:0003924), Skeletal muscle atrophy (HP:0003202)-diaphragmatic hernia (MP:0003924), Short stature (HP:0004322)-decreased bone volume (MP:0010876), 	
10	EIF4EBP1_AD	EIF4EBP1	1978	AD	0.0081	0.7690	0.5105	1.0000	0.0000	0.4419	0.0000	0.5105	0.5105	1.0000	0		Failure to thrive (HP:0001508)-decreased body weight (MP:0001262), Small for gestational age (HP:0001518)-decreased body weight (MP:0001262), Skeletal muscle atrophy (HP:0003202)-decreased body weight (MP:0001262), Short stature (HP:0004322)-decreased body weight (MP:0001262), 		Proximity to MAPKAPK5 associated with Neurocardiofaciodigital syndrome (OMIM:619869): Nephrocalcinosis (HP:0000121)-Vesicoureteral reflux (HP:0000076), Failure to thrive (HP:0001508)-Failure to thrive (HP:0001508), Small for gestational age (HP:0001518)-Small for gestational age (HP:0001518), Short stature (HP:0004322)-Short stature (HP:0004322), 		
11	LZTR1_AD	LZTR1	8216	AD	0.0084	0.7652	0.5085	1.0000	0.4728	0.4951	0.0000	0.5085	0.5085	1.0000	0	Noonan syndrome (ORPHA:648): Nephrocalcinosis (HP:0000121)-Dilatation of the renal pelvis (HP:0010946), Premature birth (HP:0001622)-Thickened nuchal skin fold (HP:0000474), Skeletal muscle atrophy (HP:0003202)-Aplasia/Hypoplasia of the abdominal wall musculature (HP:0010318), Short stature (HP:0004322)-Short stature (HP:0004322), 	Failure to thrive (HP:0001508)-decreased body weight (MP:0001262), Small for gestational age (HP:0001518)-decreased body weight (MP:0001262), Rhabdomyosarcoma (HP:0002859)-decreased cardiac muscle contractility (MP:0005140), Skeletal muscle atrophy (HP:0003202)-increased myocardial fiber size (MP:0004564), Short stature (HP:0004322)-decreased cranium height (MP:0008525), 		Proximity to TBX1 associated with 22q11.2 deletion syndrome (ORPHA:567): Nephrocalcinosis (HP:0000121)-Multiple renal cysts (HP:0005562), Failure to thrive (HP:0001508)-Failure to thrive (HP:0001508), Small for gestational age (HP:0001518)-Failure to thrive (HP:0001508), Premature birth (HP:0001622)-Polyhydramnios (HP:0001561), Skeletal muscle atrophy (HP:0003202)-Optic atrophy (HP:0000648), Short stature (HP:0004322)-Short stature (HP:0004322), 	Proximity to TBX1 Rhabdomyosarcoma (HP:0002859)-vascular smooth muscle hypoplasia (MP:0003814), Skeletal muscle atrophy (HP:0003202)-vascular smooth muscle hypoplasia (MP:0003814), Short stature (HP:0004322)-vascular smooth muscle hypoplasia (MP:0003814), 	Proximity to TBX1 Failure to thrive (HP:0001508)-cell population proliferation decreased rate, abnormal (ZP:0005207), Rhabdomyosarcoma (HP:0002859)-ventral intermandibularis anterior absent, abnormal (ZP:0104520), Skeletal muscle atrophy (HP:0003202)-smooth muscle bulbus arteriosus morphology, abnormal (ZP:0005220), 
12	MUC4_AD	MUC4	4585	AD	0.0090	0.7582	0.5048	1.0000	0.0000	0.4261	0.0000	0.5048	0.5048	1.0000	0		Failure to thrive (HP:0001508)-decreased body weight (MP:0001262), Small for gestational age (HP:0001518)-decreased body weight (MP:0001262), Skeletal muscle atrophy (HP:0003202)-decreased body weight (MP:0001262), Short stature (HP:0004322)-decreased body weight (MP:0001262), 		Proximity to GALNT3 associated with Tumoral calcinosis, hyperphosphatemic, familial, 1 (OMIM:211900): Nephrocalcinosis (HP:0000121)-Nephrocalcinosis (HP:0000121), Skeletal muscle atrophy (HP:0003202)-Calcinosis (HP:0003761), 	Proximity to GALNT3 Nephrocalcinosis (HP:0000121)-nephrocalcinosis (MP:0003197), Rhabdomyosarcoma (HP:0002859)-calcified muscle (MP:0003199), Skeletal muscle atrophy (HP:0003202)-calcified muscle (MP:0003199), 	
13	HLA-A_AD	HLA-A	3105	AD	0.0095	0.7545	0.5029	1.0000	0.0000	0.2736	0.0000	0.5029	0.5029	1.0000	0		Nephrocalcinosis (HP:0000121)-abnormal urinary bladder morphology (MP:0000538), 		Proximity to SEC24C associated with 22q11.2 deletion syndrome (ORPHA:567): Nephrocalcinosis (HP:0000121)-Multiple renal cysts (HP:0005562), Failure to thrive (HP:0001508)-Failure to thrive (HP:0001508), Small for gestational age (HP:0001518)-Failure to thrive (HP:0001508), Premature birth (HP:0001622)-Polyhydramnios (HP:0001561), Skeletal muscle atrophy (HP:0003202)-Optic atrophy (HP:0000648), Short stature (HP:0004322)-Short stature (HP:0004322), 		Proximity to SEC24C Short stature (HP:0004322)-whole organism decreased length, abnormal (ZP:0000473), 
13	HLA-A_AR	HLA-A	3105	AR	0.0095	0.7545	0.5029	1.0000	0.0000	0.2736	0.0000	0.5029	0.5029	1.0000	0		Nephrocalcinosis (HP:0000121)-abnormal urinary bladder morphology (MP:0000538), 		Proximity to SEC24C associated with 22q11.2 deletion syndrome (ORPHA:567): Nephrocalcinosis (HP:0000121)-Multiple renal cysts (HP:0005562), Failure to thrive (HP:0001508)-Failure to thrive (HP:0001508), Small for gestational age (HP:0001518)-Failure to thrive (HP:0001508), Premature birth (HP:0001622)-Polyhydramnios (HP:0001561), Skeletal muscle atrophy (HP:0003202)-Optic atrophy (HP:0000648), Short stature (HP:0004322)-Short stature (HP:0004322), 		Proximity to SEC24C Short stature (HP:0004322)-whole organism decreased length, abnormal (ZP:0000473), 
15	NOMO3_AR	NOMO3	408050	AR	0.0100	0.7516	0.5014	1.0000	0.0000	0.0000	0.0000	0.5014	0.5014	1.0000	0				Proximity to ABCC6 associated with Generalized arterial calcification of infancy (ORPHA:51608): Nephrocalcinosis (HP:0000121)-Nephrocalcinosis (HP:0000121), Failure to thrive (HP:0001508)-Failure to thrive in infancy (HP:0001531), Small for gestational age (HP:0001518)-Failure to thrive in infancy (HP:0001531), Premature birth (HP:0001622)-Polyhydramnios (HP:0001561), 	Proximity to ABCC6 Nephrocalcinosis (HP:0000121)-nephrocalcinosis (MP:0003197), 	Proximity to ABCC6 Short stature (HP:0004322)-whole organism decreased size, abnormal (ZP:0000324), 
16	CACNB1_AD	CACNB1	782	AD	0.0100	0.7513	0.5014	0.9998	0.0000	0.3336	0.3153	0.5014	0.5014	1.0000	0		Rhabdomyosarcoma (HP:0002859)-abnormal muscle physiology (MP:0002106), Skeletal muscle atrophy (HP:0003202)-abnormal skeletal muscle fiber morphology (MP:0003084), 	Rhabdomyosarcoma (HP:0002859)-sarcomere skeletal muscle decreased length, abnormal (ZP:0007127), Skeletal muscle atrophy (HP:0003202)-vertical myoseptum increased distribution, abnormal (ZP:0137917), 	Proximity to CAMK2B associated with Intellectual developmental disorder, autosomal dominant 54 (OMIM:617799): Nephrocalcinosis (HP:0000121)-Urinary retention (HP:0000016), Failure to thrive (HP:0001508)-Small for gestational age (HP:0001518), Small for gestational age (HP:0001518)-Small for gestational age (HP:0001518), Premature birth (HP:0001622)-Fetal distress (HP:0025116), Skeletal muscle atrophy (HP:0003202)-Cerebellar atrophy (HP:0001272), Short stature (HP:0004322)-Short stature (HP:0004322), 	Proximity to CAMK2B Failure to thrive (HP:0001508)-slow postnatal weight gain (MP:0008489), Small for gestational age (HP:0001518)-slow postnatal weight gain (MP:0008489), Premature birth (HP:0001622)-impaired balance (MP:0001525), Skeletal muscle atrophy (HP:0003202)-decreased body size (MP:0001265), Short stature (HP:0004322)-slow postnatal weight gain (MP:0008489), 	
17	TAS2R43_AR	TAS2R43	259289	AR	0.0101	0.7509	0.5010	1.0000	0.0000	0.0000	0.0000	0.5010	0.5010	1.0000	0				Proximity to OXGR1 associated with Nephrolithiasis, calcium oxalate, 2, with nephrocalcinosis (OMIM:620374): Nephrocalcinosis (HP:0000121)-Nephrocalcinosis (HP:0000121), 	Proximity to OXGR1 Nephrocalcinosis (HP:0000121)-decreased urine pH (MP:0009350), 	
18	FLG_AD	FLG	2312	AD	0.0103	0.7498	0.5005	1.0000	0.2872	0.3109	0.0000	0.5005	0.5005	1.0000	0	Recessive X-linked ichthyosis (ORPHA:461): Nephrocalcinosis (HP:0000121)-Cryptorchidism (HP:0000028), Premature birth (HP:0001622)-Desquamation of skin soon after birth (HP:0007549), 	Skeletal muscle atrophy (HP:0003202)-decreased body size (MP:0001265), Short stature (HP:0004322)-decreased body size (MP:0001265), 		Proximity to ABCA12 associated with Ichthyosis, congenital, autosomal recessive 4B (harlequin) (OMIM:242500): Failure to thrive (HP:0001508)-Failure to thrive (HP:0001508), Small for gestational age (HP:0001518)-Failure to thrive (HP:0001508), Premature birth (HP:0001622)-Premature birth (HP:0001622), 	Proximity to ABCA12 Failure to thrive (HP:0001508)-decreased fetal weight (MP:0009431), Small for gestational age (HP:0001518)-decreased fetal weight (MP:0009431), Premature birth (HP:0001622)-decreased fetal weight (MP:0009431), Skeletal muscle atrophy (HP:0003202)-decreased fetal weight (MP:0009431), Short stature (HP:0004322)-decreased fetal weight (MP:0009431), 	
19	HRNR_AD	HRNR	388697	AD	0.0105	0.7493	0.5002	1.0000	0.0000	0.0000	0.0000	0.5002	0.5002	1.0000	0				Proximity to GALK1 associated with Galactokinase deficiency (ORPHA:79237): Nephrocalcinosis (HP:0000121)-Increased level of galactitol in urine (HP:0410062), Failure to thrive (HP:0001508)-Failure to thrive (HP:0001508), Small for gestational age (HP:0001518)-Small for gestational age (HP:0001518), Premature birth (HP:0001622)-Premature birth (HP:0001622), 		
19	HRNR_AR	HRNR	388697	AR	0.0105	0.7493	0.5002	1.0000	0.0000	0.0000	0.0000	0.5002	0.5002	1.0000	0				Proximity to GALK1 associated with Galactokinase deficiency (ORPHA:79237): Nephrocalcinosis (HP:0000121)-Increased level of galactitol in urine (HP:0410062), Failure to thrive (HP:0001508)-Failure to thrive (HP:0001508), Small for gestational age (HP:0001518)-Small for gestational age (HP:0001518), Premature birth (HP:0001622)-Premature birth (HP:0001622), 		
19	SOCS5_AD	SOCS5	9655	AD	0.0105	0.7493	0.5002	1.0000	0.0000	0.0000	0.0000	0.5002	0.5002	1.0000	0				Proximity to IFNG associated with TSC2 angiomyolipomas, renal, modifier of (OMIM:613254): Nephrocalcinosis (HP:0000121)-Renal cyst (HP:0000107), Premature birth (HP:0001622)-Precocious puberty (HP:0000826), Rhabdomyosarcoma (HP:0002859)-Cardiac rhabdomyoma (HP:0009729), 	Proximity to IFNG Nephrocalcinosis (HP:0000121)-glomerulonephritis (MP:0002743), Failure to thrive (HP:0001508)-impaired skeletal muscle regeneration (MP:0013239), Small for gestational age (HP:0001518)-impaired skeletal muscle regeneration (MP:0013239), Premature birth (HP:0001622)-increased fear-related response (MP:0003459), Rhabdomyosarcoma (HP:0002859)-skeletal muscle fibrosis (MP:0009419), Skeletal muscle atrophy (HP:0003202)-skeletal muscle fibrosis (MP:0009419), Short stature (HP:0004322)-impaired skeletal muscle regeneration (MP:0013239), 	Proximity to IFNG Failure to thrive (HP:0001508)-endothelial cell increased rate cell population proliferation, abnormal (ZP:0011956), 
22	ITPKB_AR	ITPKB	3707	AR	0.0105	0.7492	0.5002	1.0000	0.0000	0.4618	0.0000	0.5002	0.5002	1.0000	0		Failure to thrive (HP:0001508)-postnatal growth retardation (MP:0001732), Small for gestational age (HP:0001518)-postnatal growth retardation (MP:0001732), Premature birth (HP:0001622)-postnatal growth retardation (MP:0001732), Short stature (HP:0004322)-postnatal growth retardation (MP:0001732), 		Proximity to PIK3C2A associated with Oculoskeletodental syndrome (OMIM:618440): Nephrocalcinosis (HP:0000121)-Renal agenesis (HP:0000104), Failure to thrive (HP:0001508)-Small for gestational age (HP:0001518), Small for gestational age (HP:0001518)-Small for gestational age (HP:0001518), Premature birth (HP:0001622)-Cryptorchidism (HP:0000028), Skeletal muscle atrophy (HP:0003202)-Macroglossia (HP:0000158), Short stature (HP:0004322)-Short stature (HP:0004322), 	Proximity to PIK3C2A Nephrocalcinosis (HP:0000121)-abnormal kidney morphology (MP:0002135), Failure to thrive (HP:0001508)-postnatal growth retardation (MP:0001732), Small for gestational age (HP:0001518)-decreased body weight (MP:0001262), Premature birth (HP:0001622)-postnatal growth retardation (MP:0001732), Skeletal muscle atrophy (HP:0003202)-decreased body size (MP:0001265), Short stature (HP:0004322)-decreased body size (MP:0001265), 	
23	MTCH2_AD	MTCH2	23788	AD	0.0106	0.7490	0.5001	1.0000	0.0000	0.2580	0.0000	0.5001	0.5001	1.0000	0		Skeletal muscle atrophy (HP:0003202)-decreased embryo size (MP:0001698), Short stature (HP:0004322)-decreased embryo size (MP:0001698), 		Proximity to SEC24C associated with 22q11.2 deletion syndrome (ORPHA:567): Nephrocalcinosis (HP:0000121)-Multiple renal cysts (HP:0005562), Failure to thrive (HP:0001508)-Failure to thrive (HP:0001508), Small for gestational age (HP:0001518)-Failure to thrive (HP:0001508), Premature birth (HP:0001622)-Polyhydramnios (HP:0001561), Skeletal muscle atrophy (HP:0003202)-Optic atrophy (HP:0000648), Short stature (HP:0004322)-Short stature (HP:0004322), 		Proximity to SEC24C Short stature (HP:0004322)-whole organism decreased length, abnormal (ZP:0000473), 
23	THUMPD3_AD	THUMPD3	25917	AD	0.0106	0.7490	0.5000	1.0000	0.0000	0.0000	0.0000	0.5000	0.5000	1.0000	0				Proximity to TRMT10A associated with Primary microcephaly-mild intellectual disability-young-onset diabetes syndrome (ORPHA:391408): Failure to thrive (HP:0001508)-Decreased body weight (HP:0004325), Small for gestational age (HP:0001518)-Small for gestational age (HP:0001518), Premature birth (HP:0001622)-Delayed puberty (HP:0000823), Short stature (HP:0004322)-Proportionate short stature (HP:0003508), 	Proximity to TRMT10A Failure to thrive (HP:0001508)-decreased body weight (MP:0001262), Small for gestational age (HP:0001518)-decreased body weight (MP:0001262), Skeletal muscle atrophy (HP:0003202)-decreased body weight (MP:0001262), Short stature (HP:0004322)-decreased body weight (MP:0001262), 	
23	OR8U1_AD	OR8U1	219417	AD	0.0106	0.7490	0.5000	1.0000	0.0000	0.0000	0.0000	0.5000	0.5000	1.0000	0				Proximity to MEFV associated with Familial Mediterranean fever (ORPHA:342): Nephrocalcinosis (HP:0000121)-Nephrocalcinosis (HP:0000121), Premature birth (HP:0001622)-Orchitis (HP:0100796), 	Proximity to MEFV Failure to thrive (HP:0001508)-postnatal growth retardation (MP:0001732), Small for gestational age (HP:0001518)-decreased body weight (MP:0001262), Premature birth (HP:0001622)-postnatal growth retardation (MP:0001732), Skeletal muscle atrophy (HP:0003202)-decreased body size (MP:0001265), Short stature (HP:0004322)-decreased body size (MP:0001265), 	
23	OR8U1_AR	OR8U1	219417	AR	0.0106	0.7490	0.5000	1.0000	0.0000	0.0000	0.0000	0.5000	0.5000	1.0000	0				Proximity to MEFV associated with Familial Mediterranean fever (ORPHA:342): Nephrocalcinosis (HP:0000121)-Nephrocalcinosis (HP:0000121), Premature birth (HP:0001622)-Orchitis (HP:0100796), 	Proximity to MEFV Failure to thrive (HP:0001508)-postnatal growth retardation (MP:0001732), Small for gestational age (HP:0001518)-decreased body weight (MP:0001262), Premature birth (HP:0001622)-postnatal growth retardation (MP:0001732), Skeletal muscle atrophy (HP:0003202)-decreased body size (MP:0001265), Short stature (HP:0004322)-decreased body size (MP:0001265), 	
23	OR2T2_AD	OR2T2	401992	AD	0.0106	0.7490	0.5000	1.0000	0.0000	0.0000	0.0000	0.5000	0.5000	1.0000	0				Proximity to MEFV associated with Familial Mediterranean fever (ORPHA:342): Nephrocalcinosis (HP:0000121)-Nephrocalcinosis (HP:0000121), Premature birth (HP:0001622)-Orchitis (HP:0100796), 	Proximity to MEFV Failure to thrive (HP:0001508)-postnatal growth retardation (MP:0001732), Small for gestational age (HP:0001518)-decreased body weight (MP:0001262), Premature birth (HP:0001622)-postnatal growth retardation (MP:0001732), Skeletal muscle atrophy (HP:0003202)-decreased body size (MP:0001265), Short stature (HP:0004322)-decreased body size (MP:0001265), 	
23	OR2T35_AR	OR2T35	403244	AR	0.0106	0.7490	0.5000	1.0000	0.0000	0.0000	0.0000	0.5000	0.5000	1.0000	0				Proximity to MEFV associated with Familial Mediterranean fever (ORPHA:342): Nephrocalcinosis (HP:0000121)-Nephrocalcinosis (HP:0000121), Premature birth (HP:0001622)-Orchitis (HP:0100796), 	Proximity to MEFV Failure to thrive (HP:0001508)-postnatal growth retardation (MP:0001732), Small for gestational age (HP:0001518)-decreased body weight (MP:0001262), Premature birth (HP:0001622)-postnatal growth retardation (MP:0001732), Skeletal muscle atrophy (HP:0003202)-decreased body size (MP:0001265), Short stature (HP:0004322)-decreased body size (MP:0001265), 	
29	PCDHA4_AD	PCDHA4	56144	AD	0.0106	0.7489	0.5000	1.0000	0.0000	0.0000	0.0000	0.5000	0.5000	1.0000	0				Proximity to CRIPTO associated with Microform holoprosencephaly (ORPHA:280200): Nephrocalcinosis (HP:0000121)-Renal agenesis (HP:0000104), Premature birth (HP:0001622)-Premature birth (HP:0001622), Skeletal muscle atrophy (HP:0003202)-EMG: myopathic abnormalities (HP:0003458), Short stature (HP:0004322)-Short stature (HP:0004322), 	Proximity to TDGF1 Skeletal muscle atrophy (HP:0003202)-decreased forebrain size (MP:0012138), Short stature (HP:0004322)-decreased forebrain size (MP:0012138), 	
29	PCDHA4_AR	PCDHA4	56144	AR	0.0106	0.7489	0.5000	1.0000	0.0000	0.0000	0.0000	0.5000	0.5000	1.0000	0				Proximity to CRIPTO associated with Microform holoprosencephaly (ORPHA:280200): Nephrocalcinosis (HP:0000121)-Renal agenesis (HP:0000104), Premature birth (HP:0001622)-Premature birth (HP:0001622), Skeletal muscle atrophy (HP:0003202)-EMG: myopathic abnormalities (HP:0003458), Short stature (HP:0004322)-Short stature (HP:0004322), 	Proximity to TDGF1 Skeletal muscle atrophy (HP:0003202)-decreased forebrain size (MP:0012138), Short stature (HP:0004322)-decreased forebrain size (MP:0012138), 	
31	MC3R_AD	MC3R	4159	AD	0.0107	0.7487	0.5024	0.9972	0.0000	0.4337	0.0000	0.5024	0.5024	1.0000	0		Nephrocalcinosis (HP:0000121)-abnormal kidney morphology (MP:0002135), Failure to thrive (HP:0001508)-decreased heart weight (MP:0002834), Small for gestational age (HP:0001518)-decreased heart weight (MP:0002834), Skeletal muscle atrophy (HP:0003202)-small kidney (MP:0002989), Short stature (HP:0004322)-decreased body length (MP:0001258), 		Proximity to PTH1R associated with Metaphyseal chondrodysplasia, Murk Jansen type (OMIM:156400): Nephrocalcinosis (HP:0000121)-Nephrocalcinosis (HP:0000121), Skeletal muscle atrophy (HP:0003202)-Knee flexion contracture (HP:0006380), Short stature (HP:0004322)-Severe short stature (HP:0003510), 	Proximity to PTH1R Failure to thrive (HP:0001508)-postnatal growth retardation (MP:0001732), Small for gestational age (HP:0001518)-postnatal growth retardation (MP:0001732), Premature birth (HP:0001622)-postnatal growth retardation (MP:0001732), Short stature (HP:0004322)-postnatal growth retardation (MP:0001732), 	
32	DEFB121_AD	DEFB121	245934	AD	0.0108	0.7486	0.5000	0.9998	0.0000	0.2303	0.0000	0.5000	0.5000	1.0000	0		Failure to thrive (HP:0001508)-decreased locomotor activity (MP:0001402), Small for gestational age (HP:0001518)-decreased locomotor activity (MP:0001402), Premature birth (HP:0001622)-decreased locomotor activity (MP:0001402), Short stature (HP:0004322)-decreased locomotor activity (MP:0001402), 		Proximity to SLC4A1 associated with Distal renal tubular acidosis 4 with hemolytic anemia (OMIM:611590): Nephrocalcinosis (HP:0000121)-Nephrocalcinosis (HP:0000121), Failure to thrive (HP:0001508)-Failure to thrive (HP:0001508), Small for gestational age (HP:0001518)-Failure to thrive (HP:0001508), Short stature (HP:0004322)-Short stature (HP:0004322), 	Proximity to SLC4A1 Nephrocalcinosis (HP:0000121)-nephrocalcinosis (MP:0003197), Failure to thrive (HP:0001508)-slow postnatal weight gain (MP:0008489), Small for gestational age (HP:0001518)-weight loss (MP:0001263), Premature birth (HP:0001622)-postnatal growth retardation (MP:0001732), Skeletal muscle atrophy (HP:0003202)-kidney medulla atrophy (MP:0011422), Short stature (HP:0004322)-slow postnatal weight gain (MP:0008489), 	Proximity to SLC4A1 Failure to thrive (HP:0001508)-blood circulation decreased rate, abnormal (ZP:0001531), Rhabdomyosarcoma (HP:0002859)-myofibril cardiac muscle cell disorganized, abnormal (ZP:0001545), Skeletal muscle atrophy (HP:0003202)-cardiac muscle cell decreased size, abnormal (ZP:0001543), 
33	ZNF197_AD	ZNF197	10168	AD	0.0115	0.7469	0.5000	0.9988	0.0000	0.0000	0.0000	0.5000	0.5000	1.0000	0				Proximity to ATM associated with Ataxia-telangiectasia (ORPHA:100): Nephrocalcinosis (HP:0000121)-Polycystic ovaries (HP:0000147), Failure to thrive (HP:0001508)-Failure to thrive (HP:0001508), Small for gestational age (HP:0001518)-Failure to thrive (HP:0001508), Premature birth (HP:0001622)-Delayed puberty (HP:0000823), Skeletal muscle atrophy (HP:0003202)-Skeletal muscle atrophy (HP:0003202), Short stature (HP:0004322)-Short stature (HP:0004322), 	Proximity to ATM Failure to thrive (HP:0001508)-postnatal growth retardation (MP:0001732), Small for gestational age (HP:0001518)-decreased body weight (MP:0001262), Premature birth (HP:0001622)-arrest of male meiosis (MP:0008261), Skeletal muscle atrophy (HP:0003202)-decreased body weight (MP:0001262), Short stature (HP:0004322)-postnatal growth retardation (MP:0001732), 	
34	MTCH2_AR	MTCH2	23788	AR	0.0120	0.7457	0.5001	0.9981	0.0000	0.2580	0.0000	0.5001	0.5001	1.0000	0		Skeletal muscle atrophy (HP:0003202)-decreased embryo size (MP:0001698), Short stature (HP:0004322)-decreased embryo size (MP:0001698), 		Proximity to SEC24C associated with 22q11.2 deletion syndrome (ORPHA:567): Nephrocalcinosis (HP:0000121)-Multiple renal cysts (HP:0005562), Failure to thrive (HP:0001508)-Failure to thrive (HP:0001508), Small for gestational age (HP:0001518)-Failure to thrive (HP:0001508), Premature birth (HP:0001622)-Polyhydramnios (HP:0001561), Skeletal muscle atrophy (HP:0003202)-Optic atrophy (HP:0000648), Short stature (HP:0004322)-Short stature (HP:0004322), 		Proximity to SEC24C Short stature (HP:0004322)-whole organism decreased length, abnormal (ZP:0000473), 
35	FOXD4L4_AD	FOXD4L4	349334	AD	0.0184	0.7292	0.5034	0.9850	0.0000	0.0000	0.0000	0.5034	0.5034	1.0000	0				Proximity to PAX7 associated with Rhabdomyosarcoma 2, alveolar (OMIM:268220): Rhabdomyosarcoma (HP:0002859)-Alveolar rhabdomyosarcoma (HP:0006779), 	Proximity to PAX7 Failure to thrive (HP:0001508)-postnatal growth retardation (MP:0001732), Small for gestational age (HP:0001518)-postnatal growth retardation (MP:0001732), Premature birth (HP:0001622)-postnatal growth retardation (MP:0001732), Rhabdomyosarcoma (HP:0002859)-muscle weakness (MP:0000747), Skeletal muscle atrophy (HP:0003202)-thin diaphragm muscle (MP:0000761), Short stature (HP:0004322)-postnatal growth retardation (MP:0001732), 	
36	CDC7_AD	CDC7	8317	AD	0.0205	0.7234	0.5164	0.9671	0.0000	0.0000	0.0000	0.5164	0.5164	1.0000	0				Proximity to SLC17A5 associated with Sialic acid storage disorder, infantile (OMIM:269920): Nephrocalcinosis (HP:0000121)-Nephrotic syndrome (HP:0000100), Failure to thrive (HP:0001508)-Failure to thrive (HP:0001508), Small for gestational age (HP:0001518)-Failure to thrive (HP:0001508), Premature birth (HP:0001622)-Premature birth (HP:0001622), Skeletal muscle atrophy (HP:0003202)-Cerebral atrophy (HP:0002059), Short stature (HP:0004322)-High palate (HP:0000218), 	Proximity to SLC17A5 Failure to thrive (HP:0001508)-postnatal growth retardation (MP:0001732), Small for gestational age (HP:0001518)-postnatal growth retardation (MP:0001732), Premature birth (HP:0001622)-postnatal growth retardation (MP:0001732), Skeletal muscle atrophy (HP:0003202)-decreased body size (MP:0001265), Short stature (HP:0004322)-decreased body size (MP:0001265), 	
37	DDX28_AD	DDX28	55794	AD	0.0245	0.7130	0.5002	0.9799	0.0000	0.0000	0.0000	0.5002	0.5002	1.0000	0				Proximity to ADA2 associated with Diamond-Blackfan anemia (ORPHA:124): Nephrocalcinosis (HP:0000121)-Horseshoe kidney (HP:0000085), Failure to thrive (HP:0001508)-Small for gestational age (HP:0001518), Small for gestational age (HP:0001518)-Small for gestational age (HP:0001518), Premature birth (HP:0001622)-Nonimmune hydrops fetalis (HP:0001790), Rhabdomyosarcoma (HP:0002859)-Osteosarcoma (HP:0002669), Skeletal muscle atrophy (HP:0003202)-Abnormality of the thenar eminence (HP:0001227), Short stature (HP:0004322)-Short stature (HP:0004322), 		
38	TRDMT1_AD	TRDMT1	1787	AD	0.0249	0.7120	0.5000	0.9796	0.0000	0.2408	0.0000	0.5000	0.5000	1.0000	0		Failure to thrive (HP:0001508)-hyperactivity (MP:0001399), Small for gestational age (HP:0001518)-hyperactivity (MP:0001399), Premature birth (HP:0001622)-hyperactivity (MP:0001399), Skeletal muscle atrophy (HP:0003202)-decreased mean platelet volume (MP:0008935), Short stature (HP:0004322)-decreased mean platelet volume (MP:0008935), 		Proximity to CLCN7 associated with Hypopigmentation, organomegaly, and delayed myelination and development (OMIM:618541): Nephrocalcinosis (HP:0000121)-Reduced renal corticomedullary differentiation (HP:0005565), Premature birth (HP:0001622)-Premature birth (HP:0001622), Skeletal muscle atrophy (HP:0003202)-Cerebellar atrophy (HP:0001272), Short stature (HP:0004322)-Short stature (HP:0004322), 	Proximity to CLCN7 Failure to thrive (HP:0001508)-postnatal growth retardation (MP:0001732), Small for gestational age (HP:0001518)-decreased body weight (MP:0001262), Premature birth (HP:0001622)-postnatal growth retardation (MP:0001732), Skeletal muscle atrophy (HP:0003202)-decreased body weight (MP:0001262), Short stature (HP:0004322)-postnatal growth retardation (MP:0001732), 	Proximity to CLCN7 Short stature (HP:0004322)-whole organism decreased length, abnormal (ZP:0000473), 
39	SLC6A13_AD	SLC6A13	6540	AD	0.0275	0.7054	0.5001	0.9760	0.0000	0.0000	0.0000	0.5001	0.5001	1.0000	0				Proximity to ATP8B1 associated with Intrahepatic cholestasis of pregnancy (ORPHA:69665): Failure to thrive (HP:0001508)-Small for gestational age (HP:0001518), Small for gestational age (HP:0001518)-Small for gestational age (HP:0001518), Premature birth (HP:0001622)-Premature birth (HP:0001622), 	Proximity to ATP8B1 Failure to thrive (HP:0001508)-postnatal growth retardation (MP:0001732), Small for gestational age (HP:0001518)-postnatal growth retardation (MP:0001732), Premature birth (HP:0001622)-postnatal growth retardation (MP:0001732), Short stature (HP:0004322)-postnatal growth retardation (MP:0001732), 	
40	RCAN3_AD	RCAN3	11123	AD	0.0307	0.6965	0.5000	0.9714	0.0000	0.0000	0.0000	0.5000	0.5000	1.0000	0				Proximity to NEB associated with Severe congenital nemaline myopathy (ORPHA:171430): Nephrocalcinosis (HP:0000121)-Hypospadias (HP:0000047), Premature birth (HP:0001622)-Premature birth (HP:0001622), Skeletal muscle atrophy (HP:0003202)-Skeletal muscle atrophy (HP:0003202), 	Proximity to NEB Failure to thrive (HP:0001508)-postnatal growth retardation (MP:0001732), Small for gestational age (HP:0001518)-postnatal growth retardation (MP:0001732), Premature birth (HP:0001622)-postnatal growth retardation (MP:0001732), Rhabdomyosarcoma (HP:0002859)-abnormal muscle physiology (MP:0002106), Skeletal muscle atrophy (HP:0003202)-abnormal skeletal muscle fiber morphology (MP:0003084), Short stature (HP:0004322)-postnatal growth retardation (MP:0001732), 	Proximity to NEB Rhabdomyosarcoma (HP:0002859)-muscle refractivity, abnormal (ZP:0001509), Skeletal muscle atrophy (HP:0003202)-skeletal muscle decreased size, abnormal (ZP:0004709), Short stature (HP:0004322)-whole organism decreased size, abnormal (ZP:0000324), 
41	SH3BP2_AD	SH3BP2	6452	AD	0.0370	0.6796	0.5014	0.9612	0.1836	0.3338	0.0000	0.5014	0.5014	1.0000	0	Cherubism (ORPHA:184): Skeletal muscle atrophy (HP:0003202)-Optic atrophy (HP:0000648), 	Rhabdomyosarcoma (HP:0002859)-myositis (MP:0004510), Skeletal muscle atrophy (HP:0003202)-alveolar process atrophy (MP:0030466), Short stature (HP:0004322)-decreased trabecular bone volume (MP:0010879), 		Proximity to HLA-DRB1 associated with Sarcoidosis (ORPHA:797): Nephrocalcinosis (HP:0000121)-Nephrocalcinosis (HP:0000121), Failure to thrive (HP:0001508)-Weight loss (HP:0001824), Small for gestational age (HP:0001518)-Weight loss (HP:0001824), Skeletal muscle atrophy (HP:0003202)-Facial palsy (HP:0010628), 		
42	SIM2_AD	SIM2	6493	AD	0.0392	0.6735	0.5007	0.9590	0.0000	0.1890	0.0000	0.5007	0.5007	1.0000	0		Skeletal muscle atrophy (HP:0003202)-decreased palatal length (MP:0003760), Short stature (HP:0004322)-decreased palatal length (MP:0003760), 		Proximity to SHH associated with Microform holoprosencephaly (ORPHA:280200): Nephrocalcinosis (HP:0000121)-Renal agenesis (HP:0000104), Premature birth (HP:0001622)-Premature birth (HP:0001622), Skeletal muscle atrophy (HP:0003202)-EMG: myopathic abnormalities (HP:0003458), Short stature (HP:0004322)-Short stature (HP:0004322), 	Proximity to SHH Failure to thrive (HP:0001508)-decreased body weight (MP:0001262), Small for gestational age (HP:0001518)-decreased body weight (MP:0001262), Skeletal muscle atrophy (HP:0003202)-decreased body weight (MP:0001262), Short stature (HP:0004322)-decreased body weight (MP:0001262), 	Proximity to SHH Rhabdomyosarcoma (HP:0002859)-myoseptum quality, abnormal (ZP:0003289), Skeletal muscle atrophy (HP:0003202)-horizontal myoseptum hypoplastic, abnormal (ZP:0005400), Short stature (HP:0004322)-blood circulation delayed, abnormal (ZP:0007527), 
43	CD82_AD	CD82	3732	AD	0.0521	0.6362	0.5001	0.9418	0.0000	0.0000	0.0000	0.5001	0.5001	1.0000	0				Proximity to NGLY1 associated with Alacrimia-choreoathetosis-liver dysfunction syndrome (ORPHA:404454): Nephrocalcinosis (HP:0000121)-Tarsal sclerosis (HP:0031051), Failure to thrive (HP:0001508)-Failure to thrive (HP:0001508), Small for gestational age (HP:0001518)-Small for gestational age (HP:0001518), Skeletal muscle atrophy (HP:0003202)-Cerebellar atrophy (HP:0001272), Short stature (HP:0004322)-Delayed myelination (HP:0012448), 		
44	ACLY_AD	ACLY	47	AD	0.0562	0.6245	0.5066	0.9289	0.0000	0.0000	0.2601	0.5066	0.5066	1.0000	0			Rhabdomyosarcoma (HP:0002859)-acetylcholine-gated channel complex myotome increased area, abnormal (ZP:0018478), Skeletal muscle atrophy (HP:0003202)-acetylcholine-gated channel complex myotome increased area, abnormal (ZP:0018478), 	Proximity to ACADVL associated with Very long chain acyl-CoA dehydrogenase deficiency (ORPHA:26793): Failure to thrive (HP:0001508)-Small for gestational age (HP:0001518), Small for gestational age (HP:0001518)-Small for gestational age (HP:0001518), Skeletal muscle atrophy (HP:0003202)-Exercise-induced rhabdomyolysis (HP:0009045), 	Proximity to ACADVL Failure to thrive (HP:0001508)-increased body weight (MP:0001260), Small for gestational age (HP:0001518)-increased body weight (MP:0001260), Rhabdomyosarcoma (HP:0002859)-cardiomyopathy (MP:0005330), Skeletal muscle atrophy (HP:0003202)-abnormal skeletal muscle fiber morphology (MP:0003084), Short stature (HP:0004322)-increased body weight (MP:0001260), 	
45	IRX4_AD	IRX4	50805	AD	0.0573	0.6212	0.5004	0.9344	0.0000	0.3190	0.0000	0.5004	0.5004	1.0000	0		Failure to thrive (HP:0001508)-increased heart right atrium weight (MP:0011917), Small for gestational age (HP:0001518)-increased heart right atrium weight (MP:0011917), Rhabdomyosarcoma (HP:0002859)-cardiomyopathy (MP:0005330), Skeletal muscle atrophy (HP:0003202)-cardiomyopathy (MP:0005330), 		Proximity to IQSEC2 associated with Smith-Magenis syndrome (ORPHA:819): Nephrocalcinosis (HP:0000121)-Renal hypoplasia/aplasia (HP:0008678), Failure to thrive (HP:0001508)-Failure to thrive in infancy (HP:0001531), Small for gestational age (HP:0001518)-Failure to thrive in infancy (HP:0001531), Premature birth (HP:0001622)-Precocious puberty (HP:0000826), Short stature (HP:0004322)-Short stature (HP:0004322), 	Proximity to IQSEC2 Failure to thrive (HP:0001508)-postnatal growth retardation (MP:0001732), Small for gestational age (HP:0001518)-postnatal growth retardation (MP:0001732), Premature birth (HP:0001622)-postnatal growth retardation (MP:0001732), Short stature (HP:0004322)-postnatal growth retardation (MP:0001732), 	
46	ZDHHC13_AD	ZDHHC13	54503	AD	0.0574	0.6209	0.6192	0.7997	0.0000	0.6192	0.0000	0.5000	0.6192	1.0000	0		Nephrocalcinosis (HP:0000121)-abnormal renal glomerulus morphology (MP:0005325), Failure to thrive (HP:0001508)-slow postnatal weight gain (MP:0008489), Small for gestational age (HP:0001518)-cachexia (MP:0005150), Premature birth (HP:0001622)-slow postnatal weight gain (MP:0008489), Rhabdomyosarcoma (HP:0002859)-muscular atrophy (MP:0002269), Skeletal muscle atrophy (HP:0003202)-muscular atrophy (MP:0002269), Short stature (HP:0004322)-slow postnatal weight gain (MP:0008489), 		Proximity to HSPG2 associated with Schwartz-Jampel syndrome (ORPHA:800): Nephrocalcinosis (HP:0000121)-Nephrolithiasis (HP:0000787), Failure to thrive (HP:0001508)-Decreased body weight (HP:0004325), Small for gestational age (HP:0001518)-Decreased body weight (HP:0004325), Premature birth (HP:0001622)-Prenatal movement abnormality (HP:0001557), Skeletal muscle atrophy (HP:0003202)-Skeletal muscle atrophy (HP:0003202), Short stature (HP:0004322)-Short stature (HP:0004322), 	Proximity to HSPG2 Failure to thrive (HP:0001508)-decreased body weight (MP:0001262), Small for gestational age (HP:0001518)-decreased body weight (MP:0001262), Premature birth (HP:0001622)-delayed bone ossification (MP:0000060), Rhabdomyosarcoma (HP:0002859)-abnormal muscle morphology (MP:0002108), Skeletal muscle atrophy (HP:0003202)-abnormal muscle morphology (MP:0002108), Short stature (HP:0004322)-decreased cranium height (MP:0008525), 	Proximity to HSPG2 Rhabdomyosarcoma (HP:0002859)-mitochondrial matrix trunk musculature absent, abnormal (ZP:0009155), Skeletal muscle atrophy (HP:0003202)-trunk musculature dystrophic, abnormal (ZP:0001496), Short stature (HP:0004322)-whole organism decreased length, abnormal (ZP:0000473), 
47	COL7A1_AD	COL7A1	1294	AD	0.0580	0.6195	0.5032	0.9304	0.5112	0.4964	0.0000	0.5032	0.5112	1.0000	0	Autosomal recessive generalized dystrophic epidermolysis bullosa, severe form (ORPHA:79408): Nephrocalcinosis (HP:0000121)-Renal amyloidosis (HP:0001917), Premature birth (HP:0001622)-Delayed puberty (HP:0000823), Rhabdomyosarcoma (HP:0002859)-Cutaneous melanoma (HP:0012056), Skeletal muscle atrophy (HP:0003202)-Atrophic scars (HP:0001075), Short stature (HP:0004322)-Growth delay (HP:0001510), 	Failure to thrive (HP:0001508)-slow postnatal weight gain (MP:0008489), Small for gestational age (HP:0001518)-slow postnatal weight gain (MP:0008489), Premature birth (HP:0001622)-slow postnatal weight gain (MP:0008489), Skeletal muscle atrophy (HP:0003202)-slow postnatal weight gain (MP:0008489), Short stature (HP:0004322)-slow postnatal weight gain (MP:0008489), 		Proximity to COL5A1 associated with Classical Ehlers-Danlos syndrome (ORPHA:287): Nephrocalcinosis (HP:0000121)-Bladder diverticulum (HP:0000015), Premature birth (HP:0001622)-Premature birth (HP:0001622), Skeletal muscle atrophy (HP:0003202)-Atrophic scars (HP:0001075), 	Proximity to COL5A1 Skeletal muscle atrophy (HP:0003202)-thin dermal layer (MP:0001244), Short stature (HP:0004322)-thin dermal layer (MP:0001244), 	
48	PITPNM2_AD	PITPNM2	57605	AD	0.0582	0.6189	0.5000	0.9338	0.0000	0.0000	0.0000	0.5000	0.5000	1.0000	0				Proximity to MUSK associated with Fetal akinesia deformation sequence 1 (OMIM:208150): Nephrocalcinosis (HP:0000121)-Small placenta (HP:0006266), Failure to thrive (HP:0001508)-Small for gestational age (HP:0001518), Small for gestational age (HP:0001518)-Small for gestational age (HP:0001518), Premature birth (HP:0001622)-Premature birth (HP:0001622), Skeletal muscle atrophy (HP:0003202)-Generalized amyotrophy (HP:0003700), Short stature (HP:0004322)-Intrauterine growth retardation (HP:0001511), 	Proximity to MUSK Failure to thrive (HP:0001508)-decreased body weight (MP:0001262), Small for gestational age (HP:0001518)-decreased body weight (MP:0001262), Premature birth (HP:0001622)-impaired coordination (MP:0001405), Rhabdomyosarcoma (HP:0002859)-abnormal muscle electrophysiology (MP:0004145), Skeletal muscle atrophy (HP:0003202)-thin diaphragm muscle (MP:0000761), Short stature (HP:0004322)-decreased body weight (MP:0001262), 	Proximity to MUSK Failure to thrive (HP:0001508)-axon extension process quality, abnormal (ZP:0001660), Small for gestational age (HP:0001518)-axon extension process quality, abnormal (ZP:0001660), Rhabdomyosarcoma (HP:0002859)-extracellular matrix myotome absent, abnormal (ZP:0018899), Skeletal muscle atrophy (HP:0003202)-extracellular matrix myotome absent, abnormal (ZP:0018899), Short stature (HP:0004322)-axon extension process quality, abnormal (ZP:0001660), 
49	MUC4_AR	MUC4	4585	AR	0.0606	0.6116	0.5048	0.9250	0.0000	0.4261	0.0000	0.5048	0.5048	1.0000	0		Failure to thrive (HP:0001508)-decreased body weight (MP:0001262), Small for gestational age (HP:0001518)-decreased body weight (MP:0001262), Skeletal muscle atrophy (HP:0003202)-decreased body weight (MP:0001262), Short stature (HP:0004322)-decreased body weight (MP:0001262), 		Proximity to GALNT3 associated with Tumoral calcinosis, hyperphosphatemic, familial, 1 (OMIM:211900): Nephrocalcinosis (HP:0000121)-Nephrocalcinosis (HP:0000121), Skeletal muscle atrophy (HP:0003202)-Calcinosis (HP:0003761), 	Proximity to GALNT3 Nephrocalcinosis (HP:0000121)-nephrocalcinosis (MP:0003197), Rhabdomyosarcoma (HP:0002859)-calcified muscle (MP:0003199), Skeletal muscle atrophy (HP:0003202)-calcified muscle (MP:0003199), 	
50	CDK11A_AD	CDK11A	728642	AD	0.0677	0.5898	0.5005	0.9200	0.0000	0.0000	0.0000	0.5005	0.5005	1.0000	0				Proximity to AR associated with Non-syndromic posterior hypospadias (ORPHA:95706): Nephrocalcinosis (HP:0000121)-Urethral diverticulum (HP:0008722), Failure to thrive (HP:0001508)-Small for gestational age (HP:0001518), Small for gestational age (HP:0001518)-Small for gestational age (HP:0001518), Premature birth (HP:0001622)-Cryptorchidism (HP:0000028), Skeletal muscle atrophy (HP:0003202)-Congenital diaphragmatic hernia (HP:0000776), 	Proximity to AR Nephrocalcinosis (HP:0000121)-distended urinary bladder (MP:0000539), Failure to thrive (HP:0001508)-decreased body weight (MP:0001262), Small for gestational age (HP:0001518)-decreased body weight (MP:0001262), Rhabdomyosarcoma (HP:0002859)-myopathy (MP:0000751), Skeletal muscle atrophy (HP:0003202)-skeletal muscle fiber atrophy (MP:0009413), Short stature (HP:0004322)-decreased body size (MP:0001265), 	Proximity to AR Failure to thrive (HP:0001508)-fertilization decreased rate, abnormal (ZP:0106154), Premature birth (HP:0001622)-fertilization decreased rate, abnormal (ZP:0106154), Short stature (HP:0004322)-spermatogenesis delayed, abnormal (ZP:0012632), 
51	PARP4_AD	PARP4	143	AD	0.0687	0.5868	0.5010	0.9181	0.0000	0.4227	0.0000	0.5010	0.5010	1.0000	0		Nephrocalcinosis (HP:0000121)-abnormal kidney morphology (MP:0002135), Failure to thrive (HP:0001508)-decreased exploration in new environment (MP:0001417), Small for gestational age (HP:0001518)-decreased exploration in new environment (MP:0001417), Premature birth (HP:0001622)-decreased exploration in new environment (MP:0001417), Skeletal muscle atrophy (HP:0003202)-small kidney (MP:0002989), Short stature (HP:0004322)-small kidney (MP:0002989), 		Proximity to TBL1XR1 associated with Pierpont syndrome (ORPHA:487825): Nephrocalcinosis (HP:0000121)-Cryptorchidism (HP:0000028), Failure to thrive (HP:0001508)-Small for gestational age (HP:0001518), Small for gestational age (HP:0001518)-Small for gestational age (HP:0001518), Premature birth (HP:0001622)-Cryptorchidism (HP:0000028), Short stature (HP:0004322)-High forehead (HP:0000348), 	Proximity to TBL1XR1 Failure to thrive (HP:0001508)-decreased body weight (MP:0001262), Small for gestational age (HP:0001518)-decreased body weight (MP:0001262), Skeletal muscle atrophy (HP:0003202)-decreased body weight (MP:0001262), Short stature (HP:0004322)-decreased body weight (MP:0001262), 	
52	ZNF254_AD	ZNF254	9534	AD	0.0712	0.5792	0.4374	0.9867	0.0000	0.4374	0.0000	0.0000	0.4374	1.0000	0		Nephrocalcinosis (HP:0000121)-abnormal kidney morphology (MP:0002135), Rhabdomyosarcoma (HP:0002859)-abnormal smooth muscle morphology (MP:0000767), Skeletal muscle atrophy (HP:0003202)-abnormal smooth muscle morphology (MP:0000767), Short stature (HP:0004322)-small kidney (MP:0002989), 				
53	SMC4_AD	SMC4	10051	AD	0.0723	0.5758	0.5129	0.8997	0.0000	0.0000	0.0000	0.5129	0.5129	1.0000	0				Proximity to NCAPD3 associated with Microcephaly 22, primary, autosomal recessive (OMIM:617984): Failure to thrive (HP:0001508)-Small for gestational age (HP:0001518), Small for gestational age (HP:0001518)-Small for gestational age (HP:0001518), Skeletal muscle atrophy (HP:0003202)-Limb hypertonia (HP:0002509), Short stature (HP:0004322)-Short stature (HP:0004322), 		
54	KMT2B_AD	KMT2B	9757	AD	0.0752	0.5670	0.5075	0.9018	0.4511	0.2426	0.0000	0.5075	0.5075	1.0000	0	Dystonia 28 (ORPHA:589618): Premature birth (HP:0001622)-Precocious puberty (HP:0000826), Skeletal muscle atrophy (HP:0003202)-Torticollis (HP:0000473), Short stature (HP:0004322)-Short stature (HP:0004322), 	Failure to thrive (HP:0001508)-decreased epididymal fat pad weight (MP:0009289), Small for gestational age (HP:0001518)-decreased epididymal fat pad weight (MP:0009289), 		Proximity to BRD4 associated with Cornelia de Lange syndrome (ORPHA:199): Nephrocalcinosis (HP:0000121)-Multicystic kidney dysplasia (HP:0000003), Failure to thrive (HP:0001508)-Failure to thrive (HP:0001508), Small for gestational age (HP:0001518)-Failure to thrive (HP:0001508), Premature birth (HP:0001622)-Premature birth (HP:0001622), Skeletal muscle atrophy (HP:0003202)-Congenital diaphragmatic hernia (HP:0000776), Short stature (HP:0004322)-Short stature (HP:0004322), 	Proximity to BRD4 Nephrocalcinosis (HP:0000121)-nephrocalcinosis (MP:0003197), 	
55	MBTPS1_AR	MBTPS1	8720	AR	0.0798	0.5528	0.6306	0.7563	0.6306	0.2510	0.0000	0.5029	0.6306	1.0000	0	?Spondyloepiphyseal dysplasia, Kondo-Fu type (OMIM:618392): Failure to thrive (HP:0001508)-Decreased body weight (HP:0004325), Small for gestational age (HP:0001518)-Small for gestational age (HP:0001518), Short stature (HP:0004322)-Short stature (HP:0004322), 	Failure to thrive (HP:0001508)-hypopigmentation (MP:0005408), Small for gestational age (HP:0001518)-hypopigmentation (MP:0005408), Premature birth (HP:0001622)-hypopigmentation (MP:0005408), Short stature (HP:0004322)-hypopigmentation (MP:0005408), 		Proximity to SEC24C associated with 22q11.2 deletion syndrome (ORPHA:567): Nephrocalcinosis (HP:0000121)-Multiple renal cysts (HP:0005562), Failure to thrive (HP:0001508)-Failure to thrive (HP:0001508), Small for gestational age (HP:0001518)-Failure to thrive (HP:0001508), Premature birth (HP:0001622)-Polyhydramnios (HP:0001561), Skeletal muscle atrophy (HP:0003202)-Optic atrophy (HP:0000648), Short stature (HP:0004322)-Short stature (HP:0004322), 		Proximity to SEC24C Short stature (HP:0004322)-whole organism decreased length, abnormal (ZP:0000473), 
56	CYP1A1_AD	CYP1A1	1543	AD	0.0946	0.5056	0.5074	0.8750	0.0000	0.3738	0.0000	0.5074	0.5074	1.0000	0		Failure to thrive (HP:0001508)-increased susceptibility to weight loss (MP:0010180), Small for gestational age (HP:0001518)-increased susceptibility to weight loss (MP:0010180), Skeletal muscle atrophy (HP:0003202)-decreased spleen weight (MP:0004953), Short stature (HP:0004322)-increased susceptibility to weight loss (MP:0010180), 		Proximity to CYB5A associated with Hereditary methemoglobinemia (ORPHA:621): Failure to thrive (HP:0001508)-Small for gestational age (HP:0001518), Small for gestational age (HP:0001518)-Small for gestational age (HP:0001518), Skeletal muscle atrophy (HP:0003202)-Cerebellar atrophy (HP:0001272), Short stature (HP:0004322)-Delayed myelination (HP:0012448), 		
57	PRAMEF10_AD	PRAMEF10	343071	AD	0.1003	0.4876	0.3901	1.0000	0.0000	0.3901	0.0000	0.0000	0.3901	1.0000	0		Nephrocalcinosis (HP:0000121)-abnormal kidney morphology (MP:0002135), Skeletal muscle atrophy (HP:0003202)-small heart (MP:0002188), Short stature (HP:0004322)-small heart (MP:0002188), 				
57	PRAMEF13_AR	PRAMEF13	400736	AR	0.1003	0.4876	0.3901	1.0000	0.0000	0.3901	0.0000	0.0000	0.3901	1.0000	0		Nephrocalcinosis (HP:0000121)-abnormal kidney morphology (MP:0002135), Skeletal muscle atrophy (HP:0003202)-small heart (MP:0002188), Short stature (HP:0004322)-small heart (MP:0002188), 				
57	PRAMEF33_AD	PRAMEF33	645382	AD	0.1003	0.4876	0.3901	1.0000	0.0000	0.3901	0.0000	0.0000	0.3901	1.0000	0		Nephrocalcinosis (HP:0000121)-abnormal kidney morphology (MP:0002135), Skeletal muscle atrophy (HP:0003202)-small heart (MP:0002188), Short stature (HP:0004322)-small heart (MP:0002188), 				
60	PARP4_AR	PARP4	143	AR	0.1114	0.4523	0.5010	0.8591	0.0000	0.4227	0.0000	0.5010	0.5010	1.0000	0		Nephrocalcinosis (HP:0000121)-abnormal kidney morphology (MP:0002135), Failure to thrive (HP:0001508)-decreased exploration in new environment (MP:0001417), Small for gestational age (HP:0001518)-decreased exploration in new environment (MP:0001417), Premature birth (HP:0001622)-decreased exploration in new environment (MP:0001417), Skeletal muscle atrophy (HP:0003202)-small kidney (MP:0002989), Short stature (HP:0004322)-small kidney (MP:0002989), 		Proximity to TBL1XR1 associated with Pierpont syndrome (ORPHA:487825): Nephrocalcinosis (HP:0000121)-Cryptorchidism (HP:0000028), Failure to thrive (HP:0001508)-Small for gestational age (HP:0001518), Small for gestational age (HP:0001518)-Small for gestational age (HP:0001518), Premature birth (HP:0001622)-Cryptorchidism (HP:0000028), Short stature (HP:0004322)-High forehead (HP:0000348), 	Proximity to TBL1XR1 Failure to thrive (HP:0001508)-decreased body weight (MP:0001262), Small for gestational age (HP:0001518)-decreased body weight (MP:0001262), Skeletal muscle atrophy (HP:0003202)-decreased body weight (MP:0001262), Short stature (HP:0004322)-decreased body weight (MP:0001262), 	
61	SPATA13_AD	SPATA13	221178	AD	0.1136	0.4462	0.5005	0.8569	0.0000	0.0000	0.0000	0.5005	0.5005	1.0000	0				Proximity to HRAS associated with Congenital myopathy with excess of muscle spindles (OMIM:218040): Nephrocalcinosis (HP:0000121)-Renal insufficiency (HP:0000083), Failure to thrive (HP:0001508)-Failure to thrive (HP:0001508), Small for gestational age (HP:0001518)-Failure to thrive (HP:0001508), Premature birth (HP:0001622)-Premature birth (HP:0001622), Rhabdomyosarcoma (HP:0002859)-Rhabdomyosarcoma (HP:0002859), Skeletal muscle atrophy (HP:0003202)-Macroglossia (HP:0000158), Short stature (HP:0004322)-Short stature (HP:0004322), 	Proximity to HRAS Nephrocalcinosis (HP:0000121)-renal fibrosis (MP:0003985), Rhabdomyosarcoma (HP:0002859)-heart right ventricle hypertrophy (MP:0000276), Skeletal muscle atrophy (HP:0003202)-heart right ventricle hypertrophy (MP:0000276), Short stature (HP:0004322)-short nasal bridge (MP:0030036), 	
62	KDM6B_AD	KDM6B	23135	AD	0.1156	0.4403	0.5043	0.8500	0.1588	0.4174	0.0000	0.5043	0.5043	1.0000	0	Stolerman neurodevelopmental syndrome (OMIM:618505): Nephrocalcinosis (HP:0000121)-Cryptorchidism (HP:0000028), Premature birth (HP:0001622)-Cryptorchidism (HP:0000028), 	Failure to thrive (HP:0001508)-decreased fetal weight (MP:0009431), Small for gestational age (HP:0001518)-decreased fetal weight (MP:0009431), Premature birth (HP:0001622)-decreased fetal size (MP:0004200), Skeletal muscle atrophy (HP:0003202)-short limbs (MP:0000547), Short stature (HP:0004322)-delayed endochondral bone ossification (MP:0003419), 		Proximity to KMT2D associated with Kabuki syndrome (ORPHA:2322): Nephrocalcinosis (HP:0000121)-Renal hypoplasia/aplasia (HP:0008678), Failure to thrive (HP:0001508)-Failure to thrive (HP:0001508), Small for gestational age (HP:0001518)-Failure to thrive (HP:0001508), Premature birth (HP:0001622)-Precocious puberty (HP:0000826), Skeletal muscle atrophy (HP:0003202)-Congenital diaphragmatic hernia (HP:0000776), Short stature (HP:0004322)-Short stature (HP:0004322), 	Proximity to KMT2D Failure to thrive (HP:0001508)-decreased body weight (MP:0001262), Small for gestational age (HP:0001518)-decreased body weight (MP:0001262), Skeletal muscle atrophy (HP:0003202)-decreased body size (MP:0001265), Short stature (HP:0004322)-decreased body size (MP:0001265), 	
63	ESRRA_AD	ESRRA	2101	AD	0.1179	0.4334	0.5016	0.8500	0.0000	0.4414	0.2419	0.5016	0.5016	1.0000	0		Failure to thrive (HP:0001508)-decreased body weight (MP:0001262), Small for gestational age (HP:0001518)-decreased body weight (MP:0001262), Skeletal muscle atrophy (HP:0003202)-decreased body weight (MP:0001262), Short stature (HP:0004322)-decreased body weight (MP:0001262), 	Rhabdomyosarcoma (HP:0002859)-myotome increased amount, abnormal (ZP:0019265), Skeletal muscle atrophy (HP:0003202)-myotome increased amount, abnormal (ZP:0019265), 	Proximity to HNF4A associated with Fanconi renotubular syndrome 4, with maturity-onset diabetes of the young (OMIM:616026): Nephrocalcinosis (HP:0000121)-Nephrocalcinosis (HP:0000121), Failure to thrive (HP:0001508)-Large for gestational age (HP:0001520), Small for gestational age (HP:0001518)-Large for gestational age (HP:0001520), Short stature (HP:0004322)-Short stature (HP:0004322), 	Proximity to HNF4A Failure to thrive (HP:0001508)-decreased body weight (MP:0001262), Small for gestational age (HP:0001518)-decreased body weight (MP:0001262), Skeletal muscle atrophy (HP:0003202)-decreased body weight (MP:0001262), Short stature (HP:0004322)-decreased body weight (MP:0001262), 	
64	MLC1_AR	MLC1	23209	AR	0.1186	0.4313	0.5008	0.8500	0.0000	0.2011	0.0000	0.5008	0.5008	1.0000	0		Failure to thrive (HP:0001508)-increased brain weight (MP:0002176), Small for gestational age (HP:0001518)-increased brain weight (MP:0002176), 		Proximity to PRKAR1A associated with Acrodysostosis 1, with or without hormone resistance (OMIM:101800): Nephrocalcinosis (HP:0000121)-Unilateral renal agenesis (HP:0000122), Failure to thrive (HP:0001508)-Small for gestational age (HP:0001518), Small for gestational age (HP:0001518)-Small for gestational age (HP:0001518), Premature birth (HP:0001622)-Cryptorchidism (HP:0000028), Skeletal muscle atrophy (HP:0003202)-Optic atrophy (HP:0000648), Short stature (HP:0004322)-Short stature (HP:0004322), 	Proximity to PRKAR1A Nephrocalcinosis (HP:0000121)-abnormal urine homeostasis (MP:0009643), Failure to thrive (HP:0001508)-postnatal growth retardation (MP:0001732), Small for gestational age (HP:0001518)-postnatal growth retardation (MP:0001732), Premature birth (HP:0001622)-postnatal growth retardation (MP:0001732), Skeletal muscle atrophy (HP:0003202)-decreased bone volume (MP:0010876), Short stature (HP:0004322)-delayed endochondral bone ossification (MP:0003419), 	
65	FMNL2_AR	FMNL2	114793	AR	0.1193	0.4294	0.5000	0.8500	0.0000	0.1696	0.0000	0.5000	0.5000	1.0000	0		Skeletal muscle atrophy (HP:0003202)-short tibia (MP:0002764), Short stature (HP:0004322)-short tibia (MP:0002764), 		Proximity to DIAPH1 associated with Progressive microcephaly-seizures-cortical blindness-developmental delay syndrome (ORPHA:477814): Failure to thrive (HP:0001508)-Decreased body weight (HP:0004325), Small for gestational age (HP:0001518)-Decreased body weight (HP:0004325), Premature birth (HP:0001622)-Delayed puberty (HP:0000823), Skeletal muscle atrophy (HP:0003202)-Skeletal muscle atrophy (HP:0003202), Short stature (HP:0004322)-Short stature (HP:0004322), 	Proximity to DIAPH1 Failure to thrive (HP:0001508)-postnatal growth retardation (MP:0001732), Small for gestational age (HP:0001518)-postnatal growth retardation (MP:0001732), Premature birth (HP:0001622)-postnatal growth retardation (MP:0001732), Short stature (HP:0004322)-postnatal growth retardation (MP:0001732), 	
66	KRTAP5-1_AR	KRTAP5-1	387264	AR	0.1193	0.4293	0.5000	0.8500	0.0000	0.0000	0.0000	0.5000	0.5000	1.0000	0				Proximity to SLC12A1 associated with Bartter syndrome, type 1 (OMIM:601678): Nephrocalcinosis (HP:0000121)-Nephrocalcinosis (HP:0000121), Failure to thrive (HP:0001508)-Failure to thrive (HP:0001508), Small for gestational age (HP:0001518)-Small for gestational age (HP:0001518), Premature birth (HP:0001622)-Premature birth (HP:0001622), Short stature (HP:0004322)-Short stature (HP:0004322), 	Proximity to SLC12A1 Nephrocalcinosis (HP:0000121)-nephrocalcinosis (MP:0003197), Failure to thrive (HP:0001508)-postnatal growth retardation (MP:0001732), Small for gestational age (HP:0001518)-postnatal growth retardation (MP:0001732), Premature birth (HP:0001622)-postnatal growth retardation (MP:0001732), Short stature (HP:0004322)-postnatal growth retardation (MP:0001732), 	
67	UNCX_AD	UNCX	340260	AD	0.1194	0.4288	0.5003	0.8495	0.0000	0.2258	0.0000	0.5003	0.5003	1.0000	0		Skeletal muscle atrophy (HP:0003202)-small thoracic cavity (MP:0004734), Short stature (HP:0004322)-small thoracic cavity (MP:0004734), 		Proximity to DLL1 associated with Microform holoprosencephaly (ORPHA:280200): Nephrocalcinosis (HP:0000121)-Renal agenesis (HP:0000104), Premature birth (HP:0001622)-Premature birth (HP:0001622), Skeletal muscle atrophy (HP:0003202)-EMG: myopathic abnormalities (HP:0003458), Short stature (HP:0004322)-Short stature (HP:0004322), 	Proximity to DLL1 Failure to thrive (HP:0001508)-decreased body weight (MP:0001262), Small for gestational age (HP:0001518)-decreased body weight (MP:0001262), Premature birth (HP:0001622)-decreased locomotor activity (MP:0001402), Skeletal muscle atrophy (HP:0003202)-decreased body height (MP:0001255), Short stature (HP:0004322)-decreased body height (MP:0001255), 	Proximity to DLL1 Rhabdomyosarcoma (HP:0002859)-actin filament myotome increased length, abnormal (ZP:0000433), Skeletal muscle atrophy (HP:0003202)-actin filament myotome increased length, abnormal (ZP:0000433), Short stature (HP:0004322)-somitogenesis delayed, abnormal (ZP:0000565), 
68	USP17L18_AD	USP17L18	100287364	AD	0.1231	0.4179	0.3630	1.0000	0.0000	0.3630	0.0000	0.0000	0.3630	1.0000	0		Failure to thrive (HP:0001508)-increased body weight (MP:0001260), Small for gestational age (HP:0001518)-increased body weight (MP:0001260), Premature birth (HP:0001622)-asthenozoospermia (MP:0002675), Skeletal muscle atrophy (HP:0003202)-decreased testis weight (MP:0004852), Short stature (HP:0004322)-increased body weight (MP:0001260), 				
68	USP17L18_AR	USP17L18	100287364	AR	0.1231	0.4179	0.3630	1.0000	0.0000	0.3630	0.0000	0.0000	0.3630	1.0000	0		Failure to thrive (HP:0001508)-increased body weight (MP:0001260), Small for gestational age (HP:0001518)-increased body weight (MP:0001260), Premature birth (HP:0001622)-asthenozoospermia (MP:0002675), Skeletal muscle atrophy (HP:0003202)-decreased testis weight (MP:0004852), Short stature (HP:0004322)-increased body weight (MP:0001260), 				
70	LRP4_AD	LRP4	4038	AD	0.1235	0.4165	0.5059	0.8376	0.5131	0.4122	0.3624	0.5059	0.5131	1.0000	0	Postsynaptic congenital myasthenic syndromes (ORPHA:98913): Skeletal muscle atrophy (HP:0003202)-Skeletal muscle atrophy (HP:0003202), Short stature (HP:0004322)-High palate (HP:0000218), 	Nephrocalcinosis (HP:0000121)-abnormal kidney development (MP:0000527), Skeletal muscle atrophy (HP:0003202)-ureter hypoplasia (MP:0011298), Short stature (HP:0004322)-ureter hypoplasia (MP:0011298), 	Nephrocalcinosis (HP:0000121)-renal system morphology, abnormal (ZP:0107060), Rhabdomyosarcoma (HP:0002859)-acetylcholine-gated channel complex muscle decreased amount, abnormal (ZP:0019937), Skeletal muscle atrophy (HP:0003202)-acetylcholine-gated channel complex muscle decreased amount, abnormal (ZP:0019937), 	Proximity to MUSK associated with Fetal akinesia deformation sequence 1 (OMIM:208150): Nephrocalcinosis (HP:0000121)-Small placenta (HP:0006266), Failure to thrive (HP:0001508)-Small for gestational age (HP:0001518), Small for gestational age (HP:0001518)-Small for gestational age (HP:0001518), Premature birth (HP:0001622)-Premature birth (HP:0001622), Skeletal muscle atrophy (HP:0003202)-Generalized amyotrophy (HP:0003700), Short stature (HP:0004322)-Intrauterine growth retardation (HP:0001511), 	Proximity to MUSK Failure to thrive (HP:0001508)-decreased body weight (MP:0001262), Small for gestational age (HP:0001518)-decreased body weight (MP:0001262), Premature birth (HP:0001622)-impaired coordination (MP:0001405), Rhabdomyosarcoma (HP:0002859)-abnormal muscle electrophysiology (MP:0004145), Skeletal muscle atrophy (HP:0003202)-thin diaphragm muscle (MP:0000761), Short stature (HP:0004322)-decreased body weight (MP:0001262), 	Proximity to MUSK Failure to thrive (HP:0001508)-axon extension process quality, abnormal (ZP:0001660), Small for gestational age (HP:0001518)-axon extension process quality, abnormal (ZP:0001660), Rhabdomyosarcoma (HP:0002859)-extracellular matrix myotome absent, abnormal (ZP:0018899), Skeletal muscle atrophy (HP:0003202)-extracellular matrix myotome absent, abnormal (ZP:0018899), Short stature (HP:0004322)-axon extension process quality, abnormal (ZP:0001660), 
71	PEG3_AD	PEG3	5178	AD	0.1252	0.4114	0.5017	0.8401	0.0000	0.5017	0.0000	0.5000	0.5017	1.0000	0		Failure to thrive (HP:0001508)-postnatal growth retardation (MP:0001732), Small for gestational age (HP:0001518)-decreased body weight (MP:0001262), Premature birth (HP:0001622)-postnatal growth retardation (MP:0001732), Skeletal muscle atrophy (HP:0003202)-decreased body weight (MP:0001262), Short stature (HP:0004322)-postnatal growth retardation (MP:0001732), 		Proximity to TRAIP associated with Seckel syndrome 9 (OMIM:616777): Nephrocalcinosis (HP:0000121)-Recurrent urinary tract infections (HP:0000010), Failure to thrive (HP:0001508)-Small for gestational age (HP:0001518), Small for gestational age (HP:0001518)-Small for gestational age (HP:0001518), Premature birth (HP:0001622)-Polyhydramnios (HP:0001561), Skeletal muscle atrophy (HP:0003202)-Congenital diaphragmatic hernia (HP:0000776), Short stature (HP:0004322)-Short stature (HP:0004322), 	Proximity to TRAIP Skeletal muscle atrophy (HP:0003202)-decreased embryo size (MP:0001698), Short stature (HP:0004322)-decreased embryo size (MP:0001698), 	
72	MYH9_AD	MYH9	4627	AD	0.1256	0.4102	0.5025	0.8387	0.3240	0.2974	0.3594	0.5025	0.5025	1.0000	0	MYH9-related disease (ORPHA:182050): Nephrocalcinosis (HP:0000121)-Nephropathy (HP:0000112), 	Nephrocalcinosis (HP:0000121)-glomerulosclerosis (MP:0005264), 	Nephrocalcinosis (HP:0000121)-podocyte disorganized, abnormal (ZP:0017788), 	Proximity to MYH3 associated with Arthrogryposis, distal, type 2A (Freeman-Sheldon) (OMIM:193700): Nephrocalcinosis (HP:0000121)-Cryptorchidism (HP:0000028), Failure to thrive (HP:0001508)-Failure to thrive (HP:0001508), Small for gestational age (HP:0001518)-Small for gestational age (HP:0001518), Premature birth (HP:0001622)-Breech presentation (HP:0001623), Skeletal muscle atrophy (HP:0003202)-Cerebellar atrophy (HP:0001272), Short stature (HP:0004322)-Postnatal growth retardation (HP:0008897), 	Proximity to MYH3 Failure to thrive (HP:0001508)-decreased body weight (MP:0001262), Small for gestational age (HP:0001518)-decreased body weight (MP:0001262), Rhabdomyosarcoma (HP:0002859)-increased skeletal muscle fiber number (MP:0009405), Skeletal muscle atrophy (HP:0003202)-increased skeletal muscle fiber number (MP:0009405), Short stature (HP:0004322)-decreased body weight (MP:0001262), 	
73	ZCCHC14_AD	ZCCHC14	23174	AD	0.1282	0.4025	0.5001	0.8379	0.0000	0.0000	0.0000	0.5001	0.5001	1.0000	0				Proximity to ADA2 associated with Diamond-Blackfan anemia (ORPHA:124): Nephrocalcinosis (HP:0000121)-Horseshoe kidney (HP:0000085), Failure to thrive (HP:0001508)-Small for gestational age (HP:0001518), Small for gestational age (HP:0001518)-Small for gestational age (HP:0001518), Premature birth (HP:0001622)-Nonimmune hydrops fetalis (HP:0001790), Rhabdomyosarcoma (HP:0002859)-Osteosarcoma (HP:0002669), Skeletal muscle atrophy (HP:0003202)-Abnormality of the thenar eminence (HP:0001227), Short stature (HP:0004322)-Short stature (HP:0004322), 		
74	ITSN1_AD	ITSN1	6453	AD	0.1326	0.3897	0.5072	0.8240	0.0000	0.5072	0.0000	0.5039	0.5072	1.0000	0		Failure to thrive (HP:0001508)-postnatal growth retardation (MP:0001732), Small for gestational age (HP:0001518)-decreased body weight (MP:0001262), Premature birth (HP:0001622)-postnatal growth retardation (MP:0001732), Skeletal muscle atrophy (HP:0003202)-decreased body size (MP:0001265), Short stature (HP:0004322)-decreased body size (MP:0001265), 		Proximity to PIK3C2A associated with Oculoskeletodental syndrome (OMIM:618440): Nephrocalcinosis (HP:0000121)-Renal agenesis (HP:0000104), Failure to thrive (HP:0001508)-Small for gestational age (HP:0001518), Small for gestational age (HP:0001518)-Small for gestational age (HP:0001518), Premature birth (HP:0001622)-Cryptorchidism (HP:0000028), Skeletal muscle atrophy (HP:0003202)-Macroglossia (HP:0000158), Short stature (HP:0004322)-Short stature (HP:0004322), 	Proximity to PIK3C2A Nephrocalcinosis (HP:0000121)-abnormal kidney morphology (MP:0002135), Failure to thrive (HP:0001508)-postnatal growth retardation (MP:0001732), Small for gestational age (HP:0001518)-decreased body weight (MP:0001262), Premature birth (HP:0001622)-postnatal growth retardation (MP:0001732), Skeletal muscle atrophy (HP:0003202)-decreased body size (MP:0001265), Short stature (HP:0004322)-decreased body size (MP:0001265), 	
75	KCNJ18_AD	KCNJ18	100134444	AD	0.1330	0.3886	0.4838	0.8500	0.4838	0.1997	0.0000	0.0000	0.4838	1.0000	0	Thyrotoxic periodic paralysis (ORPHA:79102): Nephrocalcinosis (HP:0000121)-Urinary retention (HP:0000016), Failure to thrive (HP:0001508)-Weight loss (HP:0001824), Small for gestational age (HP:0001518)-Weight loss (HP:0001824), Skeletal muscle atrophy (HP:0003202)-Rhabdomyolysis (HP:0003201), 	Failure to thrive (HP:0001508)-increased startle reflex (MP:0001488), Small for gestational age (HP:0001518)-increased startle reflex (MP:0001488), Premature birth (HP:0001622)-increased startle reflex (MP:0001488), Short stature (HP:0004322)-increased startle reflex (MP:0001488), 				
76	CYP1A1_AR	CYP1A1	1543	AR	0.1385	0.3728	0.5074	0.8159	0.0000	0.3738	0.0000	0.5074	0.5074	1.0000	0		Failure to thrive (HP:0001508)-increased susceptibility to weight loss (MP:0010180), Small for gestational age (HP:0001518)-increased susceptibility to weight loss (MP:0010180), Skeletal muscle atrophy (HP:0003202)-decreased spleen weight (MP:0004953), Short stature (HP:0004322)-increased susceptibility to weight loss (MP:0010180), 		Proximity to CYB5A associated with Hereditary methemoglobinemia (ORPHA:621): Failure to thrive (HP:0001508)-Small for gestational age (HP:0001518), Small for gestational age (HP:0001518)-Small for gestational age (HP:0001518), Skeletal muscle atrophy (HP:0003202)-Cerebellar atrophy (HP:0001272), Short stature (HP:0004322)-Delayed myelination (HP:0012448), 		
77	MEP1B_AD	MEP1B	4225	AD	0.1391	0.3709	0.5001	0.8234	0.0000	0.3075	0.0000	0.5001	0.5001	1.0000	0		Failure to thrive (HP:0001508)-increased body weight (MP:0001260), Small for gestational age (HP:0001518)-increased body weight (MP:0001260), Short stature (HP:0004322)-increased body weight (MP:0001260), 		Proximity to NECTIN1 associated with Isolated cleft lip (ORPHA:199302): Failure to thrive (HP:0001508)-Small for gestational age (HP:0001518), Small for gestational age (HP:0001518)-Small for gestational age (HP:0001518), Premature birth (HP:0001622)-Polyhydramnios (HP:0001561), 	Proximity to NECTIN1 Skeletal muscle atrophy (HP:0003202)-decreased body size (MP:0001265), Short stature (HP:0004322)-decreased body size (MP:0001265), 	
78	OR2T34_AD	OR2T34	127068	AD	0.1395	0.3698	0.5000	0.8229	0.0000	0.0000	0.0000	0.5000	0.5000	1.0000	0				Proximity to MEFV associated with Familial Mediterranean fever (ORPHA:342): Nephrocalcinosis (HP:0000121)-Nephrocalcinosis (HP:0000121), Premature birth (HP:0001622)-Orchitis (HP:0100796), 	Proximity to MEFV Failure to thrive (HP:0001508)-postnatal growth retardation (MP:0001732), Small for gestational age (HP:0001518)-decreased body weight (MP:0001262), Premature birth (HP:0001622)-postnatal growth retardation (MP:0001732), Skeletal muscle atrophy (HP:0003202)-decreased body size (MP:0001265), Short stature (HP:0004322)-decreased body size (MP:0001265), 	
79	SCD5_AD	SCD5	79966	AD	0.1446	0.3550	0.5007	0.8152	0.0000	0.0000	0.0000	0.5007	0.5007	1.0000	0				Proximity to IGF1 associated with Growth delay due to insulin-like growth factor type 1 deficiency (ORPHA:73272): Nephrocalcinosis (HP:0000121)-Small placenta (HP:0006266), Failure to thrive (HP:0001508)-Failure to thrive (HP:0001508), Small for gestational age (HP:0001518)-Small for gestational age (HP:0001518), Premature birth (HP:0001622)-Small placenta (HP:0006266), Short stature (HP:0004322)-Short stature (HP:0004322), 	Proximity to IGF1 Failure to thrive (HP:0001508)-postnatal growth retardation (MP:0001732), Small for gestational age (HP:0001518)-decreased body weight (MP:0001262), Premature birth (HP:0001622)-delayed bone ossification (MP:0000060), Rhabdomyosarcoma (HP:0002859)-muscle hypoplasia (MP:0000734), Skeletal muscle atrophy (HP:0003202)-muscle hypoplasia (MP:0000734), Short stature (HP:0004322)-delayed bone ossification (MP:0000060), 	
80	RGPD8_AD	RGPD8	727851	AD	0.1458	0.3514	0.5001	0.8141	0.0000	0.3146	0.0000	0.5001	0.5001	1.0000	0		Failure to thrive (HP:0001508)-decreased susceptibility to diet-induced obesity (MP:0005659), Small for gestational age (HP:0001518)-decreased susceptibility to diet-induced obesity (MP:0005659), Short stature (HP:0004322)-decreased susceptibility to diet-induced obesity (MP:0005659), 		Proximity to CPLANE1 associated with Orofaciodigital syndrome VI (OMIM:277170): Nephrocalcinosis (HP:0000121)-Renal dysplasia (HP:0000110), Failure to thrive (HP:0001508)-Failure to thrive (HP:0001508), Small for gestational age (HP:0001518)-Failure to thrive (HP:0001508), Rhabdomyosarcoma (HP:0002859)-Hamartoma of tongue (HP:0011802), Short stature (HP:0004322)-Short stature (HP:0004322), 	Proximity to CPLANE1 Nephrocalcinosis (HP:0000121)-duplex kidney (MP:0004017), Failure to thrive (HP:0001508)-impaired wound healing (MP:0001792), Small for gestational age (HP:0001518)-impaired wound healing (MP:0001792), Premature birth (HP:0001622)-impaired wound healing (MP:0001792), Rhabdomyosarcoma (HP:0002859)-muscular ventricular septal defect (MP:0010420), Skeletal muscle atrophy (HP:0003202)-muscular ventricular septal defect (MP:0010420), Short stature (HP:0004322)-decreased brain size (MP:0000774), 	
81	MMD2_AD	MMD2	221938	AD	0.1459	0.3513	0.5000	0.8142	0.0000	0.0000	0.0000	0.5000	0.5000	1.0000	0				Proximity to MAGED2 associated with Bartter syndrome, type 5, antenatal, transient (OMIM:300971): Nephrocalcinosis (HP:0000121)-Medullary nephrocalcinosis (HP:0012408), Premature birth (HP:0001622)-Premature birth (HP:0001622), 		
82	BLVRA_AD	BLVRA	644	AD	0.1470	0.3482	0.5009	0.8117	0.2139	0.1593	0.0000	0.5009	0.5009	1.0000	0	Hyperbiliverdinemia (OMIM:614156): Nephrocalcinosis (HP:0000121)-Green urine (HP:0032003), 	Skeletal muscle atrophy (HP:0003202)-decreased mean corpuscular volume (MP:0002591), Short stature (HP:0004322)-decreased mean corpuscular volume (MP:0002591), 		Proximity to INSR associated with Leprechaunism (ORPHA:508): Nephrocalcinosis (HP:0000121)-Nephrocalcinosis (HP:0000121), Failure to thrive (HP:0001508)-Failure to thrive (HP:0001508), Small for gestational age (HP:0001518)-Decreased body weight (HP:0004325), Skeletal muscle atrophy (HP:0003202)-Skeletal muscle atrophy (HP:0003202), Short stature (HP:0004322)-Postnatal growth retardation (HP:0008897), 	Proximity to INSR Nephrocalcinosis (HP:0000121)-ketoaciduria (MP:0002893), Failure to thrive (HP:0001508)-decreased body weight (MP:0001262), Small for gestational age (HP:0001518)-decreased body weight (MP:0001262), Rhabdomyosarcoma (HP:0002859)-skeletal muscle hypotrophy (MP:0009462), Skeletal muscle atrophy (HP:0003202)-skeletal muscle hypotrophy (MP:0009462), Short stature (HP:0004322)-decreased body weight (MP:0001262), 	Proximity to INSR Failure to thrive (HP:0001508)-feeding behavior increased rate, abnormal (ZP:0131013), Rhabdomyosarcoma (HP:0002859)-muscle increased amount, abnormal (ZP:0020892), Skeletal muscle atrophy (HP:0003202)-muscle increased amount, abnormal (ZP:0020892), Short stature (HP:0004322)-whole organism increased length, abnormal (ZP:0002978), 
83	PKD1_AD	PKD1	5310	AD	0.1474	0.3471	0.5628	0.7411	0.4721	0.5628	0.3057	0.5122	0.5628	1.0000	0	Autosomal dominant polycystic kidney disease (ORPHA:730): Nephrocalcinosis (HP:0000121)-Renal cyst (HP:0000107), Premature birth (HP:0001622)-Reduced sperm motility (HP:0012207), 	Nephrocalcinosis (HP:0000121)-abnormal kidney morphology (MP:0002135), Failure to thrive (HP:0001508)-postnatal growth retardation (MP:0001732), Small for gestational age (HP:0001518)-decreased body weight (MP:0001262), Premature birth (HP:0001622)-postnatal growth retardation (MP:0001732), Skeletal muscle atrophy (HP:0003202)-decreased body size (MP:0001265), Short stature (HP:0004322)-decreased body size (MP:0001265), 	Nephrocalcinosis (HP:0000121)-pronephros cystic, abnormal (ZP:0001445), 	Proximity to INVS associated with Nephronophthisis 2, infantile (OMIM:602088): Nephrocalcinosis (HP:0000121)-Nephronophthisis (HP:0000090), Premature birth (HP:0001622)-Oligohydramnios (HP:0001562), 	Proximity to INVS Nephrocalcinosis (HP:0000121)-nephrocalcinosis (MP:0003197), Failure to thrive (HP:0001508)-slow postnatal weight gain (MP:0008489), Small for gestational age (HP:0001518)-decreased body weight (MP:0001262), Premature birth (HP:0001622)-slow postnatal weight gain (MP:0008489), Skeletal muscle atrophy (HP:0003202)-decreased body size (MP:0001265), Short stature (HP:0004322)-slow postnatal weight gain (MP:0008489), 	Proximity to INVS Nephrocalcinosis (HP:0000121)-cloacal chamber deformed, abnormal (ZP:0002509), 
84	THOC3_AR	THOC3	84321	AR	0.1484	0.3444	0.5096	0.8000	0.0000	0.0000	0.0000	0.5096	0.5096	1.0000	0				Proximity to THOC2 associated with Intellectual developmental disorder, X-linked 12 (OMIM:300957): Nephrocalcinosis (HP:0000121)-Microphallus (HP:0030260), Failure to thrive (HP:0001508)-Small for gestational age (HP:0001518), Small for gestational age (HP:0001518)-Small for gestational age (HP:0001518), Premature birth (HP:0001622)-Premature birth (HP:0001622), Short stature (HP:0004322)-Short stature (HP:0004322), 		
85	SPTBN4_AR	SPTBN4	57731	AR	0.1497	0.3409	0.5081	0.8000	0.5081	0.4261	0.0000	0.5044	0.5081	1.0000	0	Neurodevelopmental disorder with hypotonia, neuropathy, and deafness (OMIM:617519): Skeletal muscle atrophy (HP:0003202)-Distal amyotrophy (HP:0003693), Short stature (HP:0004322)-High palate (HP:0000218), 	Failure to thrive (HP:0001508)-decreased body weight (MP:0001262), Small for gestational age (HP:0001518)-decreased body weight (MP:0001262), Skeletal muscle atrophy (HP:0003202)-decreased body weight (MP:0001262), Short stature (HP:0004322)-decreased body weight (MP:0001262), 		Proximity to SPTBN1 associated with Developmental delay, impaired speech, and behavioral abnormalities (OMIM:619475): Nephrocalcinosis (HP:0000121)-Hematuria (HP:0000790), Failure to thrive (HP:0001508)-Failure to thrive (HP:0001508), Small for gestational age (HP:0001518)-Decreased body weight (HP:0004325), Premature birth (HP:0001622)-Nuchal cord (HP:0012498), Rhabdomyosarcoma (HP:0002859)-Neurofibroma (HP:0001067), Skeletal muscle atrophy (HP:0003202)-Torticollis (HP:0000473), Short stature (HP:0004322)-Delayed puberty (HP:0000823), 	Proximity to SPTBN1 Failure to thrive (HP:0001508)-decreased body weight (MP:0001262), Small for gestational age (HP:0001518)-decreased body weight (MP:0001262), Skeletal muscle atrophy (HP:0003202)-decreased body weight (MP:0001262), Short stature (HP:0004322)-decreased body weight (MP:0001262), 	
86	PAPOLG_AD	PAPOLG	64895	AD	0.1526	0.3332	0.5048	0.8000	0.0000	0.2303	0.0000	0.5048	0.5048	1.0000	0		Failure to thrive (HP:0001508)-decreased locomotor activity (MP:0001402), Small for gestational age (HP:0001518)-decreased locomotor activity (MP:0001402), Premature birth (HP:0001622)-decreased locomotor activity (MP:0001402), Short stature (HP:0004322)-decreased locomotor activity (MP:0001402), 		Proximity to INTS11 associated with Neurodevelopmental disorder with motor and language delay, ocular defects, and brain abnormalities (OMIM:620428): Premature birth (HP:0001622)-Premature birth (HP:0001622), Skeletal muscle atrophy (HP:0003202)-Brain atrophy (HP:0012444), Short stature (HP:0004322)-Intrauterine growth retardation (HP:0001511), 		
87	POTEF_AD	POTEF	728378	AD	0.1532	0.3316	0.5041	0.8000	0.0000	0.0000	0.0000	0.5041	0.5041	1.0000	0				Proximity to ASH1L associated with Intellectual developmental disorder, autosomal dominant 52 (OMIM:617796): Nephrocalcinosis (HP:0000121)-Cryptorchidism (HP:0000028), Failure to thrive (HP:0001508)-Small for gestational age (HP:0001518), Small for gestational age (HP:0001518)-Small for gestational age (HP:0001518), Premature birth (HP:0001622)-Breech presentation (HP:0001623), Skeletal muscle atrophy (HP:0003202)-Scapular winging (HP:0003691), Short stature (HP:0004322)-High palate (HP:0000218), 	Proximity to ASH1L Failure to thrive (HP:0001508)-postnatal growth retardation (MP:0001732), Small for gestational age (HP:0001518)-decreased body weight (MP:0001262), Premature birth (HP:0001622)-postnatal growth retardation (MP:0001732), Skeletal muscle atrophy (HP:0003202)-decreased body size (MP:0001265), Short stature (HP:0004322)-decreased body size (MP:0001265), 	
88	TRDN_AD	TRDN	10345	AD	0.1533	0.3315	0.5048	0.7992	0.3320	0.3435	0.0000	0.5048	0.5048	1.0000	0	Romano-Ward syndrome (ORPHA:101016): Premature birth (HP:0001622)-Abnormality of prenatal development or birth (HP:0001197), 	Rhabdomyosarcoma (HP:0002859)-abnormal muscle physiology (MP:0002106), Skeletal muscle atrophy (HP:0003202)-skeletal muscle hypertrophy (MP:0009461), 		Proximity to RYR1 associated with King-Denborough syndrome (OMIM:619542): Nephrocalcinosis (HP:0000121)-Cryptorchidism (HP:0000028), Failure to thrive (HP:0001508)-Failure to thrive (HP:0001508), Small for gestational age (HP:0001518)-Failure to thrive (HP:0001508), Premature birth (HP:0001622)-Breech presentation (HP:0001623), Skeletal muscle atrophy (HP:0003202)-Minicore myopathy (HP:0003789), Short stature (HP:0004322)-Short stature (HP:0004322), 	Proximity to RYR1 Failure to thrive (HP:0001508)-slow postnatal weight gain (MP:0008489), Small for gestational age (HP:0001518)-slow postnatal weight gain (MP:0008489), Premature birth (HP:0001622)-decreased locomotor activity (MP:0001402), Rhabdomyosarcoma (HP:0002859)-abnormal muscle fiber morphology (MP:0004087), Skeletal muscle atrophy (HP:0003202)-abnormal muscle fiber morphology (MP:0004087), Short stature (HP:0004322)-slow postnatal weight gain (MP:0008489), 	Proximity to RYR1 Rhabdomyosarcoma (HP:0002859)-longitudinal sarcoplasmic reticulum skeletal muscle swollen, abnormal (ZP:0008857), Skeletal muscle atrophy (HP:0003202)-slow muscle cell somite increased length, abnormal (ZP:0138655), 
89	CNTNAP4_AD	CNTNAP4	85445	AD	0.1533	0.3313	0.5056	0.7982	0.0000	0.2478	0.0000	0.5056	0.5056	1.0000	0		Failure to thrive (HP:0001508)-impaired coordination (MP:0001405), Small for gestational age (HP:0001518)-impaired coordination (MP:0001405), Premature birth (HP:0001622)-impaired coordination (MP:0001405), Short stature (HP:0004322)-impaired coordination (MP:0001405), 		Proximity to CNTN1 associated with Congenital myopathy 12 (OMIM:612540): Failure to thrive (HP:0001508)-Small for gestational age (HP:0001518), Small for gestational age (HP:0001518)-Small for gestational age (HP:0001518), Premature birth (HP:0001622)-Premature birth (HP:0001622), Skeletal muscle atrophy (HP:0003202)-Camptodactyly (HP:0012385), Short stature (HP:0004322)-High, narrow palate (HP:0002705), 	Proximity to CNTN1 Failure to thrive (HP:0001508)-weight loss (MP:0001263), Small for gestational age (HP:0001518)-weight loss (MP:0001263), Premature birth (HP:0001622)-impaired limb coordination (MP:0001524), Skeletal muscle atrophy (HP:0003202)-decreased body size (MP:0001265), Short stature (HP:0004322)-decreased body size (MP:0001265), 	
90	EIF3CL_AR	EIF3CL	728689	AR	0.1556	0.3250	0.5012	0.8000	0.0000	0.4598	0.0000	0.5012	0.5012	1.0000	0		Failure to thrive (HP:0001508)-postnatal growth retardation (MP:0001732), Small for gestational age (HP:0001518)-postnatal growth retardation (MP:0001732), Premature birth (HP:0001622)-postnatal growth retardation (MP:0001732), Short stature (HP:0004322)-postnatal growth retardation (MP:0001732), 		Proximity to EIF2S3 associated with MEHMO syndrome (OMIM:300148): Nephrocalcinosis (HP:0000121)-Male hypogonadism (HP:0000026), Failure to thrive (HP:0001508)-Small for gestational age (HP:0001518), Small for gestational age (HP:0001518)-Small for gestational age (HP:0001518), Premature birth (HP:0001622)-Delayed puberty (HP:0000823), Short stature (HP:0004322)-Birth length less than 3rd percentile (HP:0003561), 		
91	FLI1_AD	FLI1	2313	AD	0.1556	0.3249	0.5021	0.7989	0.6691	0.2691	0.0000	0.5021	0.6691	1.0000	0	Jacobsen syndrome (ORPHA:2308): Nephrocalcinosis (HP:0000121)-Multicystic kidney dysplasia (HP:0000003), Premature birth (HP:0001622)-Premature birth (HP:0001622), Skeletal muscle atrophy (HP:0003202)-Cerebral atrophy (HP:0002059), Short stature (HP:0004322)-Short stature (HP:0004322), 	Skeletal muscle atrophy (HP:0003202)-decreased embryo size (MP:0001698), Short stature (HP:0004322)-decreased embryo size (MP:0001698), 		Proximity to GATA1 associated with Diamond-Blackfan anemia (ORPHA:124): Nephrocalcinosis (HP:0000121)-Horseshoe kidney (HP:0000085), Failure to thrive (HP:0001508)-Small for gestational age (HP:0001518), Small for gestational age (HP:0001518)-Small for gestational age (HP:0001518), Premature birth (HP:0001622)-Nonimmune hydrops fetalis (HP:0001790), Rhabdomyosarcoma (HP:0002859)-Osteosarcoma (HP:0002669), Skeletal muscle atrophy (HP:0003202)-Abnormality of the thenar eminence (HP:0001227), Short stature (HP:0004322)-Short stature (HP:0004322), 	Proximity to GATA1 Skeletal muscle atrophy (HP:0003202)-decreased embryo size (MP:0001698), Short stature (HP:0004322)-decreased embryo size (MP:0001698), 	Proximity to GATA1 Rhabdomyosarcoma (HP:0002859)-vascular associated smooth muscle cell dorsal aorta absent, abnormal (ZP:0101698), Skeletal muscle atrophy (HP:0003202)-vascular associated smooth muscle cell dorsal aorta absent, abnormal (ZP:0101698), 
92	EPHA6_AD	EPHA6	285220	AD	0.1562	0.3233	0.5009	0.7995	0.0000	0.2992	0.0000	0.5009	0.5009	1.0000	0		Nephrocalcinosis (HP:0000121)-abnormal kidney morphology (MP:0002135), 		Proximity to LYN associated with Autoinflammatory disease, systemic, with vasculitis (OMIM:620376): Nephrocalcinosis (HP:0000121)-Hepatic calcification (HP:0006559), Failure to thrive (HP:0001508)-Failure to thrive (HP:0001508), Small for gestational age (HP:0001518)-Failure to thrive (HP:0001508), Premature birth (HP:0001622)-Premature birth (HP:0001622), Short stature (HP:0004322)-Intrauterine growth retardation (HP:0001511), 	Proximity to LYN Nephrocalcinosis (HP:0000121)-renal glomerulus hypertrophy (MP:0011294), 	
93	SLU7_AD	SLU7	10569	AD	0.1564	0.3228	0.5003	0.8000	0.0000	0.0000	0.0000	0.5003	0.5003	1.0000	0				Proximity to SNIP1 associated with Neurodevelopmental disorder with hypotonia, craniofacial abnormalities, and seizures (OMIM:614501): Failure to thrive (HP:0001508)-Small for gestational age (HP:0001518), Small for gestational age (HP:0001518)-Small for gestational age (HP:0001518), Skeletal muscle atrophy (HP:0003202)-Macroglossia (HP:0000158), Short stature (HP:0004322)-High palate (HP:0000218), 		
93	SLU7_AR	SLU7	10569	AR	0.1564	0.3228	0.5003	0.8000	0.0000	0.0000	0.0000	0.5003	0.5003	1.0000	0				Proximity to SNIP1 associated with Neurodevelopmental disorder with hypotonia, craniofacial abnormalities, and seizures (OMIM:614501): Failure to thrive (HP:0001508)-Small for gestational age (HP:0001518), Small for gestational age (HP:0001518)-Small for gestational age (HP:0001518), Skeletal muscle atrophy (HP:0003202)-Macroglossia (HP:0000158), Short stature (HP:0004322)-High palate (HP:0000218), 		
93	ANPEP_AD	ANPEP	290	AD	0.1564	0.3228	0.5003	0.8000	0.0000	0.2382	0.0000	0.5003	0.5003	1.0000	0		Rhabdomyosarcoma (HP:0002859)-increased cardiac muscle contractility (MP:0005599), Skeletal muscle atrophy (HP:0003202)-increased cardiac muscle contractility (MP:0005599), 		Proximity to TRNT1 associated with Sideroblastic anemia with B-cell immunodeficiency, periodic fevers, and developmental delay (OMIM:616084): Nephrocalcinosis (HP:0000121)-Nephrocalcinosis (HP:0000121), Skeletal muscle atrophy (HP:0003202)-Cerebral atrophy (HP:0002059), Short stature (HP:0004322)-Growth delay (HP:0001510), 	Proximity to TRNT1 Failure to thrive (HP:0001508)-increased body weight (MP:0001260), Small for gestational age (HP:0001518)-increased body weight (MP:0001260), Skeletal muscle atrophy (HP:0003202)-decreased mean corpuscular volume (MP:0002591), Short stature (HP:0004322)-increased body weight (MP:0001260), 	
96	BMP8A_AR	BMP8A	353500	AR	0.1566	0.3223	0.5000	0.8000	0.0000	0.0000	0.0000	0.5000	0.5000	1.0000	0				Proximity to PHOX2B associated with Haddad syndrome (ORPHA:99803): Failure to thrive (HP:0001508)-Failure to thrive (HP:0001508), Small for gestational age (HP:0001518)-Small for gestational age (HP:0001518), Premature birth (HP:0001622)-Polyhydramnios (HP:0001561), Rhabdomyosarcoma (HP:0002859)-Neuroblastoma (HP:0003006), 	Proximity to PHOX2B Failure to thrive (HP:0001508)-impaired pupillary reflex (MP:0006243), Small for gestational age (HP:0001518)-impaired pupillary reflex (MP:0006243), Premature birth (HP:0001622)-impaired pupillary reflex (MP:0006243), Short stature (HP:0004322)-impaired pupillary reflex (MP:0006243), 	
97	WASHC1_AD	WASHC1	100287171	AD	0.1566	0.3222	0.5000	0.8000	0.0000	0.0000	0.0000	0.5000	0.5000	1.0000	0				Proximity to LRPPRC associated with Mitochondrial complex IV deficiency, nuclear type 5, (French-Canadian) (OMIM:220111): Nephrocalcinosis (HP:0000121)-Hypospadias (HP:0000047), Failure to thrive (HP:0001508)-Failure to thrive (HP:0001508), Small for gestational age (HP:0001518)-Small for gestational age (HP:0001518), Premature birth (HP:0001622)-Fetal distress (HP:0025116), 		
97	WASHC1_AR	WASHC1	100287171	AR	0.1566	0.3222	0.5000	0.8000	0.0000	0.0000	0.0000	0.5000	0.5000	1.0000	0				Proximity to LRPPRC associated with Mitochondrial complex IV deficiency, nuclear type 5, (French-Canadian) (OMIM:220111): Nephrocalcinosis (HP:0000121)-Hypospadias (HP:0000047), Failure to thrive (HP:0001508)-Failure to thrive (HP:0001508), Small for gestational age (HP:0001518)-Small for gestational age (HP:0001518), Premature birth (HP:0001622)-Fetal distress (HP:0025116), 		
97	RFPL4A_AR	RFPL4A	342931	AR	0.1566	0.3222	0.5000	0.8000	0.0000	0.0000	0.0000	0.5000	0.5000	1.0000	0					Proximity to PTGS2 Nephrocalcinosis (HP:0000121)-nephrocalcinosis (MP:0003197), Failure to thrive (HP:0001508)-decreased superovulation rate (MP:0031420), Small for gestational age (HP:0001518)-decreased superovulation rate (MP:0031420), Premature birth (HP:0001622)-decreased superovulation rate (MP:0031420), Skeletal muscle atrophy (HP:0003202)-kidney cortex atrophy (MP:0011423), Short stature (HP:0004322)-small kidney (MP:0002989), 	Proximity to PTGS2 Nephrocalcinosis (HP:0000121)-pronephric duct decreased distribution, abnormal (ZP:0019215), 
97	SPRR2B_AD	SPRR2B	6701	AD	0.1566	0.3222	0.5000	0.8000	0.0000	0.0000	0.0000	0.5000	0.5000	1.0000	0				Proximity to IGHMBP2 associated with Neuronopathy, distal hereditary motor, autosomal recessive 1 (OMIM:604320): Nephrocalcinosis (HP:0000121)-Urinary incontinence (HP:0000020), Failure to thrive (HP:0001508)-Failure to thrive (HP:0001508), Small for gestational age (HP:0001518)-Small for gestational age (HP:0001518), Premature birth (HP:0001622)-Premature birth (HP:0001622), Skeletal muscle atrophy (HP:0003202)-Distal amyotrophy (HP:0003693), Short stature (HP:0004322)-Intrauterine growth retardation (HP:0001511), 	Proximity to IGHMBP2 Failure to thrive (HP:0001508)-decreased body weight (MP:0001262), Small for gestational age (HP:0001518)-decreased body weight (MP:0001262), Premature birth (HP:0001622)-impaired righting response (MP:0001523), Rhabdomyosarcoma (HP:0002859)-muscular atrophy (MP:0002269), Skeletal muscle atrophy (HP:0003202)-muscular atrophy (MP:0002269), Short stature (HP:0004322)-decreased body size (MP:0001265), 	
97	SPRN_AR	SPRN	503542	AR	0.1566	0.3222	0.5000	0.8000	0.0000	0.4598	0.0000	0.5000	0.5000	1.0000	0		Failure to thrive (HP:0001508)-postnatal growth retardation (MP:0001732), Small for gestational age (HP:0001518)-postnatal growth retardation (MP:0001732), Premature birth (HP:0001622)-postnatal growth retardation (MP:0001732), Short stature (HP:0004322)-postnatal growth retardation (MP:0001732), 		Proximity to ADA2 associated with Diamond-Blackfan anemia (ORPHA:124): Nephrocalcinosis (HP:0000121)-Horseshoe kidney (HP:0000085), Failure to thrive (HP:0001508)-Small for gestational age (HP:0001518), Small for gestational age (HP:0001518)-Small for gestational age (HP:0001518), Premature birth (HP:0001622)-Nonimmune hydrops fetalis (HP:0001790), Rhabdomyosarcoma (HP:0002859)-Osteosarcoma (HP:0002669), Skeletal muscle atrophy (HP:0003202)-Abnormality of the thenar eminence (HP:0001227), Short stature (HP:0004322)-Short stature (HP:0004322), 		
97	POTEB_AR	POTEB	100287399	AR	0.1566	0.3222	0.5000	0.8000	0.0000	0.0000	0.0000	0.5000	0.5000	1.0000	0				Proximity to MEFV associated with Familial Mediterranean fever (ORPHA:342): Nephrocalcinosis (HP:0000121)-Nephrocalcinosis (HP:0000121), Premature birth (HP:0001622)-Orchitis (HP:0100796), 	Proximity to MEFV Failure to thrive (HP:0001508)-postnatal growth retardation (MP:0001732), Small for gestational age (HP:0001518)-decreased body weight (MP:0001262), Premature birth (HP:0001622)-postnatal growth retardation (MP:0001732), Skeletal muscle atrophy (HP:0003202)-decreased body size (MP:0001265), Short stature (HP:0004322)-decreased body size (MP:0001265), 	
103	ROCK1_AD	ROCK1	6093	AD	0.1628	0.3063	0.5009	0.7910	0.0000	0.2578	0.0000	0.5009	0.5009	1.0000	0		Rhabdomyosarcoma (HP:0002859)-abnormal vascular smooth muscle morphology (MP:0005592), Skeletal muscle atrophy (HP:0003202)-abnormal vascular smooth muscle morphology (MP:0005592), 		Proximity to YY1 associated with Gabriele-de Vries syndrome (ORPHA:506358): Nephrocalcinosis (HP:0000121)-Hydronephrosis (HP:0000126), Failure to thrive (HP:0001508)-Small for gestational age (HP:0001518), Small for gestational age (HP:0001518)-Small for gestational age (HP:0001518), Premature birth (HP:0001622)-Hydronephrosis (HP:0000126), Rhabdomyosarcoma (HP:0002859)-Neuroblastoma (HP:0003006), Skeletal muscle atrophy (HP:0003202)-Distal lower limb amyotrophy (HP:0008944), Short stature (HP:0004322)-Intrauterine growth retardation (HP:0001511), 	Proximity to YY1 Skeletal muscle atrophy (HP:0003202)-decreased embryo size (MP:0001698), Short stature (HP:0004322)-decreased embryo size (MP:0001698), 	Proximity to YY1 Short stature (HP:0004322)-epiboly involved in gastrulation with mouth forming second delayed, abnormal (ZP:0000567), 
104	MMS22L_AR	MMS22L	253714	AR	0.1645	0.3019	0.5206	0.7664	0.0000	0.0000	0.0000	0.5206	0.5206	1.0000	0				Proximity to TONSL associated with SPONASTRIME dysplasia (ORPHA:93357): Nephrocalcinosis (HP:0000121)-Hypospadias (HP:0000047), Failure to thrive (HP:0001508)-Small for gestational age (HP:0001518), Small for gestational age (HP:0001518)-Small for gestational age (HP:0001518), Premature birth (HP:0001622)-Precocious puberty (HP:0000826), Short stature (HP:0004322)-Disproportionate short-limb short stature (HP:0008873), 	Proximity to TONSL Skeletal muscle atrophy (HP:0003202)-small visceral yolk sac (MP:0012131), Short stature (HP:0004322)-small visceral yolk sac (MP:0012131), 	Proximity to TONSL Short stature (HP:0004322)-whole organism decreased size, abnormal (ZP:0000324), 
105	EPHA6_AR	EPHA6	285220	AR	0.1687	0.2912	0.5009	0.7831	0.0000	0.2992	0.0000	0.5009	0.5009	1.0000	0		Nephrocalcinosis (HP:0000121)-abnormal kidney morphology (MP:0002135), 		Proximity to LYN associated with Autoinflammatory disease, systemic, with vasculitis (OMIM:620376): Nephrocalcinosis (HP:0000121)-Hepatic calcification (HP:0006559), Failure to thrive (HP:0001508)-Failure to thrive (HP:0001508), Small for gestational age (HP:0001518)-Failure to thrive (HP:0001508), Premature birth (HP:0001622)-Premature birth (HP:0001622), Short stature (HP:0004322)-Intrauterine growth retardation (HP:0001511), 	Proximity to LYN Nephrocalcinosis (HP:0000121)-renal glomerulus hypertrophy (MP:0011294), 	
106	PRAMEF33_AR	PRAMEF33	645382	AR	0.1751	0.2752	0.3901	0.9000	0.0000	0.3901	0.0000	0.0000	0.3901	1.0000	0		Nephrocalcinosis (HP:0000121)-abnormal kidney morphology (MP:0002135), Skeletal muscle atrophy (HP:0003202)-small heart (MP:0002188), Short stature (HP:0004322)-small heart (MP:0002188), 				
107	PRSS1_AD	PRSS1	5644	AD	0.1774	0.2698	0.2990	1.0000	0.2990	0.2259	0.0000	0.0000	0.2990	1.0000	0	Hereditary chronic pancreatitis (ORPHA:676): Nephrocalcinosis (HP:0000121)-Pancreatic calcification (HP:0005213), 	Failure to thrive (HP:0001508)-impaired righting response (MP:0001523), Small for gestational age (HP:0001518)-impaired righting response (MP:0001523), Premature birth (HP:0001622)-impaired righting response (MP:0001523), Short stature (HP:0004322)-impaired righting response (MP:0001523), 				
108	TCAF2_AD	TCAF2	285966	AD	0.1832	0.2561	0.2923	1.0000	0.0000	0.2923	0.0000	0.0000	0.2923	1.0000	0		Rhabdomyosarcoma (HP:0002859)-abnormal skeletal muscle morphology (MP:0000759), Skeletal muscle atrophy (HP:0003202)-abnormal skeletal muscle morphology (MP:0000759), 				
109	KCNJ12_AD	KCNJ12	3768	AD	0.1864	0.2485	0.5005	0.7600	0.0000	0.1997	0.0000	0.5005	0.5005	1.0000	0		Failure to thrive (HP:0001508)-increased startle reflex (MP:0001488), Small for gestational age (HP:0001518)-increased startle reflex (MP:0001488), Premature birth (HP:0001622)-increased startle reflex (MP:0001488), Short stature (HP:0004322)-increased startle reflex (MP:0001488), 		Proximity to CRIPT associated with Rothmund-Thomson syndrome, type 3 (OMIM:615789): Failure to thrive (HP:0001508)-Decreased body weight (HP:0004325), Small for gestational age (HP:0001518)-Small for gestational age (HP:0001518), Short stature (HP:0004322)-Severe short stature (HP:0003510), 		
110	FOXL2_AD	FOXL2	668	AD	0.1893	0.2424	0.5008	0.7560	0.2343	0.4542	0.2617	0.5008	0.5008	1.0000	0	Blepharophimosis-ptosis-epicanthus inversus syndrome plus (ORPHA:572333): Nephrocalcinosis (HP:0000121)-Decreased fertility (HP:0000144), 	Failure to thrive (HP:0001508)-decreased body weight (MP:0001262), Small for gestational age (HP:0001518)-decreased body weight (MP:0001262), Premature birth (HP:0001622)-impaired ovarian folliculogenesis (MP:0001129), Skeletal muscle atrophy (HP:0003202)-decreased body weight (MP:0001262), Short stature (HP:0004322)-decreased body weight (MP:0001262), 	Premature birth (HP:0001622)-ovary increased occurrence spermatogenesis, abnormal (ZP:0101871), 		Proximity to PTGS2 Nephrocalcinosis (HP:0000121)-nephrocalcinosis (MP:0003197), Failure to thrive (HP:0001508)-decreased superovulation rate (MP:0031420), Small for gestational age (HP:0001518)-decreased superovulation rate (MP:0031420), Premature birth (HP:0001622)-decreased superovulation rate (MP:0031420), Skeletal muscle atrophy (HP:0003202)-kidney cortex atrophy (MP:0011423), Short stature (HP:0004322)-small kidney (MP:0002989), 	Proximity to PTGS2 Nephrocalcinosis (HP:0000121)-pronephric duct decreased distribution, abnormal (ZP:0019215), 
111	FAM72B_AD	FAM72B	653820	AD	0.1919	0.2367	0.3226	0.9543	0.0000	0.3226	0.0000	0.0000	0.3226	1.0000	0		Nephrocalcinosis (HP:0000121)-abnormal kidney morphology (MP:0002135), 				
112	RBMXL1_AD	RBMXL1	494115	AD	0.1947	0.2305	0.5008	0.7489	0.0000	0.0000	0.0000	0.5008	0.5008	1.0000	0				Proximity to HNRNPK associated with Au-Kline syndrome (OMIM:616580): Nephrocalcinosis (HP:0000121)-Dilatation of the renal pelvis (HP:0010946), Failure to thrive (HP:0001508)-Failure to thrive (HP:0001508), Small for gestational age (HP:0001518)-Failure to thrive (HP:0001508), Premature birth (HP:0001622)-Breech presentation (HP:0001623), Short stature (HP:0004322)-High palate (HP:0000218), 		
113	EIF4EBP1_AR	EIF4EBP1	1978	AR	0.1973	0.2250	0.5105	0.7344	0.0000	0.4419	0.0000	0.5105	0.5105	1.0000	0		Failure to thrive (HP:0001508)-decreased body weight (MP:0001262), Small for gestational age (HP:0001518)-decreased body weight (MP:0001262), Skeletal muscle atrophy (HP:0003202)-decreased body weight (MP:0001262), Short stature (HP:0004322)-decreased body weight (MP:0001262), 		Proximity to MAPKAPK5 associated with Neurocardiofaciodigital syndrome (OMIM:619869): Nephrocalcinosis (HP:0000121)-Vesicoureteral reflux (HP:0000076), Failure to thrive (HP:0001508)-Failure to thrive (HP:0001508), Small for gestational age (HP:0001518)-Small for gestational age (HP:0001518), Short stature (HP:0004322)-Short stature (HP:0004322), 		
114	CNTNAP3_AD	CNTNAP3	79937	AD	0.2006	0.2180	0.5056	0.7355	0.0000	0.0000	0.0000	0.5056	0.5056	1.0000	0				Proximity to CNTN1 associated with Congenital myopathy 12 (OMIM:612540): Failure to thrive (HP:0001508)-Small for gestational age (HP:0001518), Small for gestational age (HP:0001518)-Small for gestational age (HP:0001518), Premature birth (HP:0001622)-Premature birth (HP:0001622), Skeletal muscle atrophy (HP:0003202)-Camptodactyly (HP:0012385), Short stature (HP:0004322)-High, narrow palate (HP:0002705), 	Proximity to CNTN1 Failure to thrive (HP:0001508)-weight loss (MP:0001263), Small for gestational age (HP:0001518)-weight loss (MP:0001263), Premature birth (HP:0001622)-impaired limb coordination (MP:0001524), Skeletal muscle atrophy (HP:0003202)-decreased body size (MP:0001265), Short stature (HP:0004322)-decreased body size (MP:0001265), 	
115	ITGB4_AD	ITGB4	3691	AD	0.2024	0.2143	0.5027	0.7364	0.5045	0.2429	0.0000	0.5027	0.5045	1.0000	0	Epidermolysis bullosa simplex with pyloric atresia (ORPHA:158684): Nephrocalcinosis (HP:0000121)-Renal dysplasia (HP:0000110), Premature birth (HP:0001622)-Polyhydramnios (HP:0001561), Skeletal muscle atrophy (HP:0003202)-Muscular dystrophy (HP:0003560), 	Nephrocalcinosis (HP:0000121)-abnormal urinary bladder urothelium morphology (MP:0000540), 		Proximity to COL5A1 associated with Classical Ehlers-Danlos syndrome (ORPHA:287): Nephrocalcinosis (HP:0000121)-Bladder diverticulum (HP:0000015), Premature birth (HP:0001622)-Premature birth (HP:0001622), Skeletal muscle atrophy (HP:0003202)-Atrophic scars (HP:0001075), 	Proximity to COL5A1 Skeletal muscle atrophy (HP:0003202)-thin dermal layer (MP:0001244), Short stature (HP:0004322)-thin dermal layer (MP:0001244), 	
116	MYO15A_AR	MYO15A	51168	AR	0.2025	0.2140	0.5007	0.7386	0.0000	0.2865	0.0000	0.5007	0.5007	1.0000	0		Failure to thrive (HP:0001508)-deafness (MP:0001967), Small for gestational age (HP:0001518)-deafness (MP:0001967), Premature birth (HP:0001622)-deafness (MP:0001967), Skeletal muscle atrophy (HP:0003202)-cochlear ganglion hypoplasia (MP:0003637), Short stature (HP:0004322)-cochlear ganglion hypoplasia (MP:0003637), 		Proximity to SLC17A5 associated with Sialic acid storage disorder, infantile (OMIM:269920): Nephrocalcinosis (HP:0000121)-Nephrotic syndrome (HP:0000100), Failure to thrive (HP:0001508)-Failure to thrive (HP:0001508), Small for gestational age (HP:0001518)-Failure to thrive (HP:0001508), Premature birth (HP:0001622)-Premature birth (HP:0001622), Skeletal muscle atrophy (HP:0003202)-Cerebral atrophy (HP:0002059), Short stature (HP:0004322)-High palate (HP:0000218), 	Proximity to SLC17A5 Failure to thrive (HP:0001508)-postnatal growth retardation (MP:0001732), Small for gestational age (HP:0001518)-postnatal growth retardation (MP:0001732), Premature birth (HP:0001622)-postnatal growth retardation (MP:0001732), Skeletal muscle atrophy (HP:0003202)-decreased body size (MP:0001265), Short stature (HP:0004322)-decreased body size (MP:0001265), 	
117	NPY4R2_AD	NPY4R2	100996758	AD	0.2070	0.2053	0.4413	0.8000	0.0000	0.4413	0.0000	0.0000	0.4413	1.0000	0		Failure to thrive (HP:0001508)-decreased body weight (MP:0001262), Small for gestational age (HP:0001518)-decreased body weight (MP:0001262), Premature birth (HP:0001622)-increased aggression towards mice (MP:0001353), Skeletal muscle atrophy (HP:0003202)-decreased body weight (MP:0001262), Short stature (HP:0004322)-decreased body weight (MP:0001262), 				
118	ATP6V1E1_AR	ATP6V1E1	529	AR	0.2094	0.2002	0.7415	0.4568	0.7415	0.0000	0.0000	0.5059	0.7415	1.0000	0	Cutis laxa, autosomal recessive, type IIC (OMIM:617402): Nephrocalcinosis (HP:0000121)-Nephrocalcinosis (HP:0000121), Failure to thrive (HP:0001508)-Decreased body weight (HP:0004325), Small for gestational age (HP:0001518)-Decreased body weight (HP:0004325), Premature birth (HP:0001622)-Oligohydramnios (HP:0001562), Skeletal muscle atrophy (HP:0003202)-Camptodactyly (HP:0012385), Short stature (HP:0004322)-Short stature (HP:0004322), 			Proximity to ATP6V0A4 associated with Distal renal tubular acidosis 3, with or without sensorineural hearing loss (OMIM:602722): Nephrocalcinosis (HP:0000121)-Nephrocalcinosis (HP:0000121), Failure to thrive (HP:0001508)-Failure to thrive (HP:0001508), Small for gestational age (HP:0001518)-Failure to thrive (HP:0001508), Short stature (HP:0004322)-Growth delay (HP:0001510), 	Proximity to ATP6V0A4 Nephrocalcinosis (HP:0000121)-nephrocalcinosis (MP:0003197), Failure to thrive (HP:0001508)-decreased body weight (MP:0001262), Small for gestational age (HP:0001518)-decreased body weight (MP:0001262), Premature birth (HP:0001622)-polyuria (MP:0001762), Skeletal muscle atrophy (HP:0003202)-decreased body size (MP:0001265), Short stature (HP:0004322)-decreased body size (MP:0001265), 	
119	MFHAS1_AD	MFHAS1	9258	AD	0.2132	0.1929	0.5007	0.7244	0.0000	0.0000	0.0000	0.5007	0.5007	1.0000	0				Proximity to PRKAR1A associated with Acrodysostosis 1, with or without hormone resistance (OMIM:101800): Nephrocalcinosis (HP:0000121)-Unilateral renal agenesis (HP:0000122), Failure to thrive (HP:0001508)-Small for gestational age (HP:0001518), Small for gestational age (HP:0001518)-Small for gestational age (HP:0001518), Premature birth (HP:0001622)-Cryptorchidism (HP:0000028), Skeletal muscle atrophy (HP:0003202)-Optic atrophy (HP:0000648), Short stature (HP:0004322)-Short stature (HP:0004322), 	Proximity to PRKAR1A Nephrocalcinosis (HP:0000121)-abnormal urine homeostasis (MP:0009643), Failure to thrive (HP:0001508)-postnatal growth retardation (MP:0001732), Small for gestational age (HP:0001518)-postnatal growth retardation (MP:0001732), Premature birth (HP:0001622)-postnatal growth retardation (MP:0001732), Skeletal muscle atrophy (HP:0003202)-decreased bone volume (MP:0010876), Short stature (HP:0004322)-delayed endochondral bone ossification (MP:0003419), 	
120	FANCD2_AD	FANCD2	2177	AD	0.2150	0.1898	0.2552	1.0000	0.6815	0.5034	0.2983	0.5104	0.6815	0.5000	0	Fanconi anemia, complementation group D2 (OMIM:227646): Nephrocalcinosis (HP:0000121)-Renal duplication (HP:0000075), Failure to thrive (HP:0001508)-Small for gestational age (HP:0001518), Small for gestational age (HP:0001518)-Small for gestational age (HP:0001518), Premature birth (HP:0001622)-Cryptorchidism (HP:0000028), Short stature (HP:0004322)-Short stature (HP:0004322), 	Failure to thrive (HP:0001508)-postnatal growth retardation (MP:0001732), Small for gestational age (HP:0001518)-decreased body weight (MP:0001262), Premature birth (HP:0001622)-postnatal growth retardation (MP:0001732), Skeletal muscle atrophy (HP:0003202)-decreased body weight (MP:0001262), Short stature (HP:0004322)-postnatal growth retardation (MP:0001732), 	Premature birth (HP:0001622)-male sex determination increased occurrence, abnormal (ZP:0017105), 	Proximity to DCLRE1B associated with Dyskeratosis congenita, autosomal recessive 8 (OMIM:620133): Premature birth (HP:0001622)-Premature birth (HP:0001622), Skeletal muscle atrophy (HP:0003202)-Cerebellar atrophy (HP:0001272), Short stature (HP:0004322)-Intrauterine growth retardation (HP:0001511), 	Proximity to DCLRE1B Skeletal muscle atrophy (HP:0003202)-decreased embryo size (MP:0001698), Short stature (HP:0004322)-decreased embryo size (MP:0001698), 	
121	HLA-DRB1_AR	HLA-DRB1	3123	AR	0.2183	0.1839	0.2515	1.0000	0.7067	0.0000	0.0000	0.5029	0.7067	0.5000	0	Sarcoidosis (ORPHA:797): Nephrocalcinosis (HP:0000121)-Nephrocalcinosis (HP:0000121), Failure to thrive (HP:0001508)-Weight loss (HP:0001824), Small for gestational age (HP:0001518)-Weight loss (HP:0001824), Skeletal muscle atrophy (HP:0003202)-Facial palsy (HP:0010628), 			Proximity to SEC24C associated with 22q11.2 deletion syndrome (ORPHA:567): Nephrocalcinosis (HP:0000121)-Multiple renal cysts (HP:0005562), Failure to thrive (HP:0001508)-Failure to thrive (HP:0001508), Small for gestational age (HP:0001518)-Failure to thrive (HP:0001508), Premature birth (HP:0001622)-Polyhydramnios (HP:0001561), Skeletal muscle atrophy (HP:0003202)-Optic atrophy (HP:0000648), Short stature (HP:0004322)-Short stature (HP:0004322), 		Proximity to SEC24C Short stature (HP:0004322)-whole organism decreased length, abnormal (ZP:0000473), 
122	HLA-B_AD	HLA-B	3106	AD	0.2183	0.1838	0.2514	1.0000	0.4969	0.2736	0.0000	0.5029	0.5029	0.5000	0	Behçet disease (ORPHA:117): Nephrocalcinosis (HP:0000121)-Glomerulopathy (HP:0100820), Failure to thrive (HP:0001508)-Weight loss (HP:0001824), Small for gestational age (HP:0001518)-Weight loss (HP:0001824), Premature birth (HP:0001622)-Orchitis (HP:0100796), Skeletal muscle atrophy (HP:0003202)-Myositis (HP:0100614), 	Nephrocalcinosis (HP:0000121)-abnormal urinary bladder morphology (MP:0000538), 		Proximity to SEC24C associated with 22q11.2 deletion syndrome (ORPHA:567): Nephrocalcinosis (HP:0000121)-Multiple renal cysts (HP:0005562), Failure to thrive (HP:0001508)-Failure to thrive (HP:0001508), Small for gestational age (HP:0001518)-Failure to thrive (HP:0001508), Premature birth (HP:0001622)-Polyhydramnios (HP:0001561), Skeletal muscle atrophy (HP:0003202)-Optic atrophy (HP:0000648), Short stature (HP:0004322)-Short stature (HP:0004322), 		Proximity to SEC24C Short stature (HP:0004322)-whole organism decreased length, abnormal (ZP:0000473), 
122	HLA-B_AR	HLA-B	3106	AR	0.2183	0.1838	0.2514	1.0000	0.4969	0.2736	0.0000	0.5029	0.5029	0.5000	0	Behçet disease (ORPHA:117): Nephrocalcinosis (HP:0000121)-Glomerulopathy (HP:0100820), Failure to thrive (HP:0001508)-Weight loss (HP:0001824), Small for gestational age (HP:0001518)-Weight loss (HP:0001824), Premature birth (HP:0001622)-Orchitis (HP:0100796), Skeletal muscle atrophy (HP:0003202)-Myositis (HP:0100614), 	Nephrocalcinosis (HP:0000121)-abnormal urinary bladder morphology (MP:0000538), 		Proximity to SEC24C associated with 22q11.2 deletion syndrome (ORPHA:567): Nephrocalcinosis (HP:0000121)-Multiple renal cysts (HP:0005562), Failure to thrive (HP:0001508)-Failure to thrive (HP:0001508), Small for gestational age (HP:0001518)-Failure to thrive (HP:0001508), Premature birth (HP:0001622)-Polyhydramnios (HP:0001561), Skeletal muscle atrophy (HP:0003202)-Optic atrophy (HP:0000648), Short stature (HP:0004322)-Short stature (HP:0004322), 		Proximity to SEC24C Short stature (HP:0004322)-whole organism decreased length, abnormal (ZP:0000473), 
124	SERPINA1_AD	SERPINA1	5265	AD	0.2191	0.1825	0.2506	1.0000	0.5327	0.0000	0.0000	0.5012	0.5327	0.5000	0	Cystic fibrosis (ORPHA:586): Nephrocalcinosis (HP:0000121)-Nephrolithiasis (HP:0000787), Failure to thrive (HP:0001508)-Failure to thrive (HP:0001508), Small for gestational age (HP:0001518)-Decreased body mass index (HP:0045082), 			Proximity to SERPINE1 associated with Congenital plasminogen activator inhibitor type 1 deficiency (ORPHA:465): Nephrocalcinosis (HP:0000121)-Menorrhagia (HP:0000132), Premature birth (HP:0001622)-Premature birth (HP:0001622), Skeletal muscle atrophy (HP:0003202)-Intramuscular hematoma (HP:0012233), 	Proximity to SERPINE1 Nephrocalcinosis (HP:0000121)-glomerular crescent (MP:0011506), Failure to thrive (HP:0001508)-decreased body weight (MP:0001262), Small for gestational age (HP:0001518)-decreased body weight (MP:0001262), Rhabdomyosarcoma (HP:0002859)-decreased skeletal muscle triglyceride level (MP:0031414), Skeletal muscle atrophy (HP:0003202)-decreased skeletal muscle triglyceride level (MP:0031414), Short stature (HP:0004322)-decreased body weight (MP:0001262), 	
125	GNRHR_AD	GNRHR	2798	AD	0.2192	0.1823	0.2505	1.0000	0.4811	0.4174	0.0000	0.5010	0.5010	0.5000	0	Normosmic congenital hypogonadotropic hypogonadism (ORPHA:432): Nephrocalcinosis (HP:0000121)-Increased female libido (HP:0030019), Failure to thrive (HP:0001508)-Eunuchoid habitus (HP:0003782), Small for gestational age (HP:0001518)-Eunuchoid habitus (HP:0003782), Premature birth (HP:0001622)-Delayed puberty (HP:0000823), Skeletal muscle atrophy (HP:0003202)-Camptodactyly (HP:0012385), Short stature (HP:0004322)-Abnormality of body height (HP:0000002), 	Nephrocalcinosis (HP:0000121)-small penis (MP:0005188), Failure to thrive (HP:0001508)-increased body weight (MP:0001260), Small for gestational age (HP:0001518)-increased body weight (MP:0001260), Premature birth (HP:0001622)-delayed vaginal opening (MP:0002636), Skeletal muscle atrophy (HP:0003202)-small epididymis (MP:0004930), Short stature (HP:0004322)-delayed vaginal opening (MP:0002636), 		Proximity to GNA11 associated with Autosomal dominant hypocalcemia (ORPHA:428): Nephrocalcinosis (HP:0000121)-Nephrocalcinosis (HP:0000121), Skeletal muscle atrophy (HP:0003202)-Optic atrophy (HP:0000648), 	Proximity to GNA11 Failure to thrive (HP:0001508)-decreased body weight (MP:0001262), Small for gestational age (HP:0001518)-decreased body weight (MP:0001262), Skeletal muscle atrophy (HP:0003202)-decreased body weight (MP:0001262), Short stature (HP:0004322)-decreased body weight (MP:0001262), 	
126	SLC26A8_AD	SLC26A8	116369	AD	0.2212	0.1789	0.5000	0.7150	0.2129	0.2781	0.0000	0.5000	0.5000	1.0000	0	Spermatogenic failure 3 (OMIM:606766): Nephrocalcinosis (HP:0000121)-Male infertility (HP:0003251), Premature birth (HP:0001622)-Reduced sperm motility (HP:0012207), 	Failure to thrive (HP:0001508)-impaired acrosome reaction (MP:0004542), Small for gestational age (HP:0001518)-impaired acrosome reaction (MP:0004542), Premature birth (HP:0001622)-impaired acrosome reaction (MP:0004542), Short stature (HP:0004322)-impaired acrosome reaction (MP:0004542), 		Proximity to KCNJ1 associated with Bartter syndrome, type 2 (OMIM:241200): Nephrocalcinosis (HP:0000121)-Nephrocalcinosis (HP:0000121), Failure to thrive (HP:0001508)-Failure to thrive (HP:0001508), Small for gestational age (HP:0001518)-Small for gestational age (HP:0001518), Premature birth (HP:0001622)-Premature birth (HP:0001622), Short stature (HP:0004322)-Short stature (HP:0004322), 	Proximity to KCNJ1 Nephrocalcinosis (HP:0000121)-hydronephrosis (MP:0000519), Failure to thrive (HP:0001508)-postnatal growth retardation (MP:0001732), Small for gestational age (HP:0001518)-postnatal growth retardation (MP:0001732), Premature birth (HP:0001622)-postnatal growth retardation (MP:0001732), Short stature (HP:0004322)-postnatal growth retardation (MP:0001732), 	Proximity to KCNJ1 Failure to thrive (HP:0001508)-heart contraction increased rate, abnormal (ZP:0001534), 
127	MRPL2_AD	MRPL2	51069	AD	0.2249	0.1727	0.5014	0.7088	0.0000	0.0000	0.0000	0.5014	0.5014	1.0000	0				Proximity to RPS17 associated with Diamond-Blackfan anemia (ORPHA:124): Nephrocalcinosis (HP:0000121)-Horseshoe kidney (HP:0000085), Failure to thrive (HP:0001508)-Small for gestational age (HP:0001518), Small for gestational age (HP:0001518)-Small for gestational age (HP:0001518), Premature birth (HP:0001622)-Nonimmune hydrops fetalis (HP:0001790), Rhabdomyosarcoma (HP:0002859)-Osteosarcoma (HP:0002669), Skeletal muscle atrophy (HP:0003202)-Abnormality of the thenar eminence (HP:0001227), Short stature (HP:0004322)-Short stature (HP:0004322), 		
128	COL16A1_AR	COL16A1	1307	AR	0.2269	0.1694	0.5033	0.7041	0.0000	0.0000	0.0000	0.5033	0.5033	1.0000	0				Proximity to COL5A1 associated with Classical Ehlers-Danlos syndrome (ORPHA:287): Nephrocalcinosis (HP:0000121)-Bladder diverticulum (HP:0000015), Premature birth (HP:0001622)-Premature birth (HP:0001622), Skeletal muscle atrophy (HP:0003202)-Atrophic scars (HP:0001075), 	Proximity to COL5A1 Skeletal muscle atrophy (HP:0003202)-thin dermal layer (MP:0001244), Short stature (HP:0004322)-thin dermal layer (MP:0001244), 	
129	POTEF_AR	POTEF	728378	AR	0.2298	0.1644	0.5041	0.6993	0.0000	0.0000	0.0000	0.5041	0.5041	1.0000	0				Proximity to ASH1L associated with Intellectual developmental disorder, autosomal dominant 52 (OMIM:617796): Nephrocalcinosis (HP:0000121)-Cryptorchidism (HP:0000028), Failure to thrive (HP:0001508)-Small for gestational age (HP:0001518), Small for gestational age (HP:0001518)-Small for gestational age (HP:0001518), Premature birth (HP:0001622)-Breech presentation (HP:0001623), Skeletal muscle atrophy (HP:0003202)-Scapular winging (HP:0003691), Short stature (HP:0004322)-High palate (HP:0000218), 	Proximity to ASH1L Failure to thrive (HP:0001508)-postnatal growth retardation (MP:0001732), Small for gestational age (HP:0001518)-decreased body weight (MP:0001262), Premature birth (HP:0001622)-postnatal growth retardation (MP:0001732), Skeletal muscle atrophy (HP:0003202)-decreased body size (MP:0001265), Short stature (HP:0004322)-decreased body size (MP:0001265), 	
130	MUC12_AR	MUC12	10071	AR	0.2302	0.1637	0.5048	0.6980	0.0000	0.0000	0.0000	0.5048	0.5048	1.0000	0				Proximity to GALNT3 associated with Tumoral calcinosis, hyperphosphatemic, familial, 1 (OMIM:211900): Nephrocalcinosis (HP:0000121)-Nephrocalcinosis (HP:0000121), Skeletal muscle atrophy (HP:0003202)-Calcinosis (HP:0003761), 	Proximity to GALNT3 Nephrocalcinosis (HP:0000121)-nephrocalcinosis (MP:0003197), Rhabdomyosarcoma (HP:0002859)-calcified muscle (MP:0003199), Skeletal muscle atrophy (HP:0003202)-calcified muscle (MP:0003199), 	
131	MUC6_AR	MUC6	4588	AR	0.2313	0.1619	0.5048	0.6965	0.0000	0.0000	0.0000	0.5048	0.5048	1.0000	0				Proximity to GALNT3 associated with Tumoral calcinosis, hyperphosphatemic, familial, 1 (OMIM:211900): Nephrocalcinosis (HP:0000121)-Nephrocalcinosis (HP:0000121), Skeletal muscle atrophy (HP:0003202)-Calcinosis (HP:0003761), 	Proximity to GALNT3 Nephrocalcinosis (HP:0000121)-nephrocalcinosis (MP:0003197), Rhabdomyosarcoma (HP:0002859)-calcified muscle (MP:0003199), Skeletal muscle atrophy (HP:0003202)-calcified muscle (MP:0003199), 	
132	SLC8A1_AD	SLC8A1	6546	AD	0.2382	0.1511	0.5001	0.6930	0.0000	0.3313	0.2962	0.5001	0.5001	1.0000	0		Rhabdomyosarcoma (HP:0002859)-absent Z line (MP:0004092), Skeletal muscle atrophy (HP:0003202)-absent Z line (MP:0004092), Short stature (HP:0004322)-decreased embryo size (MP:0001698), 	Rhabdomyosarcoma (HP:0002859)-myocardium uncoordinated, abnormal (ZP:0007878), Skeletal muscle atrophy (HP:0003202)-cardiac muscle cell decreased length, abnormal (ZP:0100739), 	Proximity to ABCC8 associated with Transient neonatal diabetes mellitus (ORPHA:99886): Nephrocalcinosis (HP:0000121)-Abnormality of the kidney (HP:0000077), Failure to thrive (HP:0001508)-Failure to thrive (HP:0001508), Small for gestational age (HP:0001518)-Small for gestational age (HP:0001518), Skeletal muscle atrophy (HP:0003202)-Macroglossia (HP:0000158), Short stature (HP:0004322)-Intrauterine growth retardation (HP:0001511), 		
133	CAMK1G_AD	CAMK1G	57172	AD	0.2388	0.1503	0.5001	0.6923	0.0000	0.0000	0.0000	0.5001	0.5001	1.0000	0				Proximity to RYR1 associated with King-Denborough syndrome (OMIM:619542): Nephrocalcinosis (HP:0000121)-Cryptorchidism (HP:0000028), Failure to thrive (HP:0001508)-Failure to thrive (HP:0001508), Small for gestational age (HP:0001518)-Failure to thrive (HP:0001508), Premature birth (HP:0001622)-Breech presentation (HP:0001623), Skeletal muscle atrophy (HP:0003202)-Minicore myopathy (HP:0003789), Short stature (HP:0004322)-Short stature (HP:0004322), 	Proximity to RYR1 Failure to thrive (HP:0001508)-slow postnatal weight gain (MP:0008489), Small for gestational age (HP:0001518)-slow postnatal weight gain (MP:0008489), Premature birth (HP:0001622)-decreased locomotor activity (MP:0001402), Rhabdomyosarcoma (HP:0002859)-abnormal muscle fiber morphology (MP:0004087), Skeletal muscle atrophy (HP:0003202)-abnormal muscle fiber morphology (MP:0004087), Short stature (HP:0004322)-slow postnatal weight gain (MP:0008489), 	Proximity to RYR1 Rhabdomyosarcoma (HP:0002859)-longitudinal sarcoplasmic reticulum skeletal muscle swollen, abnormal (ZP:0008857), Skeletal muscle atrophy (HP:0003202)-slow muscle cell somite increased length, abnormal (ZP:0138655), 
134	FRZB_AD	FRZB	2487	AD	0.2399	0.1485	0.2503	0.9735	0.0000	0.2375	0.0000	0.5006	0.5006	0.5000	0		Failure to thrive (HP:0001508)-impaired coordination (MP:0001405), Small for gestational age (HP:0001518)-impaired coordination (MP:0001405), Premature birth (HP:0001622)-impaired coordination (MP:0001405), Short stature (HP:0004322)-impaired coordination (MP:0001405), 		Proximity to SLC26A2 associated with Diastrophic dysplasia (OMIM:222600): Nephrocalcinosis (HP:0000121)-Costal cartilage calcification (HP:0006646), Failure to thrive (HP:0001508)-Small for gestational age (HP:0001518), Small for gestational age (HP:0001518)-Small for gestational age (HP:0001518), Skeletal muscle atrophy (HP:0003202)-Hip contracture (HP:0003273), Short stature (HP:0004322)-Disproportionate short-limb short stature (HP:0008873), 	Proximity to SLC26A2 Failure to thrive (HP:0001508)-postnatal growth retardation (MP:0001732), Small for gestational age (HP:0001518)-postnatal growth retardation (MP:0001732), Premature birth (HP:0001622)-postnatal growth retardation (MP:0001732), Skeletal muscle atrophy (HP:0003202)-decreased length of long bones (MP:0004686), Short stature (HP:0004322)-delayed endochondral bone ossification (MP:0003419), 	
135	C1QL2_AD	C1QL2	165257	AD	0.2410	0.1468	0.3243	0.8882	0.0000	0.3243	0.0000	0.0000	0.3243	1.0000	0		Nephrocalcinosis (HP:0000121)-abnormal kidney morphology (MP:0002135), 				
136	PDE4DIP_AD	PDE4DIP	9659	AD	0.2447	0.1415	0.2214	1.0000	0.0000	0.2214	0.0000	0.0000	0.2214	1.0000	0		Failure to thrive (HP:0001508)-hyperactivity (MP:0001399), Small for gestational age (HP:0001518)-hyperactivity (MP:0001399), Premature birth (HP:0001622)-hyperactivity (MP:0001399), Short stature (HP:0004322)-hyperactivity (MP:0001399), 				
136	PDE4DIP_AR	PDE4DIP	9659	AR	0.2447	0.1415	0.2214	1.0000	0.0000	0.2214	0.0000	0.0000	0.2214	1.0000	0		Failure to thrive (HP:0001508)-hyperactivity (MP:0001399), Small for gestational age (HP:0001518)-hyperactivity (MP:0001399), Premature birth (HP:0001622)-hyperactivity (MP:0001399), Short stature (HP:0004322)-hyperactivity (MP:0001399), 				
138	TUBGCP6_AD	TUBGCP6	85378	AD	0.2469	0.1385	0.2517	0.9630	0.4035	0.0000	0.0000	0.5034	0.5034	0.5000	0	Autosomal recessive chorioretinopathy-microcephaly syndrome (ORPHA:2518): Skeletal muscle atrophy (HP:0003202)-Cerebral cortical atrophy (HP:0002120), Short stature (HP:0004322)-Short stature (HP:0004322), 			Proximity to CEP57 associated with Mosaic variegated aneuploidy syndrome (ORPHA:1052): Nephrocalcinosis (HP:0000121)-Multicystic kidney dysplasia (HP:0000003), Premature birth (HP:0001622)-Polyhydramnios (HP:0001561), Rhabdomyosarcoma (HP:0002859)-Rhabdomyosarcoma (HP:0002859), Skeletal muscle atrophy (HP:0003202)-Muscular dystrophy (HP:0003560), Short stature (HP:0004322)-Short stature (HP:0004322), 	Proximity to CEP57 Skeletal muscle atrophy (HP:0003202)-short tail (MP:0000592), Short stature (HP:0004322)-short tail (MP:0000592), 	
139	PIK3C3_AD	PIK3C3	5289	AD	0.2504	0.1335	0.5016	0.6755	0.0000	0.4261	0.2330	0.5016	0.5016	1.0000	0		Failure to thrive (HP:0001508)-decreased body weight (MP:0001262), Small for gestational age (HP:0001518)-decreased body weight (MP:0001262), Skeletal muscle atrophy (HP:0003202)-decreased body weight (MP:0001262), Short stature (HP:0004322)-decreased body weight (MP:0001262), 	Rhabdomyosarcoma (HP:0002859)-vesicle myotome decreased amount, abnormal (ZP:0137575), Skeletal muscle atrophy (HP:0003202)-vesicle myotome decreased amount, abnormal (ZP:0137575), 		Proximity to HGS Failure to thrive (HP:0001508)-postnatal growth retardation (MP:0001732), Small for gestational age (HP:0001518)-cachexia (MP:0005150), Premature birth (HP:0001622)-postnatal growth retardation (MP:0001732), Rhabdomyosarcoma (HP:0002859)-muscular atrophy (MP:0002269), Skeletal muscle atrophy (HP:0003202)-muscular atrophy (MP:0002269), Short stature (HP:0004322)-decreased body height (MP:0001255), 	
140	GARRE1_AD	GARRE1	9710	AD	0.2505	0.1333	0.2147	1.0000	0.0000	0.2147	0.0000	0.0000	0.2147	1.0000	0		Failure to thrive (HP:0001508)-hyperactivity (MP:0001399), Small for gestational age (HP:0001518)-hyperactivity (MP:0001399), Premature birth (HP:0001622)-hyperactivity (MP:0001399), Short stature (HP:0004322)-hyperactivity (MP:0001399), 				
141	PRAMEF6_AD	PRAMEF6	440561	AD	0.2518	0.1316	0.3901	0.8000	0.0000	0.3901	0.0000	0.0000	0.3901	1.0000	0		Nephrocalcinosis (HP:0000121)-abnormal kidney morphology (MP:0002135), Skeletal muscle atrophy (HP:0003202)-small heart (MP:0002188), Short stature (HP:0004322)-small heart (MP:0002188), 				
142	TSSK6_AD	TSSK6	83983	AD	0.2524	0.1308	0.5000	0.6748	0.0000	0.2516	0.0000	0.5000	0.5000	1.0000	0		Failure to thrive (HP:0001508)-asthenozoospermia (MP:0002675), Small for gestational age (HP:0001518)-asthenozoospermia (MP:0002675), Premature birth (HP:0001622)-asthenozoospermia (MP:0002675), Short stature (HP:0004322)-asthenozoospermia (MP:0002675), 		Proximity to MUSK associated with Fetal akinesia deformation sequence 1 (OMIM:208150): Nephrocalcinosis (HP:0000121)-Small placenta (HP:0006266), Failure to thrive (HP:0001508)-Small for gestational age (HP:0001518), Small for gestational age (HP:0001518)-Small for gestational age (HP:0001518), Premature birth (HP:0001622)-Premature birth (HP:0001622), Skeletal muscle atrophy (HP:0003202)-Generalized amyotrophy (HP:0003700), Short stature (HP:0004322)-Intrauterine growth retardation (HP:0001511), 	Proximity to MUSK Failure to thrive (HP:0001508)-decreased body weight (MP:0001262), Small for gestational age (HP:0001518)-decreased body weight (MP:0001262), Premature birth (HP:0001622)-impaired coordination (MP:0001405), Rhabdomyosarcoma (HP:0002859)-abnormal muscle electrophysiology (MP:0004145), Skeletal muscle atrophy (HP:0003202)-thin diaphragm muscle (MP:0000761), Short stature (HP:0004322)-decreased body weight (MP:0001262), 	Proximity to MUSK Failure to thrive (HP:0001508)-axon extension process quality, abnormal (ZP:0001660), Small for gestational age (HP:0001518)-axon extension process quality, abnormal (ZP:0001660), Rhabdomyosarcoma (HP:0002859)-extracellular matrix myotome absent, abnormal (ZP:0018899), Skeletal muscle atrophy (HP:0003202)-extracellular matrix myotome absent, abnormal (ZP:0018899), Short stature (HP:0004322)-axon extension process quality, abnormal (ZP:0001660), 
143	CNOT10_AD	CNOT10	25904	AD	0.2531	0.1300	0.2147	0.9969	0.0000	0.2147	0.0000	0.0000	0.2147	1.0000	0		Failure to thrive (HP:0001508)-hyperactivity (MP:0001399), Small for gestational age (HP:0001518)-hyperactivity (MP:0001399), Premature birth (HP:0001622)-hyperactivity (MP:0001399), Short stature (HP:0004322)-hyperactivity (MP:0001399), 				
144	EHBP1L1_AD	EHBP1L1	254102	AD	0.2597	0.1215	0.3813	0.8000	0.0000	0.3813	0.0000	0.0000	0.3813	1.0000	0		Nephrocalcinosis (HP:0000121)-abnormal Mullerian duct morphology (MP:0003826), Rhabdomyosarcoma (HP:0002859)-abnormal eye muscle morphology (MP:0003686), Skeletal muscle atrophy (HP:0003202)-thin myocardium (MP:0002652), Short stature (HP:0004322)-thin myocardium (MP:0002652), 				
145	L2HGDH_AD	L2HGDH	79944	AD	0.2608	0.1202	0.2501	0.9471	0.2754	0.2350	0.0000	0.5001	0.5001	0.5000	0	L-2-hydroxyglutaric aciduria (OMIM:236792): Nephrocalcinosis (HP:0000121)-L-2-hydroxyglutaric aciduria (HP:0040144), Skeletal muscle atrophy (HP:0003202)-Cerebellar atrophy (HP:0001272), 	Failure to thrive (HP:0001508)-decreased exploration in new environment (MP:0001417), Small for gestational age (HP:0001518)-decreased exploration in new environment (MP:0001417), Premature birth (HP:0001622)-decreased exploration in new environment (MP:0001417), Short stature (HP:0004322)-decreased exploration in new environment (MP:0001417), 		Proximity to SLC1A2 associated with Developmental and epileptic encephalopathy 41 (OMIM:617105): Nephrocalcinosis (HP:0000121)-Nephrocalcinosis (HP:0000121), Skeletal muscle atrophy (HP:0003202)-Flexion contracture (HP:0001371), Short stature (HP:0004322)-Delayed CNS myelination (HP:0002188), 	Proximity to SLC1A2 Failure to thrive (HP:0001508)-postnatal growth retardation (MP:0001732), Small for gestational age (HP:0001518)-postnatal growth retardation (MP:0001732), Premature birth (HP:0001622)-postnatal growth retardation (MP:0001732), Short stature (HP:0004322)-postnatal growth retardation (MP:0001732), 	Proximity to SLC1A2 Failure to thrive (HP:0001508)-skeletal muscle contraction increased frequency, abnormal (ZP:0004409), Short stature (HP:0004322)-whole organism decreased length, abnormal (ZP:0000473), 
146	ZNG1E_AD	ZNG1E	220869	AD	0.2655	0.1149	0.3751	0.8000	0.0000	0.3751	0.0000	0.0000	0.3751	1.0000	0		Nephrocalcinosis (HP:0000121)-abnormal kidney interstitium morphology (MP:0011425), 				
147	LRP4_AR	LRP4	4038	AR	0.2682	0.1117	0.5131	0.6404	0.5131	0.4122	0.3624	0.5059	0.5131	1.0000	0	Postsynaptic congenital myasthenic syndromes (ORPHA:98913): Skeletal muscle atrophy (HP:0003202)-Skeletal muscle atrophy (HP:0003202), Short stature (HP:0004322)-High palate (HP:0000218), 	Nephrocalcinosis (HP:0000121)-abnormal kidney development (MP:0000527), Skeletal muscle atrophy (HP:0003202)-ureter hypoplasia (MP:0011298), Short stature (HP:0004322)-ureter hypoplasia (MP:0011298), 	Nephrocalcinosis (HP:0000121)-renal system morphology, abnormal (ZP:0107060), Rhabdomyosarcoma (HP:0002859)-acetylcholine-gated channel complex muscle decreased amount, abnormal (ZP:0019937), Skeletal muscle atrophy (HP:0003202)-acetylcholine-gated channel complex muscle decreased amount, abnormal (ZP:0019937), 	Proximity to MUSK associated with Fetal akinesia deformation sequence 1 (OMIM:208150): Nephrocalcinosis (HP:0000121)-Small placenta (HP:0006266), Failure to thrive (HP:0001508)-Small for gestational age (HP:0001518), Small for gestational age (HP:0001518)-Small for gestational age (HP:0001518), Premature birth (HP:0001622)-Premature birth (HP:0001622), Skeletal muscle atrophy (HP:0003202)-Generalized amyotrophy (HP:0003700), Short stature (HP:0004322)-Intrauterine growth retardation (HP:0001511), 	Proximity to MUSK Failure to thrive (HP:0001508)-decreased body weight (MP:0001262), Small for gestational age (HP:0001518)-decreased body weight (MP:0001262), Premature birth (HP:0001622)-impaired coordination (MP:0001405), Rhabdomyosarcoma (HP:0002859)-abnormal muscle electrophysiology (MP:0004145), Skeletal muscle atrophy (HP:0003202)-thin diaphragm muscle (MP:0000761), Short stature (HP:0004322)-decreased body weight (MP:0001262), 	Proximity to MUSK Failure to thrive (HP:0001508)-axon extension process quality, abnormal (ZP:0001660), Small for gestational age (HP:0001518)-axon extension process quality, abnormal (ZP:0001660), Rhabdomyosarcoma (HP:0002859)-extracellular matrix myotome absent, abnormal (ZP:0018899), Skeletal muscle atrophy (HP:0003202)-extracellular matrix myotome absent, abnormal (ZP:0018899), Short stature (HP:0004322)-axon extension process quality, abnormal (ZP:0001660), 
148	KRT6C_AD	KRT6C	286887	AD	0.2710	0.1086	0.5059	0.6450	0.0000	0.5059	0.0000	0.0000	0.5059	1.0000	0		Failure to thrive (HP:0001508)-postnatal growth retardation (MP:0001732), Small for gestational age (HP:0001518)-decreased body weight (MP:0001262), Premature birth (HP:0001622)-postnatal growth retardation (MP:0001732), Skeletal muscle atrophy (HP:0003202)-decreased body weight (MP:0001262), Short stature (HP:0004322)-postnatal growth retardation (MP:0001732), 				
149	HGSNAT_AD	HGSNAT	138050	AD	0.2740	0.1054	0.2500	0.9311	0.3865	0.3916	0.0000	0.5000	0.5000	0.5000	0	Retinitis pigmentosa (ORPHA:791): Nephrocalcinosis (HP:0000121)-Hypogonadism (HP:0000135), Failure to thrive (HP:0001508)-Obesity (HP:0001513), Small for gestational age (HP:0001518)-Obesity (HP:0001513), Premature birth (HP:0001622)-Abnormal testis morphology (HP:0000035), Skeletal muscle atrophy (HP:0003202)-Optic atrophy (HP:0000648), 	Nephrocalcinosis (HP:0000121)-abnormal proximal convoluted tubule morphology (MP:0004756), Failure to thrive (HP:0001508)-decreased locomotor activity (MP:0001402), Small for gestational age (HP:0001518)-increased spleen weight (MP:0004952), Premature birth (HP:0001622)-increased anxiety-related response (MP:0001363), Rhabdomyosarcoma (HP:0002859)-abnormal ventricle myocardium morphology (MP:0010499), Skeletal muscle atrophy (HP:0003202)-abnormal ventricle myocardium morphology (MP:0010499), Short stature (HP:0004322)-increased anxiety-related response (MP:0001363), 		Proximity to GLB1 associated with GM1-gangliosidosis, type II (OMIM:230600): Failure to thrive (HP:0001508)-Failure to thrive (HP:0001508), Small for gestational age (HP:0001518)-Failure to thrive (HP:0001508), Premature birth (HP:0001622)-Premature birth (HP:0001622), Skeletal muscle atrophy (HP:0003202)-Cerebral atrophy (HP:0002059), 	Proximity to GLB1 Nephrocalcinosis (HP:0000121)-abnormal renal glomerulus morphology (MP:0005325), Failure to thrive (HP:0001508)-cachexia (MP:0005150), Small for gestational age (HP:0001518)-cachexia (MP:0005150), Premature birth (HP:0001622)-decreased locomotor activity (MP:0001402), Skeletal muscle atrophy (HP:0003202)-cachexia (MP:0005150), Short stature (HP:0004322)-cachexia (MP:0005150), 	
150	MRGPRF_AD	MRGPRF	116535	AD	0.2759	0.1032	0.5000	0.6456	0.0000	0.0000	0.0000	0.5000	0.5000	1.0000	0				Proximity to GNA11 associated with Autosomal dominant hypocalcemia (ORPHA:428): Nephrocalcinosis (HP:0000121)-Nephrocalcinosis (HP:0000121), Skeletal muscle atrophy (HP:0003202)-Optic atrophy (HP:0000648), 	Proximity to GNA11 Failure to thrive (HP:0001508)-decreased body weight (MP:0001262), Small for gestational age (HP:0001518)-decreased body weight (MP:0001262), Skeletal muscle atrophy (HP:0003202)-decreased body weight (MP:0001262), Short stature (HP:0004322)-decreased body weight (MP:0001262), 	
151	PRAMEF10_AR	PRAMEF10	343071	AR	0.2769	0.1022	0.3901	0.7688	0.0000	0.3901	0.0000	0.0000	0.3901	1.0000	0		Nephrocalcinosis (HP:0000121)-abnormal kidney morphology (MP:0002135), Skeletal muscle atrophy (HP:0003202)-small heart (MP:0002188), Short stature (HP:0004322)-small heart (MP:0002188), 				
152	PIK3C2A_AD	PIK3C2A	5286	AD	0.2817	0.0973	0.2774	0.8904	0.6698	0.5547	0.0000	0.5046	0.6698	0.5000	0	Oculoskeletodental syndrome (OMIM:618440): Nephrocalcinosis (HP:0000121)-Renal agenesis (HP:0000104), Failure to thrive (HP:0001508)-Small for gestational age (HP:0001518), Small for gestational age (HP:0001518)-Small for gestational age (HP:0001518), Premature birth (HP:0001622)-Cryptorchidism (HP:0000028), Skeletal muscle atrophy (HP:0003202)-Macroglossia (HP:0000158), Short stature (HP:0004322)-Short stature (HP:0004322), 	Nephrocalcinosis (HP:0000121)-abnormal kidney morphology (MP:0002135), Failure to thrive (HP:0001508)-postnatal growth retardation (MP:0001732), Small for gestational age (HP:0001518)-decreased body weight (MP:0001262), Premature birth (HP:0001622)-postnatal growth retardation (MP:0001732), Skeletal muscle atrophy (HP:0003202)-decreased body size (MP:0001265), Short stature (HP:0004322)-decreased body size (MP:0001265), 		Proximity to STAMBP associated with Microcephaly-capillary malformation syndrome (OMIM:614261): Nephrocalcinosis (HP:0000121)-Vesicoureteral reflux (HP:0000076), Failure to thrive (HP:0001508)-Failure to thrive (HP:0001508), Small for gestational age (HP:0001518)-Small for gestational age (HP:0001518), Skeletal muscle atrophy (HP:0003202)-Cerebral atrophy (HP:0002059), Short stature (HP:0004322)-Short stature (HP:0004322), 	Proximity to STAMBP Failure to thrive (HP:0001508)-postnatal growth retardation (MP:0001732), Small for gestational age (HP:0001518)-postnatal growth retardation (MP:0001732), Premature birth (HP:0001622)-postnatal growth retardation (MP:0001732), Short stature (HP:0004322)-postnatal growth retardation (MP:0001732), 	
153	ALDH3A1_AD	ALDH3A1	218	AD	0.2822	0.0968	0.5032	0.6343	0.0000	0.0000	0.0000	0.5032	0.5032	1.0000	0				Proximity to COMT associated with 22q11.2 deletion syndrome (ORPHA:567): Nephrocalcinosis (HP:0000121)-Multiple renal cysts (HP:0005562), Failure to thrive (HP:0001508)-Failure to thrive (HP:0001508), Small for gestational age (HP:0001518)-Failure to thrive (HP:0001508), Premature birth (HP:0001622)-Polyhydramnios (HP:0001561), Skeletal muscle atrophy (HP:0003202)-Optic atrophy (HP:0000648), Short stature (HP:0004322)-Short stature (HP:0004322), 	Proximity to COMT Nephrocalcinosis (HP:0000121)-abnormal renal glomerulus morphology (MP:0005325), Failure to thrive (HP:0001508)-increased anxiety-related response (MP:0001363), Small for gestational age (HP:0001518)-increased anxiety-related response (MP:0001363), Premature birth (HP:0001622)-increased anxiety-related response (MP:0001363), Short stature (HP:0004322)-increased anxiety-related response (MP:0001363), 	
154	FAT4_AD	FAT4	79633	AD	0.2830	0.0960	0.2500	0.9197	0.4480	0.4365	0.0000	0.5001	0.5001	0.5000	0	Cerebrofacioarticular syndrome (ORPHA:314679): Nephrocalcinosis (HP:0000121)-Renal hypoplasia (HP:0000089), Skeletal muscle atrophy (HP:0003202)-Camptodactyly (HP:0012385), Short stature (HP:0004322)-Short stature (HP:0004322), 	Nephrocalcinosis (HP:0000121)-small kidney (MP:0002989), Failure to thrive (HP:0001508)-abnormal sternum ossification (MP:0008277), Small for gestational age (HP:0001518)-abnormal sternum ossification (MP:0008277), Premature birth (HP:0001622)-abnormal sternum ossification (MP:0008277), Skeletal muscle atrophy (HP:0003202)-small lung (MP:0003641), Short stature (HP:0004322)-small lung (MP:0003641), 		Proximity to CRB2 associated with Ventriculomegaly with cystic kidney disease (OMIM:219730): Nephrocalcinosis (HP:0000121)-Hyperechogenic kidneys (HP:0004719), Premature birth (HP:0001622)-Premature birth (HP:0001622), 	Proximity to CRB2 Skeletal muscle atrophy (HP:0003202)-small allantois (MP:0004559), Short stature (HP:0004322)-small allantois (MP:0004559), 	Proximity to CRB2 Nephrocalcinosis (HP:0000121)-pronephros cystic, abnormal (ZP:0001445), 
155	KMT2C_AD	KMT2C	58508	AD	0.2837	0.0953	0.5996	0.5233	0.5996	0.4598	0.0000	0.5043	0.5996	1.0000	0	Kleefstra syndrome due to a point mutation (ORPHA:261652): Nephrocalcinosis (HP:0000121)-Abnormality of the kidney (HP:0000077), Failure to thrive (HP:0001508)-Failure to thrive (HP:0001508), Small for gestational age (HP:0001518)-Failure to thrive (HP:0001508), Premature birth (HP:0001622)-Precocious puberty (HP:0000826), Short stature (HP:0004322)-Short stature (HP:0004322), 	Failure to thrive (HP:0001508)-postnatal growth retardation (MP:0001732), Small for gestational age (HP:0001518)-postnatal growth retardation (MP:0001732), Premature birth (HP:0001622)-postnatal growth retardation (MP:0001732), Short stature (HP:0004322)-postnatal growth retardation (MP:0001732), 		Proximity to KDM6A associated with Kabuki syndrome (ORPHA:2322): Nephrocalcinosis (HP:0000121)-Renal hypoplasia/aplasia (HP:0008678), Failure to thrive (HP:0001508)-Failure to thrive (HP:0001508), Small for gestational age (HP:0001518)-Failure to thrive (HP:0001508), Premature birth (HP:0001622)-Precocious puberty (HP:0000826), Skeletal muscle atrophy (HP:0003202)-Congenital diaphragmatic hernia (HP:0000776), Short stature (HP:0004322)-Short stature (HP:0004322), 	Proximity to KDM6A Failure to thrive (HP:0001508)-postnatal growth retardation (MP:0001732), Small for gestational age (HP:0001518)-postnatal growth retardation (MP:0001732), Premature birth (HP:0001622)-postnatal growth retardation (MP:0001732), Short stature (HP:0004322)-postnatal growth retardation (MP:0001732), 	Proximity to KDM6A Premature birth (HP:0001622)-germ cell migration disrupted, abnormal (ZP:0002495), 
156	RBMXL1_AR	RBMXL1	494115	AR	0.2912	0.0881	0.5008	0.6256	0.0000	0.0000	0.0000	0.5008	0.5008	1.0000	0				Proximity to HNRNPK associated with Au-Kline syndrome (OMIM:616580): Nephrocalcinosis (HP:0000121)-Dilatation of the renal pelvis (HP:0010946), Failure to thrive (HP:0001508)-Failure to thrive (HP:0001508), Small for gestational age (HP:0001518)-Failure to thrive (HP:0001508), Premature birth (HP:0001622)-Breech presentation (HP:0001623), Short stature (HP:0004322)-High palate (HP:0000218), 		
157	PRSS2_AD	PRSS2	5645	AD	0.2942	0.0852	0.2990	0.8500	0.2990	0.2259	0.0000	0.0000	0.2990	1.0000	0	Pancreatitis, chronic, protection against (OMIM:167800): Nephrocalcinosis (HP:0000121)-Pancreatic calcification (HP:0005213), 	Failure to thrive (HP:0001508)-impaired righting response (MP:0001523), Small for gestational age (HP:0001518)-impaired righting response (MP:0001523), Premature birth (HP:0001622)-impaired righting response (MP:0001523), Short stature (HP:0004322)-impaired righting response (MP:0001523), 				
158	TTN_AD	TTN	7273	AD	0.2950	0.0845	0.5191	0.6000	0.5830	0.4261	0.4457	0.0000	0.5830	1.0000	0	Classic multiminicore myopathy (ORPHA:324604): Failure to thrive (HP:0001508)-Failure to thrive (HP:0001508), Small for gestational age (HP:0001518)-Failure to thrive (HP:0001508), Skeletal muscle atrophy (HP:0003202)-Generalized amyotrophy (HP:0003700), Short stature (HP:0004322)-Short stature (HP:0004322), 	Failure to thrive (HP:0001508)-decreased body weight (MP:0001262), Small for gestational age (HP:0001518)-decreased body weight (MP:0001262), Skeletal muscle atrophy (HP:0003202)-decreased body weight (MP:0001262), Short stature (HP:0004322)-decreased body weight (MP:0001262), 	Failure to thrive (HP:0001508)-growth decreased occurrence, abnormal (ZP:0003058), Small for gestational age (HP:0001518)-growth decreased occurrence, abnormal (ZP:0003058), Rhabdomyosarcoma (HP:0002859)-skeletal muscle quality, abnormal (ZP:0003067), Skeletal muscle atrophy (HP:0003202)-muscle structure, abnormal (ZP:0001507), Short stature (HP:0004322)-growth decreased occurrence, abnormal (ZP:0003058), 			
159	PRAMEF5_AD	PRAMEF5	343068	AD	0.2999	0.0804	0.3901	0.7400	0.0000	0.3901	0.0000	0.0000	0.3901	1.0000	0		Nephrocalcinosis (HP:0000121)-abnormal kidney morphology (MP:0002135), Skeletal muscle atrophy (HP:0003202)-small heart (MP:0002188), Short stature (HP:0004322)-small heart (MP:0002188), 				
160	HSPG2_AR	HSPG2	3339	AR	0.3042	0.0771	0.6209	0.4738	0.6209	0.5180	0.3884	0.5049	0.6209	1.0000	0	Schwartz-Jampel syndrome (ORPHA:800): Nephrocalcinosis (HP:0000121)-Nephrolithiasis (HP:0000787), Failure to thrive (HP:0001508)-Decreased body weight (HP:0004325), Small for gestational age (HP:0001518)-Decreased body weight (HP:0004325), Premature birth (HP:0001622)-Prenatal movement abnormality (HP:0001557), Skeletal muscle atrophy (HP:0003202)-Skeletal muscle atrophy (HP:0003202), Short stature (HP:0004322)-Short stature (HP:0004322), 	Failure to thrive (HP:0001508)-decreased body weight (MP:0001262), Small for gestational age (HP:0001518)-decreased body weight (MP:0001262), Premature birth (HP:0001622)-delayed bone ossification (MP:0000060), Rhabdomyosarcoma (HP:0002859)-abnormal muscle morphology (MP:0002108), Skeletal muscle atrophy (HP:0003202)-abnormal muscle morphology (MP:0002108), Short stature (HP:0004322)-decreased cranium height (MP:0008525), 	Rhabdomyosarcoma (HP:0002859)-mitochondrial matrix trunk musculature absent, abnormal (ZP:0009155), Skeletal muscle atrophy (HP:0003202)-trunk musculature dystrophic, abnormal (ZP:0001496), Short stature (HP:0004322)-whole organism decreased length, abnormal (ZP:0000473), 	Proximity to FBN1 associated with Marfan lipodystrophy syndrome (OMIM:616914): Premature birth (HP:0001622)-Premature birth (HP:0001622), Skeletal muscle atrophy (HP:0003202)-Scapular winging (HP:0003691), Short stature (HP:0004322)-Tall stature (HP:0000098), 	Proximity to FBN1 Nephrocalcinosis (HP:0000121)-calcified aorta (MP:0010522), Failure to thrive (HP:0001508)-hemothorax (MP:0005243), Small for gestational age (HP:0001518)-hemothorax (MP:0005243), Premature birth (HP:0001622)-hemothorax (MP:0005243), Rhabdomyosarcoma (HP:0002859)-diaphragmatic hernia (MP:0003924), Skeletal muscle atrophy (HP:0003202)-diaphragmatic hernia (MP:0003924), Short stature (HP:0004322)-decreased bone volume (MP:0010876), 	
161	HLA-DQA2_AR	HLA-DQA2	3117	AR	0.3057	0.0759	0.5863	0.5111	0.5863	0.0000	0.0000	0.0000	0.5863	1.0000	0	Celiac disease, susceptibility to (OMIM:212750): Nephrocalcinosis (HP:0000121)-Cerebral calcification (HP:0002514), Failure to thrive (HP:0001508)-Failure to thrive (HP:0001508), Small for gestational age (HP:0001518)-Weight loss (HP:0001824), Premature birth (HP:0001622)-Delayed puberty (HP:0000823), Short stature (HP:0004322)-Short stature (HP:0004322), 					
162	PRSS3_AR	PRSS3	5646	AR	0.3060	0.0757	0.5008	0.6076	0.0000	0.2259	0.0000	0.5008	0.5008	1.0000	0		Failure to thrive (HP:0001508)-impaired righting response (MP:0001523), Small for gestational age (HP:0001518)-impaired righting response (MP:0001523), Premature birth (HP:0001622)-impaired righting response (MP:0001523), Short stature (HP:0004322)-impaired righting response (MP:0001523), 		Proximity to LMBRD1 associated with Methylmalonic aciduria and homocystinuria, cblF type (OMIM:277380): Nephrocalcinosis (HP:0000121)-Methylmalonic aciduria (HP:0012120), Failure to thrive (HP:0001508)-Failure to thrive (HP:0001508), Small for gestational age (HP:0001518)-Small for gestational age (HP:0001518), Short stature (HP:0004322)-Short stature (HP:0004322), 	Proximity to LMBRD1 Skeletal muscle atrophy (HP:0003202)-decreased embryo size (MP:0001698), Short stature (HP:0004322)-decreased embryo size (MP:0001698), 	
163	POTEJ_AD	POTEJ	653781	AD	0.3076	0.0744	0.5041	0.6018	0.0000	0.0000	0.0000	0.5041	0.5041	1.0000	0				Proximity to ASH1L associated with Intellectual developmental disorder, autosomal dominant 52 (OMIM:617796): Nephrocalcinosis (HP:0000121)-Cryptorchidism (HP:0000028), Failure to thrive (HP:0001508)-Small for gestational age (HP:0001518), Small for gestational age (HP:0001518)-Small for gestational age (HP:0001518), Premature birth (HP:0001622)-Breech presentation (HP:0001623), Skeletal muscle atrophy (HP:0003202)-Scapular winging (HP:0003691), Short stature (HP:0004322)-High palate (HP:0000218), 	Proximity to ASH1L Failure to thrive (HP:0001508)-postnatal growth retardation (MP:0001732), Small for gestational age (HP:0001518)-decreased body weight (MP:0001262), Premature birth (HP:0001622)-postnatal growth retardation (MP:0001732), Skeletal muscle atrophy (HP:0003202)-decreased body size (MP:0001265), Short stature (HP:0004322)-decreased body size (MP:0001265), 	
164	FOXL1_AD	FOXL1	2300	AD	0.3078	0.0742	0.5019	0.6041	0.0000	0.4814	0.0000	0.5019	0.5019	1.0000	0		Failure to thrive (HP:0001508)-postnatal growth retardation (MP:0001732), Small for gestational age (HP:0001518)-postnatal growth retardation (MP:0001732), Premature birth (HP:0001622)-postnatal growth retardation (MP:0001732), Skeletal muscle atrophy (HP:0003202)-decreased small intestinal villus size (MP:0008142), Short stature (HP:0004322)-postnatal growth retardation (MP:0001732), 		Proximity to GLI2 associated with Microform holoprosencephaly (ORPHA:280200): Nephrocalcinosis (HP:0000121)-Renal agenesis (HP:0000104), Premature birth (HP:0001622)-Premature birth (HP:0001622), Skeletal muscle atrophy (HP:0003202)-EMG: myopathic abnormalities (HP:0003458), Short stature (HP:0004322)-Short stature (HP:0004322), 	Proximity to GLI2 Failure to thrive (HP:0001508)-delayed bone ossification (MP:0000060), Small for gestational age (HP:0001518)-delayed bone ossification (MP:0000060), Premature birth (HP:0001622)-delayed bone ossification (MP:0000060), Skeletal muscle atrophy (HP:0003202)-short limbs (MP:0000547), Short stature (HP:0004322)-delayed bone ossification (MP:0000060), 	Proximity to GLI2 Nephrocalcinosis (HP:0000121)-pronephric glomerulus mislocalised laterally, abnormal (ZP:0012534), Rhabdomyosarcoma (HP:0002859)-myoseptum quality, abnormal (ZP:0003289), Skeletal muscle atrophy (HP:0003202)-horizontal myoseptum hypoplastic, abnormal (ZP:0005400), 
165	PRSS3_AD	PRSS3	5646	AD	0.3088	0.0734	0.5008	0.6040	0.0000	0.2259	0.0000	0.5008	0.5008	1.0000	0		Failure to thrive (HP:0001508)-impaired righting response (MP:0001523), Small for gestational age (HP:0001518)-impaired righting response (MP:0001523), Premature birth (HP:0001622)-impaired righting response (MP:0001523), Short stature (HP:0004322)-impaired righting response (MP:0001523), 		Proximity to LMBRD1 associated with Methylmalonic aciduria and homocystinuria, cblF type (OMIM:277380): Nephrocalcinosis (HP:0000121)-Methylmalonic aciduria (HP:0012120), Failure to thrive (HP:0001508)-Failure to thrive (HP:0001508), Small for gestational age (HP:0001518)-Small for gestational age (HP:0001518), Short stature (HP:0004322)-Short stature (HP:0004322), 	Proximity to LMBRD1 Skeletal muscle atrophy (HP:0003202)-decreased embryo size (MP:0001698), Short stature (HP:0004322)-decreased embryo size (MP:0001698), 	
166	CNTNAP3_AR	CNTNAP3	79937	AR	0.3130	0.0702	0.5056	0.5934	0.0000	0.0000	0.0000	0.5056	0.5056	1.0000	0				Proximity to CNTN1 associated with Congenital myopathy 12 (OMIM:612540): Failure to thrive (HP:0001508)-Small for gestational age (HP:0001518), Small for gestational age (HP:0001518)-Small for gestational age (HP:0001518), Premature birth (HP:0001622)-Premature birth (HP:0001622), Skeletal muscle atrophy (HP:0003202)-Camptodactyly (HP:0012385), Short stature (HP:0004322)-High, narrow palate (HP:0002705), 	Proximity to CNTN1 Failure to thrive (HP:0001508)-weight loss (MP:0001263), Small for gestational age (HP:0001518)-weight loss (MP:0001263), Premature birth (HP:0001622)-impaired limb coordination (MP:0001524), Skeletal muscle atrophy (HP:0003202)-decreased body size (MP:0001265), Short stature (HP:0004322)-decreased body size (MP:0001265), 	
167	RIMBP3_AD	RIMBP3	85376	AD	0.3154	0.0684	0.5000	0.5967	0.0000	0.3525	0.0000	0.5000	0.5000	1.0000	0		Failure to thrive (HP:0001508)-impaired fertilization (MP:0000242), Small for gestational age (HP:0001518)-impaired fertilization (MP:0000242), Premature birth (HP:0001622)-impaired fertilization (MP:0000242), Short stature (HP:0004322)-impaired fertilization (MP:0000242), 		Proximity to MC1R associated with Large congenital melanocytic nevus (ORPHA:626): Rhabdomyosarcoma (HP:0002859)-Rhabdomyosarcoma (HP:0002859), 	Proximity to MC1R Failure to thrive (HP:0001508)-hyperpigmentation (MP:0001188), Small for gestational age (HP:0001518)-hyperpigmentation (MP:0001188), Premature birth (HP:0001622)-hyperpigmentation (MP:0001188), Short stature (HP:0004322)-hyperpigmentation (MP:0001188), 	
168	COL11A2_AD	COL11A2	1302	AD	0.3215	0.0642	0.5001	0.5891	0.4091	0.4970	0.1963	0.5001	0.5001	1.0000	0	Otospondylomegaepiphyseal dysplasia (ORPHA:1427): Premature birth (HP:0001622)-Polyhydramnios (HP:0001561), Short stature (HP:0004322)-Disproportionate short stature (HP:0003498), 	Failure to thrive (HP:0001508)-postnatal growth retardation (MP:0001732), Small for gestational age (HP:0001518)-postnatal growth retardation (MP:0001732), Premature birth (HP:0001622)-postnatal growth retardation (MP:0001732), Skeletal muscle atrophy (HP:0003202)-decreased body size (MP:0001265), Short stature (HP:0004322)-decreased body size (MP:0001265), 	Short stature (HP:0004322)-chondrocyte differentiation delayed, abnormal (ZP:0000120), 	Proximity to PHOX2B associated with Haddad syndrome (ORPHA:99803): Failure to thrive (HP:0001508)-Failure to thrive (HP:0001508), Small for gestational age (HP:0001518)-Small for gestational age (HP:0001518), Premature birth (HP:0001622)-Polyhydramnios (HP:0001561), Rhabdomyosarcoma (HP:0002859)-Neuroblastoma (HP:0003006), 	Proximity to PHOX2B Failure to thrive (HP:0001508)-impaired pupillary reflex (MP:0006243), Small for gestational age (HP:0001518)-impaired pupillary reflex (MP:0006243), Premature birth (HP:0001622)-impaired pupillary reflex (MP:0006243), Short stature (HP:0004322)-impaired pupillary reflex (MP:0006243), 	
169	PIEZO2_AD	PIEZO2	63895	AD	0.3226	0.0635	0.6384	0.4312	0.6384	0.2039	0.0000	0.0000	0.6384	1.0000	0	Marden-Walker syndrome (ORPHA:2461): Nephrocalcinosis (HP:0000121)-Renal dysplasia (HP:0000110), Failure to thrive (HP:0001508)-Failure to thrive (HP:0001508), Small for gestational age (HP:0001518)-Failure to thrive (HP:0001508), Premature birth (HP:0001622)-Hydronephrosis (HP:0000126), Skeletal muscle atrophy (HP:0003202)-Skeletal muscle atrophy (HP:0003202), Short stature (HP:0004322)-Severe short stature (HP:0003510), 	Short stature (HP:0004322)-abnormal embryo size (MP:0001697), 				
170	MIS18BP1_AR	MIS18BP1	55320	AR	0.3328	0.0569	0.5001	0.5752	0.0000	0.0000	0.0000	0.5001	0.5001	1.0000	0				Proximity to MAD1L1 associated with Mosaic variegated aneuploidy syndrome 7 with inflammation and tumor predisposition (OMIM:620189): Nephrocalcinosis (HP:0000121)-Cervix cancer (HP:0030079), Rhabdomyosarcoma (HP:0002859)-Embryonal rhabdomyosarcoma (HP:0006743), 	Proximity to MAD1L1 Rhabdomyosarcoma (HP:0002859)-increased rhabdomyosarcoma incidence (MP:0002036), Skeletal muscle atrophy (HP:0003202)-increased rhabdomyosarcoma incidence (MP:0002036), 	Proximity to MAD1L1 Failure to thrive (HP:0001508)-habituation decreased rate, abnormal (ZP:0138053), 
171	CCKAR_AD	CCKAR	886	AD	0.3333	0.0565	0.5010	0.5734	0.0000	0.2521	0.0000	0.5010	0.5010	1.0000	0		Nephrocalcinosis (HP:0000121)-enlarged urinary bladder (MP:0011874), 		Proximity to GNA11 associated with Autosomal dominant hypocalcemia (ORPHA:428): Nephrocalcinosis (HP:0000121)-Nephrocalcinosis (HP:0000121), Skeletal muscle atrophy (HP:0003202)-Optic atrophy (HP:0000648), 	Proximity to GNA11 Failure to thrive (HP:0001508)-decreased body weight (MP:0001262), Small for gestational age (HP:0001518)-decreased body weight (MP:0001262), Skeletal muscle atrophy (HP:0003202)-decreased body weight (MP:0001262), Short stature (HP:0004322)-decreased body weight (MP:0001262), 	
172	KDM6B_AR	KDM6B	23135	AR	0.3374	0.0541	0.2521	0.8500	0.1588	0.4174	0.0000	0.5043	0.5043	0.5000	0	Stolerman neurodevelopmental syndrome (OMIM:618505): Nephrocalcinosis (HP:0000121)-Cryptorchidism (HP:0000028), Premature birth (HP:0001622)-Cryptorchidism (HP:0000028), 	Failure to thrive (HP:0001508)-decreased fetal weight (MP:0009431), Small for gestational age (HP:0001518)-decreased fetal weight (MP:0009431), Premature birth (HP:0001622)-decreased fetal size (MP:0004200), Skeletal muscle atrophy (HP:0003202)-short limbs (MP:0000547), Short stature (HP:0004322)-delayed endochondral bone ossification (MP:0003419), 		Proximity to KMT2D associated with Kabuki syndrome (ORPHA:2322): Nephrocalcinosis (HP:0000121)-Renal hypoplasia/aplasia (HP:0008678), Failure to thrive (HP:0001508)-Failure to thrive (HP:0001508), Small for gestational age (HP:0001518)-Failure to thrive (HP:0001508), Premature birth (HP:0001622)-Precocious puberty (HP:0000826), Skeletal muscle atrophy (HP:0003202)-Congenital diaphragmatic hernia (HP:0000776), Short stature (HP:0004322)-Short stature (HP:0004322), 	Proximity to KMT2D Failure to thrive (HP:0001508)-decreased body weight (MP:0001262), Small for gestational age (HP:0001518)-decreased body weight (MP:0001262), Skeletal muscle atrophy (HP:0003202)-decreased body size (MP:0001265), Short stature (HP:0004322)-decreased body size (MP:0001265), 	
173	POMZP3_AR	POMZP3	22932	AR	0.3379	0.0539	0.2958	0.8000	0.0000	0.2958	0.0000	0.0000	0.2958	1.0000	0		Failure to thrive (HP:0001508)-decreased ovary weight (MP:0004856), Small for gestational age (HP:0001518)-decreased ovary weight (MP:0004856), Premature birth (HP:0001622)-decreased superovulation rate (MP:0031420), Skeletal muscle atrophy (HP:0003202)-small ovary (MP:0001127), Short stature (HP:0004322)-small ovary (MP:0001127), 				
174	FLG_AR	FLG	2312	AR	0.3389	0.0533	0.5005	0.5671	0.2872	0.3109	0.0000	0.5005	0.5005	1.0000	0	Recessive X-linked ichthyosis (ORPHA:461): Nephrocalcinosis (HP:0000121)-Cryptorchidism (HP:0000028), Premature birth (HP:0001622)-Desquamation of skin soon after birth (HP:0007549), 	Skeletal muscle atrophy (HP:0003202)-decreased body size (MP:0001265), Short stature (HP:0004322)-decreased body size (MP:0001265), 		Proximity to ABCA12 associated with Ichthyosis, congenital, autosomal recessive 4B (harlequin) (OMIM:242500): Failure to thrive (HP:0001508)-Failure to thrive (HP:0001508), Small for gestational age (HP:0001518)-Failure to thrive (HP:0001508), Premature birth (HP:0001622)-Premature birth (HP:0001622), 	Proximity to ABCA12 Failure to thrive (HP:0001508)-decreased fetal weight (MP:0009431), Small for gestational age (HP:0001518)-decreased fetal weight (MP:0009431), Premature birth (HP:0001622)-decreased fetal weight (MP:0009431), Skeletal muscle atrophy (HP:0003202)-decreased fetal weight (MP:0009431), Short stature (HP:0004322)-decreased fetal weight (MP:0009431), 	
175	EXOC3L2_AD	EXOC3L2	90332	AD	0.3440	0.0505	0.5001	0.5614	0.0000	0.2978	0.0000	0.5001	0.5001	1.0000	0		Failure to thrive (HP:0001508)-decreased heart weight (MP:0002834), Small for gestational age (HP:0001518)-decreased heart weight (MP:0002834), Skeletal muscle atrophy (HP:0003202)-decreased heart weight (MP:0002834), Short stature (HP:0004322)-decreased heart weight (MP:0002834), 		Proximity to STX3 associated with Microvillus inclusion disease (ORPHA:2290): Nephrocalcinosis (HP:0000121)-Nephrocalcinosis (HP:0000121), Skeletal muscle atrophy (HP:0003202)-Villous atrophy (HP:0011473), 		
176	ASAH2_AR	ASAH2	56624	AR	0.3484	0.0481	0.5066	0.5485	0.0000	0.0000	0.0000	0.5066	0.5066	1.0000	0				Proximity to SMPD4 associated with Neurodevelopmental disorder with microcephaly, arthrogryposis, and structural brain anomalies (OMIM:618622): Failure to thrive (HP:0001508)-Progressive microcephaly (HP:0000253), Premature birth (HP:0001622)-Premature birth (HP:0001622), Skeletal muscle atrophy (HP:0003202)-Arthrogryposis multiplex congenita (HP:0002804), Short stature (HP:0004322)-Birth length less than 3rd percentile (HP:0003561), 	Proximity to SMPD4 Nephrocalcinosis (HP:0000121)-dilated ureter (MP:0003586), 	
177	PRDM9_AR	PRDM9	56979	AR	0.3488	0.0479	0.5001	0.5554	0.0000	0.3055	0.0000	0.5001	0.5001	1.0000	0		Failure to thrive (HP:0001508)-decreased testis weight (MP:0004852), Small for gestational age (HP:0001518)-decreased testis weight (MP:0004852), Premature birth (HP:0001622)-arrest of male meiosis (MP:0008261), Skeletal muscle atrophy (HP:0003202)-small ovary (MP:0001127), Short stature (HP:0004322)-small ovary (MP:0001127), 		Proximity to TRIP13 associated with Mosaic variegated aneuploidy syndrome (ORPHA:1052): Nephrocalcinosis (HP:0000121)-Multicystic kidney dysplasia (HP:0000003), Premature birth (HP:0001622)-Polyhydramnios (HP:0001561), Rhabdomyosarcoma (HP:0002859)-Rhabdomyosarcoma (HP:0002859), Skeletal muscle atrophy (HP:0003202)-Muscular dystrophy (HP:0003560), Short stature (HP:0004322)-Short stature (HP:0004322), 	Proximity to TRIP13 Failure to thrive (HP:0001508)-impaired ovarian folliculogenesis (MP:0001129), Small for gestational age (HP:0001518)-arrest of male meiosis (MP:0008261), Premature birth (HP:0001622)-arrest of male meiosis (MP:0008261), Skeletal muscle atrophy (HP:0003202)-decreased body size (MP:0001265), Short stature (HP:0004322)-decreased body size (MP:0001265), 	
178	SVIL_AD	SVIL	6840	AD	0.3489	0.0478	0.2504	0.8378	0.2666	0.0000	0.0000	0.5009	0.5009	0.5000	0	Myofibrillar myopathy 10 (OMIM:619040): Skeletal muscle atrophy (HP:0003202)-EMG: myopathic abnormalities (HP:0003458), 			Proximity to HNRNPK associated with Au-Kline syndrome (OMIM:616580): Nephrocalcinosis (HP:0000121)-Dilatation of the renal pelvis (HP:0010946), Failure to thrive (HP:0001508)-Failure to thrive (HP:0001508), Small for gestational age (HP:0001518)-Failure to thrive (HP:0001508), Premature birth (HP:0001622)-Breech presentation (HP:0001623), Short stature (HP:0004322)-High palate (HP:0000218), 		
179	SEC22C_AD	SEC22C	9117	AD	0.3529	0.0458	0.5039	0.5459	0.0000	0.0000	0.0000	0.5039	0.5039	1.0000	0				Proximity to SEC23B associated with Cowden syndrome (ORPHA:201): Nephrocalcinosis (HP:0000121)-Abnormality of the kidney (HP:0000077), Failure to thrive (HP:0001508)-Failure to thrive (HP:0001508), Small for gestational age (HP:0001518)-Failure to thrive (HP:0001508), Rhabdomyosarcoma (HP:0002859)-Fibroma (HP:0010614), Skeletal muscle atrophy (HP:0003202)-Macroglossia (HP:0000158), Short stature (HP:0004322)-Short stature (HP:0004322), 	Proximity to SEC23B Skeletal muscle atrophy (HP:0003202)-small pancreas (MP:0004247), Short stature (HP:0004322)-small pancreas (MP:0004247), 	
180	FOXD4L4_AR	FOXD4L4	349334	AR	0.3560	0.0442	0.5034	0.5425	0.0000	0.0000	0.0000	0.5034	0.5034	1.0000	0				Proximity to PAX7 associated with Rhabdomyosarcoma 2, alveolar (OMIM:268220): Rhabdomyosarcoma (HP:0002859)-Alveolar rhabdomyosarcoma (HP:0006779), 	Proximity to PAX7 Failure to thrive (HP:0001508)-postnatal growth retardation (MP:0001732), Small for gestational age (HP:0001518)-postnatal growth retardation (MP:0001732), Premature birth (HP:0001622)-postnatal growth retardation (MP:0001732), Rhabdomyosarcoma (HP:0002859)-muscle weakness (MP:0000747), Skeletal muscle atrophy (HP:0003202)-thin diaphragm muscle (MP:0000761), Short stature (HP:0004322)-postnatal growth retardation (MP:0001732), 	
181	HLA-DQB1_AR	HLA-DQB1	3119	AR	0.3583	0.0431	0.5863	0.4458	0.5863	0.4598	0.0000	0.5132	0.5863	1.0000	0	Celiac disease, susceptibility to (OMIM:212750): Nephrocalcinosis (HP:0000121)-Cerebral calcification (HP:0002514), Failure to thrive (HP:0001508)-Failure to thrive (HP:0001508), Small for gestational age (HP:0001518)-Weight loss (HP:0001824), Premature birth (HP:0001622)-Delayed puberty (HP:0000823), Short stature (HP:0004322)-Short stature (HP:0004322), 	Failure to thrive (HP:0001508)-postnatal growth retardation (MP:0001732), Small for gestational age (HP:0001518)-postnatal growth retardation (MP:0001732), Premature birth (HP:0001622)-postnatal growth retardation (MP:0001732), Short stature (HP:0004322)-postnatal growth retardation (MP:0001732), 		Proximity to TOR1A associated with Arthrogryposis multiplex congenita 5 (OMIM:618947): Nephrocalcinosis (HP:0000121)-Medullary nephrocalcinosis (HP:0012408), Premature birth (HP:0001622)-Polyhydramnios (HP:0001561), Skeletal muscle atrophy (HP:0003202)-Flexion contracture (HP:0001371), Short stature (HP:0004322)-Growth delay (HP:0001510), 	Proximity to TOR1A Failure to thrive (HP:0001508)-weight loss (MP:0001263), Small for gestational age (HP:0001518)-weight loss (MP:0001263), Premature birth (HP:0001622)-impaired coordination (MP:0001405), Rhabdomyosarcoma (HP:0002859)-dystonia (MP:0005323), Skeletal muscle atrophy (HP:0003202)-dystonia (MP:0005323), Short stature (HP:0004322)-weight loss (MP:0001263), 	
182	POTEE_AD	POTEE	445582	AD	0.3597	0.0424	0.5041	0.5370	0.0000	0.0000	0.0000	0.5041	0.5041	1.0000	0				Proximity to ASH1L associated with Intellectual developmental disorder, autosomal dominant 52 (OMIM:617796): Nephrocalcinosis (HP:0000121)-Cryptorchidism (HP:0000028), Failure to thrive (HP:0001508)-Small for gestational age (HP:0001518), Small for gestational age (HP:0001518)-Small for gestational age (HP:0001518), Premature birth (HP:0001622)-Breech presentation (HP:0001623), Skeletal muscle atrophy (HP:0003202)-Scapular winging (HP:0003691), Short stature (HP:0004322)-High palate (HP:0000218), 	Proximity to ASH1L Failure to thrive (HP:0001508)-postnatal growth retardation (MP:0001732), Small for gestational age (HP:0001518)-decreased body weight (MP:0001262), Premature birth (HP:0001622)-postnatal growth retardation (MP:0001732), Skeletal muscle atrophy (HP:0003202)-decreased body size (MP:0001265), Short stature (HP:0004322)-decreased body size (MP:0001265), 	
183	KMT2C_AR	KMT2C	58508	AR	0.3641	0.0405	0.2522	0.8169	0.5996	0.4598	0.0000	0.5043	0.5996	0.5000	0	Kleefstra syndrome due to a point mutation (ORPHA:261652): Nephrocalcinosis (HP:0000121)-Abnormality of the kidney (HP:0000077), Failure to thrive (HP:0001508)-Failure to thrive (HP:0001508), Small for gestational age (HP:0001518)-Failure to thrive (HP:0001508), Premature birth (HP:0001622)-Precocious puberty (HP:0000826), Short stature (HP:0004322)-Short stature (HP:0004322), 	Failure to thrive (HP:0001508)-postnatal growth retardation (MP:0001732), Small for gestational age (HP:0001518)-postnatal growth retardation (MP:0001732), Premature birth (HP:0001622)-postnatal growth retardation (MP:0001732), Short stature (HP:0004322)-postnatal growth retardation (MP:0001732), 		Proximity to KDM6A associated with Kabuki syndrome (ORPHA:2322): Nephrocalcinosis (HP:0000121)-Renal hypoplasia/aplasia (HP:0008678), Failure to thrive (HP:0001508)-Failure to thrive (HP:0001508), Small for gestational age (HP:0001518)-Failure to thrive (HP:0001508), Premature birth (HP:0001622)-Precocious puberty (HP:0000826), Skeletal muscle atrophy (HP:0003202)-Congenital diaphragmatic hernia (HP:0000776), Short stature (HP:0004322)-Short stature (HP:0004322), 	Proximity to KDM6A Failure to thrive (HP:0001508)-postnatal growth retardation (MP:0001732), Small for gestational age (HP:0001518)-postnatal growth retardation (MP:0001732), Premature birth (HP:0001622)-postnatal growth retardation (MP:0001732), Short stature (HP:0004322)-postnatal growth retardation (MP:0001732), 	Proximity to KDM6A Premature birth (HP:0001622)-germ cell migration disrupted, abnormal (ZP:0002495), 
184	KRT6B_AD	KRT6B	3854	AD	0.3692	0.0382	0.5059	0.5230	0.4550	0.5059	0.0000	0.0000	0.5059	1.0000	0	Pachyonychia congenita (ORPHA:2309): Failure to thrive (HP:0001508)-Failure to thrive (HP:0001508), Small for gestational age (HP:0001518)-Failure to thrive (HP:0001508), 	Failure to thrive (HP:0001508)-postnatal growth retardation (MP:0001732), Small for gestational age (HP:0001518)-decreased body weight (MP:0001262), Premature birth (HP:0001622)-postnatal growth retardation (MP:0001732), Skeletal muscle atrophy (HP:0003202)-decreased body weight (MP:0001262), Short stature (HP:0004322)-postnatal growth retardation (MP:0001732), 				
185	RIMS1_AD	RIMS1	22999	AD	0.3757	0.0356	0.5004	0.5212	0.0000	0.0000	0.0000	0.5004	0.5004	1.0000	0				Proximity to YRDC associated with Galloway-Mowat syndrome (ORPHA:2065): Nephrocalcinosis (HP:0000121)-Nephrotic syndrome (HP:0000100), Premature birth (HP:0001622)-Premature birth (HP:0001622), Skeletal muscle atrophy (HP:0003202)-Camptodactyly of finger (HP:0100490), Short stature (HP:0004322)-Short stature (HP:0004322), 		
186	PARG_AD	PARG	8505	AD	0.3799	0.0340	0.1873	0.8704	0.0000	0.1873	0.0000	0.0000	0.1873	1.0000	0		Skeletal muscle atrophy (HP:0003202)-small superior vagus ganglion (MP:0001102), Short stature (HP:0004322)-small superior vagus ganglion (MP:0001102), 				
186	ATP6V1E1_AD	ATP6V1E1	529	AD	0.3799	0.0340	0.2529	0.7961	0.7415	0.0000	0.0000	0.5059	0.7415	0.5000	0	Cutis laxa, autosomal recessive, type IIC (OMIM:617402): Nephrocalcinosis (HP:0000121)-Nephrocalcinosis (HP:0000121), Failure to thrive (HP:0001508)-Decreased body weight (HP:0004325), Small for gestational age (HP:0001518)-Decreased body weight (HP:0004325), Premature birth (HP:0001622)-Oligohydramnios (HP:0001562), Skeletal muscle atrophy (HP:0003202)-Camptodactyly (HP:0012385), Short stature (HP:0004322)-Short stature (HP:0004322), 			Proximity to ATP6V0A4 associated with Distal renal tubular acidosis 3, with or without sensorineural hearing loss (OMIM:602722): Nephrocalcinosis (HP:0000121)-Nephrocalcinosis (HP:0000121), Failure to thrive (HP:0001508)-Failure to thrive (HP:0001508), Small for gestational age (HP:0001518)-Failure to thrive (HP:0001508), Short stature (HP:0004322)-Growth delay (HP:0001510), 	Proximity to ATP6V0A4 Nephrocalcinosis (HP:0000121)-nephrocalcinosis (MP:0003197), Failure to thrive (HP:0001508)-decreased body weight (MP:0001262), Small for gestational age (HP:0001518)-decreased body weight (MP:0001262), Premature birth (HP:0001622)-polyuria (MP:0001762), Skeletal muscle atrophy (HP:0003202)-decreased body size (MP:0001265), Short stature (HP:0004322)-decreased body size (MP:0001265), 	
188	PRKRA_AD	PRKRA	8575	AD	0.3823	0.0330	0.2519	0.7942	0.1736	0.4909	0.0000	0.5038	0.5038	0.5000	0	Dystonia 16 (ORPHA:210571): Skeletal muscle atrophy (HP:0003202)-Torticollis (HP:0000473), 	Failure to thrive (HP:0001508)-postnatal growth retardation (MP:0001732), Small for gestational age (HP:0001518)-decreased body weight (MP:0001262), Premature birth (HP:0001622)-postnatal growth retardation (MP:0001732), Skeletal muscle atrophy (HP:0003202)-small ears (MP:0000018), Short stature (HP:0004322)-postnatal growth retardation (MP:0001732), 		Proximity to DICER1 associated with Familial multinodular goiter (ORPHA:276399): Nephrocalcinosis (HP:0000121)-Renal cell carcinoma (HP:0005584), Premature birth (HP:0001622)-Sertoli cell neoplasm (HP:0100619), Rhabdomyosarcoma (HP:0002859)-Alveolar rhabdomyosarcoma (HP:0006779), 	Proximity to DICER1 Skeletal muscle atrophy (HP:0003202)-decreased embryo size (MP:0001698), Short stature (HP:0004322)-decreased embryo size (MP:0001698), 	Proximity to DICER1 Short stature (HP:0004322)-eye development delayed, abnormal (ZP:0006694), 
189	HLA-C_AD	HLA-C	3107	AD	0.3834	0.0327	0.2514	0.7934	0.0000	0.2736	0.0000	0.5029	0.5029	0.5000	0		Nephrocalcinosis (HP:0000121)-abnormal urinary bladder morphology (MP:0000538), 		Proximity to SEC24C associated with 22q11.2 deletion syndrome (ORPHA:567): Nephrocalcinosis (HP:0000121)-Multiple renal cysts (HP:0005562), Failure to thrive (HP:0001508)-Failure to thrive (HP:0001508), Small for gestational age (HP:0001518)-Failure to thrive (HP:0001508), Premature birth (HP:0001622)-Polyhydramnios (HP:0001561), Skeletal muscle atrophy (HP:0003202)-Optic atrophy (HP:0000648), Short stature (HP:0004322)-Short stature (HP:0004322), 		Proximity to SEC24C Short stature (HP:0004322)-whole organism decreased length, abnormal (ZP:0000473), 
190	CDK11A_AR	CDK11A	728642	AR	0.3848	0.0322	0.5005	0.5099	0.0000	0.0000	0.0000	0.5005	0.5005	1.0000	0				Proximity to AR associated with Non-syndromic posterior hypospadias (ORPHA:95706): Nephrocalcinosis (HP:0000121)-Urethral diverticulum (HP:0008722), Failure to thrive (HP:0001508)-Small for gestational age (HP:0001518), Small for gestational age (HP:0001518)-Small for gestational age (HP:0001518), Premature birth (HP:0001622)-Cryptorchidism (HP:0000028), Skeletal muscle atrophy (HP:0003202)-Congenital diaphragmatic hernia (HP:0000776), 	Proximity to AR Nephrocalcinosis (HP:0000121)-distended urinary bladder (MP:0000539), Failure to thrive (HP:0001508)-decreased body weight (MP:0001262), Small for gestational age (HP:0001518)-decreased body weight (MP:0001262), Rhabdomyosarcoma (HP:0002859)-myopathy (MP:0000751), Skeletal muscle atrophy (HP:0003202)-skeletal muscle fiber atrophy (MP:0009413), Short stature (HP:0004322)-decreased body size (MP:0001265), 	Proximity to AR Failure to thrive (HP:0001508)-fertilization decreased rate, abnormal (ZP:0106154), Premature birth (HP:0001622)-fertilization decreased rate, abnormal (ZP:0106154), Short stature (HP:0004322)-spermatogenesis delayed, abnormal (ZP:0012632), 
191	ARHGEF17_AD	ARHGEF17	9828	AD	0.3918	0.0298	0.5031	0.4982	0.0000	0.2871	0.0000	0.5031	0.5031	1.0000	0		Nephrocalcinosis (HP:0000121)-enlarged kidney (MP:0003068), 		Proximity to ARHGAP31 associated with Adams-Oliver syndrome (ORPHA:974): Failure to thrive (HP:0001508)-Failure to thrive (HP:0001508), Small for gestational age (HP:0001518)-Failure to thrive (HP:0001508), Premature birth (HP:0001622)-Premature birth (HP:0001622), 	Proximity to ARHGAP31 Short stature (HP:0004322)-abnormal embryo size (MP:0001697), 	
192	ANAPC1_AR	ANAPC1	64682	AR	0.3950	0.0288	0.6993	0.2724	0.6993	0.0000	0.0000	0.5044	0.6993	1.0000	0	Rothmund-Thomson syndrome type 1 (ORPHA:221008): Nephrocalcinosis (HP:0000121)-Hypogonadism (HP:0000135), Failure to thrive (HP:0001508)-Small for gestational age (HP:0001518), Small for gestational age (HP:0001518)-Small for gestational age (HP:0001518), Premature birth (HP:0001622)-Cryptorchidism (HP:0000028), Rhabdomyosarcoma (HP:0002859)-Osteosarcoma (HP:0002669), Skeletal muscle atrophy (HP:0003202)-Calcinosis (HP:0003761), Short stature (HP:0004322)-Short stature (HP:0004322), 			Proximity to CUL7 associated with 3-M syndrome 1 (OMIM:273750): Nephrocalcinosis (HP:0000121)-Hypospadias (HP:0000047), Failure to thrive (HP:0001508)-Small for gestational age (HP:0001518), Small for gestational age (HP:0001518)-Small for gestational age (HP:0001518), Premature birth (HP:0001622)-Decreased testicular size (HP:0008734), Skeletal muscle atrophy (HP:0003202)-Scapular winging (HP:0003691), Short stature (HP:0004322)-Short stature (HP:0004322), 	Proximity to CUL7 Failure to thrive (HP:0001508)-decreased body weight (MP:0001262), Small for gestational age (HP:0001518)-decreased body weight (MP:0001262), Skeletal muscle atrophy (HP:0003202)-decreased body weight (MP:0001262), Short stature (HP:0004322)-decreased body weight (MP:0001262), 	
192	EIF4E2_AD	EIF4E2	9470	AD	0.3952	0.0288	0.5001	0.4977	0.0000	0.2200	0.0000	0.5001	0.5001	1.0000	0		Skeletal muscle atrophy (HP:0003202)-decreased brain size (MP:0000774), Short stature (HP:0004322)-decreased brain size (MP:0000774), 		Proximity to RBCK1 associated with Polyglucosan body myopathy 1 with or without immunodeficiency (OMIM:615895): Nephrocalcinosis (HP:0000121)-Vesicoureteral reflux (HP:0000076), Failure to thrive (HP:0001508)-Failure to thrive (HP:0001508), Small for gestational age (HP:0001518)-Failure to thrive (HP:0001508), Premature birth (HP:0001622)-Neonatal omphalitis (HP:0032435), Skeletal muscle atrophy (HP:0003202)-Skeletal muscle atrophy (HP:0003202), Short stature (HP:0004322)-Growth delay (HP:0001510), 	Proximity to RBCK1 Failure to thrive (HP:0001508)-hyperactivity (MP:0001399), Small for gestational age (HP:0001518)-hyperactivity (MP:0001399), Premature birth (HP:0001622)-hyperactivity (MP:0001399), Short stature (HP:0004322)-hyperactivity (MP:0001399), 	
194	PRAMEF9_AD	PRAMEF9	343070	AD	0.4005	0.0271	0.3901	0.6155	0.0000	0.3901	0.0000	0.0000	0.3901	1.0000	0		Nephrocalcinosis (HP:0000121)-abnormal kidney morphology (MP:0002135), Skeletal muscle atrophy (HP:0003202)-small heart (MP:0002188), Short stature (HP:0004322)-small heart (MP:0002188), 				
195	PRAMEF5_AR	PRAMEF5	343068	AR	0.4017	0.0267	0.3901	0.6140	0.0000	0.3901	0.0000	0.0000	0.3901	1.0000	0		Nephrocalcinosis (HP:0000121)-abnormal kidney morphology (MP:0002135), Skeletal muscle atrophy (HP:0003202)-small heart (MP:0002188), Short stature (HP:0004322)-small heart (MP:0002188), 				
196	TTBK2_AD	TTBK2	146057	AD	0.4042	0.0260	0.5000	0.4865	0.2159	0.2718	0.0000	0.5000	0.5000	1.0000	0	Spinocerebellar ataxia 11 (OMIM:604432): Skeletal muscle atrophy (HP:0003202)-Cerebellar atrophy (HP:0001272), 	Nephrocalcinosis (HP:0000121)-polycystic kidney (MP:0008528), 		Proximity to SPTBN1 associated with Developmental delay, impaired speech, and behavioral abnormalities (OMIM:619475): Nephrocalcinosis (HP:0000121)-Hematuria (HP:0000790), Failure to thrive (HP:0001508)-Failure to thrive (HP:0001508), Small for gestational age (HP:0001518)-Decreased body weight (HP:0004325), Premature birth (HP:0001622)-Nuchal cord (HP:0012498), Rhabdomyosarcoma (HP:0002859)-Neurofibroma (HP:0001067), Skeletal muscle atrophy (HP:0003202)-Torticollis (HP:0000473), Short stature (HP:0004322)-Delayed puberty (HP:0000823), 	Proximity to SPTBN1 Failure to thrive (HP:0001508)-decreased body weight (MP:0001262), Small for gestational age (HP:0001518)-decreased body weight (MP:0001262), Skeletal muscle atrophy (HP:0003202)-decreased body weight (MP:0001262), Short stature (HP:0004322)-decreased body weight (MP:0001262), 	
196	ARPC1B_AD	ARPC1B	10095	AD	0.4042	0.0260	0.2501	0.7693	0.4550	0.2667	0.0000	0.5002	0.5002	0.5000	0	Immunodeficiency 71 with inflammatory disease and congenital thrombocytopenia (OMIM:617718): Failure to thrive (HP:0001508)-Failure to thrive (HP:0001508), Small for gestational age (HP:0001518)-Failure to thrive (HP:0001508), 	Skeletal muscle atrophy (HP:0003202)-decreased body length (MP:0001258), Short stature (HP:0004322)-decreased body length (MP:0001258), 		Proximity to DIAPH1 associated with Progressive microcephaly-seizures-cortical blindness-developmental delay syndrome (ORPHA:477814): Failure to thrive (HP:0001508)-Decreased body weight (HP:0004325), Small for gestational age (HP:0001518)-Decreased body weight (HP:0004325), Premature birth (HP:0001622)-Delayed puberty (HP:0000823), Skeletal muscle atrophy (HP:0003202)-Skeletal muscle atrophy (HP:0003202), Short stature (HP:0004322)-Short stature (HP:0004322), 	Proximity to DIAPH1 Failure to thrive (HP:0001508)-postnatal growth retardation (MP:0001732), Small for gestational age (HP:0001518)-postnatal growth retardation (MP:0001732), Premature birth (HP:0001622)-postnatal growth retardation (MP:0001732), Short stature (HP:0004322)-postnatal growth retardation (MP:0001732), 	
198	NPY4R2_AR	NPY4R2	100996758	AR	0.4104	0.0243	0.4413	0.5454	0.0000	0.4413	0.0000	0.0000	0.4413	1.0000	0		Failure to thrive (HP:0001508)-decreased body weight (MP:0001262), Small for gestational age (HP:0001518)-decreased body weight (MP:0001262), Premature birth (HP:0001622)-increased aggression towards mice (MP:0001353), Skeletal muscle atrophy (HP:0003202)-decreased body weight (MP:0001262), Short stature (HP:0004322)-decreased body weight (MP:0001262), 				
199	ESRRA_AR	ESRRA	2101	AR	0.4121	0.0238	0.5016	0.4750	0.0000	0.4414	0.2419	0.5016	0.5016	1.0000	0		Failure to thrive (HP:0001508)-decreased body weight (MP:0001262), Small for gestational age (HP:0001518)-decreased body weight (MP:0001262), Skeletal muscle atrophy (HP:0003202)-decreased body weight (MP:0001262), Short stature (HP:0004322)-decreased body weight (MP:0001262), 	Rhabdomyosarcoma (HP:0002859)-myotome increased amount, abnormal (ZP:0019265), Skeletal muscle atrophy (HP:0003202)-myotome increased amount, abnormal (ZP:0019265), 	Proximity to HNF4A associated with Fanconi renotubular syndrome 4, with maturity-onset diabetes of the young (OMIM:616026): Nephrocalcinosis (HP:0000121)-Nephrocalcinosis (HP:0000121), Failure to thrive (HP:0001508)-Large for gestational age (HP:0001520), Small for gestational age (HP:0001518)-Large for gestational age (HP:0001520), Short stature (HP:0004322)-Short stature (HP:0004322), 	Proximity to HNF4A Failure to thrive (HP:0001508)-decreased body weight (MP:0001262), Small for gestational age (HP:0001518)-decreased body weight (MP:0001262), Skeletal muscle atrophy (HP:0003202)-decreased body weight (MP:0001262), Short stature (HP:0004322)-decreased body weight (MP:0001262), 	
200	UBQLN1_AD	UBQLN1	29979	AD	0.4158	0.0229	0.5030	0.4687	0.0000	0.0000	0.0000	0.5030	0.5030	1.0000	0				Proximity to UFD1 associated with 22q11.2 deletion syndrome (ORPHA:567): Nephrocalcinosis (HP:0000121)-Multiple renal cysts (HP:0005562), Failure to thrive (HP:0001508)-Failure to thrive (HP:0001508), Small for gestational age (HP:0001518)-Failure to thrive (HP:0001508), Premature birth (HP:0001622)-Polyhydramnios (HP:0001561), Skeletal muscle atrophy (HP:0003202)-Optic atrophy (HP:0000648), Short stature (HP:0004322)-Short stature (HP:0004322), 		
201	GPATCH3_AD	GPATCH3	63906	AD	0.4217	0.0214	0.2117	0.7910	0.0000	0.2117	0.0000	0.0000	0.2117	1.0000	0		Skeletal muscle atrophy (HP:0003202)-microphthalmia (MP:0001297), Short stature (HP:0004322)-microphthalmia (MP:0001297), 				
202	MUC6_AD	MUC6	4588	AD	0.4223	0.0213	0.5048	0.4586	0.0000	0.0000	0.0000	0.5048	0.5048	1.0000	0				Proximity to GALNT3 associated with Tumoral calcinosis, hyperphosphatemic, familial, 1 (OMIM:211900): Nephrocalcinosis (HP:0000121)-Nephrocalcinosis (HP:0000121), Skeletal muscle atrophy (HP:0003202)-Calcinosis (HP:0003761), 	Proximity to GALNT3 Nephrocalcinosis (HP:0000121)-nephrocalcinosis (MP:0003197), Rhabdomyosarcoma (HP:0002859)-calcified muscle (MP:0003199), Skeletal muscle atrophy (HP:0003202)-calcified muscle (MP:0003199), 	
203	PRDM9_AD	PRDM9	56979	AD	0.4227	0.0211	0.5001	0.4633	0.0000	0.3055	0.0000	0.5001	0.5001	1.0000	0		Failure to thrive (HP:0001508)-decreased testis weight (MP:0004852), Small for gestational age (HP:0001518)-decreased testis weight (MP:0004852), Premature birth (HP:0001622)-arrest of male meiosis (MP:0008261), Skeletal muscle atrophy (HP:0003202)-small ovary (MP:0001127), Short stature (HP:0004322)-small ovary (MP:0001127), 		Proximity to TRIP13 associated with Mosaic variegated aneuploidy syndrome (ORPHA:1052): Nephrocalcinosis (HP:0000121)-Multicystic kidney dysplasia (HP:0000003), Premature birth (HP:0001622)-Polyhydramnios (HP:0001561), Rhabdomyosarcoma (HP:0002859)-Rhabdomyosarcoma (HP:0002859), Skeletal muscle atrophy (HP:0003202)-Muscular dystrophy (HP:0003560), Short stature (HP:0004322)-Short stature (HP:0004322), 	Proximity to TRIP13 Failure to thrive (HP:0001508)-impaired ovarian folliculogenesis (MP:0001129), Small for gestational age (HP:0001518)-arrest of male meiosis (MP:0008261), Premature birth (HP:0001622)-arrest of male meiosis (MP:0008261), Skeletal muscle atrophy (HP:0003202)-decreased body size (MP:0001265), Short stature (HP:0004322)-decreased body size (MP:0001265), 	
204	PRSS1_AR	PRSS1	5644	AR	0.4274	0.0201	0.1129	0.8957	0.2990	0.2259	0.0000	0.0000	0.2990	0.5000	0	Hereditary chronic pancreatitis (ORPHA:676): Nephrocalcinosis (HP:0000121)-Pancreatic calcification (HP:0005213), 	Failure to thrive (HP:0001508)-impaired righting response (MP:0001523), Small for gestational age (HP:0001518)-impaired righting response (MP:0001523), Premature birth (HP:0001622)-impaired righting response (MP:0001523), Short stature (HP:0004322)-impaired righting response (MP:0001523), 				
205	RGPD8_AR	RGPD8	727851	AR	0.4277	0.0200	0.5001	0.4571	0.0000	0.3146	0.0000	0.5001	0.5001	1.0000	0		Failure to thrive (HP:0001508)-decreased susceptibility to diet-induced obesity (MP:0005659), Small for gestational age (HP:0001518)-decreased susceptibility to diet-induced obesity (MP:0005659), Short stature (HP:0004322)-decreased susceptibility to diet-induced obesity (MP:0005659), 		Proximity to CPLANE1 associated with Orofaciodigital syndrome VI (OMIM:277170): Nephrocalcinosis (HP:0000121)-Renal dysplasia (HP:0000110), Failure to thrive (HP:0001508)-Failure to thrive (HP:0001508), Small for gestational age (HP:0001518)-Failure to thrive (HP:0001508), Rhabdomyosarcoma (HP:0002859)-Hamartoma of tongue (HP:0011802), Short stature (HP:0004322)-Short stature (HP:0004322), 	Proximity to CPLANE1 Nephrocalcinosis (HP:0000121)-duplex kidney (MP:0004017), Failure to thrive (HP:0001508)-impaired wound healing (MP:0001792), Small for gestational age (HP:0001518)-impaired wound healing (MP:0001792), Premature birth (HP:0001622)-impaired wound healing (MP:0001792), Rhabdomyosarcoma (HP:0002859)-muscular ventricular septal defect (MP:0010420), Skeletal muscle atrophy (HP:0003202)-muscular ventricular septal defect (MP:0010420), Short stature (HP:0004322)-decreased brain size (MP:0000774), 	
206	SYNE2_AD	SYNE2	23224	AD	0.4306	0.0193	0.5018	0.4515	0.5018	0.1915	0.0000	0.5014	0.5018	1.0000	0	Autosomal dominant Emery-Dreifuss muscular dystrophy (ORPHA:98853): Failure to thrive (HP:0001508)-Obesity (HP:0001513), Small for gestational age (HP:0001518)-Obesity (HP:0001513), Skeletal muscle atrophy (HP:0003202)-Limb-girdle muscular dystrophy (HP:0006785), 	Skeletal muscle atrophy (HP:0003202)-thin retina outer plexiform layer (MP:0008519), Short stature (HP:0004322)-thin retina outer plexiform layer (MP:0008519), 		Proximity to STAG1 associated with Intellectual developmental disorder, autosomal dominant 47 (OMIM:617635): Nephrocalcinosis (HP:0000121)-Cryptorchidism (HP:0000028), Failure to thrive (HP:0001508)-Small for gestational age (HP:0001518), Small for gestational age (HP:0001518)-Small for gestational age (HP:0001518), Premature birth (HP:0001622)-Increased nuchal translucency (HP:0010880), Skeletal muscle atrophy (HP:0003202)-Cerebral atrophy (HP:0002059), Short stature (HP:0004322)-Intrauterine growth retardation (HP:0001511), 	Proximity to STAG1 Nephrocalcinosis (HP:0000121)-abnormal kidney collecting duct morphology (MP:0004754), Failure to thrive (HP:0001508)-delayed intramembranous bone ossification (MP:0003420), Small for gestational age (HP:0001518)-delayed intramembranous bone ossification (MP:0003420), Premature birth (HP:0001622)-decreased fetal size (MP:0004200), Rhabdomyosarcoma (HP:0002859)-abnormal muscle morphology (MP:0002108), Skeletal muscle atrophy (HP:0003202)-abnormal muscle morphology (MP:0002108), Short stature (HP:0004322)-delayed intramembranous bone ossification (MP:0003420), 	
207	PDP1_AD	PDP1	54704	AD	0.4376	0.0179	0.2500	0.7279	0.1799	0.2467	0.0000	0.5000	0.5000	0.5000	0	Pyruvate dehydrogenase phosphatase deficiency (ORPHA:79246): Nephrocalcinosis (HP:0000121)-Lacticaciduria (HP:0003648), 	Failure to thrive (HP:0001508)-increased heart weight (MP:0002833), Small for gestational age (HP:0001518)-increased heart weight (MP:0002833), Skeletal muscle atrophy (HP:0003202)-small testis (MP:0001147), Short stature (HP:0004322)-small testis (MP:0001147), 		Proximity to STRADA associated with Polyhydramnios, megalencephaly, and symptomatic epilepsy (OMIM:611087): Nephrocalcinosis (HP:0000121)-Nephrocalcinosis (HP:0000121), Failure to thrive (HP:0001508)-Slender build (HP:0001533), Small for gestational age (HP:0001518)-Slender build (HP:0001533), Premature birth (HP:0001622)-Premature birth (HP:0001622), Skeletal muscle atrophy (HP:0003202)-Facial hypotonia (HP:0000297), Short stature (HP:0004322)-Slender build (HP:0001533), 	Proximity to STRADA Failure to thrive (HP:0001508)-decreased locomotor activity (MP:0001402), Small for gestational age (HP:0001518)-decreased locomotor activity (MP:0001402), Premature birth (HP:0001622)-decreased locomotor activity (MP:0001402), Rhabdomyosarcoma (HP:0002859)-hypotonia (MP:0004144), Skeletal muscle atrophy (HP:0003202)-hypotonia (MP:0004144), Short stature (HP:0004322)-decreased body size (MP:0001265), 	
208	SPDEF_AD	SPDEF	25803	AD	0.4379	0.0178	0.5026	0.4417	0.0000	0.0000	0.0000	0.5026	0.5026	1.0000	0				Proximity to GATA6 associated with Pancreatic hypoplasia-diabetes-congenital heart disease syndrome (ORPHA:2255): Nephrocalcinosis (HP:0000121)-Ureteral duplication (HP:0000073), Failure to thrive (HP:0001508)-Failure to thrive (HP:0001508), Small for gestational age (HP:0001518)-Small for gestational age (HP:0001518), Premature birth (HP:0001622)-Oligohydramnios (HP:0001562), Skeletal muscle atrophy (HP:0003202)-Congenital diaphragmatic hernia (HP:0000776), Short stature (HP:0004322)-Intrauterine growth retardation (HP:0001511), 	Proximity to GATA6 Skeletal muscle atrophy (HP:0003202)-small embryonic epiblast (MP:0011189), Short stature (HP:0004322)-decreased embryo size (MP:0001698), 	Proximity to GATA6 Failure to thrive (HP:0001508)-cell population proliferation increased rate, abnormal (ZP:0000676), 
209	CKAP5_AR	CKAP5	9793	AR	0.4414	0.0172	0.5087	0.4305	0.0000	0.2911	0.0000	0.5087	0.5087	1.0000	0		Skeletal muscle atrophy (HP:0003202)-decreased body size (MP:0001265), Short stature (HP:0004322)-decreased body size (MP:0001265), 		Proximity to KIF22 associated with Spondyloepimetaphyseal dysplasia with joint laxity, leptodactylic type (ORPHA:93360): Failure to thrive (HP:0001508)-Small for gestational age (HP:0001518), Small for gestational age (HP:0001518)-Small for gestational age (HP:0001518), Skeletal muscle atrophy (HP:0003202)-Elbow flexion contracture (HP:0002987), Short stature (HP:0004322)-Short stature (HP:0004322), 		
210	LAMA3_AR	LAMA3	3909	AR	0.4455	0.0164	0.5915	0.3319	0.5915	0.4307	0.0000	0.5016	0.5915	1.0000	0	Severe generalized junctional epidermolysis bullosa (ORPHA:79404): Nephrocalcinosis (HP:0000121)-Renal cyst (HP:0000107), Failure to thrive (HP:0001508)-Failure to thrive (HP:0001508), Small for gestational age (HP:0001518)-Failure to thrive (HP:0001508), Premature birth (HP:0001622)-Hydronephrosis (HP:0000126), Short stature (HP:0004322)-Growth delay (HP:0001510), 	Failure to thrive (HP:0001508)-decreased body weight (MP:0001262), Small for gestational age (HP:0001518)-decreased body weight (MP:0001262), Skeletal muscle atrophy (HP:0003202)-small stomach (MP:0002691), Short stature (HP:0004322)-decreased body weight (MP:0001262), 		Proximity to DMD associated with Becker muscular dystrophy (ORPHA:98895): Nephrocalcinosis (HP:0000121)-Abnormal urinary color (HP:0012086), Skeletal muscle atrophy (HP:0003202)-Skeletal muscle atrophy (HP:0003202), 	Proximity to DMD Nephrocalcinosis (HP:0000121)-calcified muscle (MP:0003199), Failure to thrive (HP:0001508)-abnormal skeletal muscle regeneration (MP:0013237), Small for gestational age (HP:0001518)-abnormal skeletal muscle regeneration (MP:0013237), Premature birth (HP:0001622)-abnormal skeletal muscle regeneration (MP:0013237), Rhabdomyosarcoma (HP:0002859)-dystrophic muscle (MP:0000752), Skeletal muscle atrophy (HP:0003202)-skeletal muscle atrophy (MP:0009417), Short stature (HP:0004322)-decreased body size (MP:0001265), 	Proximity to DMD Failure to thrive (HP:0001508)-thigmotaxis decreased rate, abnormal (ZP:0001483), Rhabdomyosarcoma (HP:0002859)-trunk musculature quality, abnormal (ZP:0001495), Skeletal muscle atrophy (HP:0003202)-skeletal muscle atrophied, abnormal (ZP:0001514), 
211	ANKRD36_AD	ANKRD36	375248	AD	0.4465	0.0162	0.0000	1.0000	0.0000	0.0000	0.0000	0.0000	0.0000	1.0000	0						
211	ANKRD36C_AD	ANKRD36C	400986	AD	0.4465	0.0162	0.0000	1.0000	0.0000	0.0000	0.0000	0.0000	0.0000	1.0000	0						
211	CNTNAP3B_AD	CNTNAP3B	728577	AD	0.4465	0.0162	0.0000	1.0000	0.0000	0.0000	0.0000	0.0000	0.0000	1.0000	0						
211	DCAF15_AR	DCAF15	90379	AR	0.4465	0.0162	0.0000	1.0000	0.0000	0.0000	0.0000	0.0000	0.0000	1.0000	0						
211	FAM136A_AD	FAM136A	84908	AD	0.4465	0.0162	0.0000	1.0000	0.0000	0.0000	0.0000	0.0000	0.0000	1.0000	0						
211	FAM136A_AR	FAM136A	84908	AR	0.4465	0.0162	0.0000	1.0000	0.0000	0.0000	0.0000	0.0000	0.0000	1.0000	0						
211	FAM86B1_AD	FAM86B1	85002	AD	0.4465	0.0162	0.0000	1.0000	0.0000	0.0000	0.0000	0.0000	0.0000	1.0000	0						
211	FOXD4L3_AD	FOXD4L3	286380	AD	0.4465	0.0162	0.0000	1.0000	0.0000	0.0000	0.0000	0.0000	0.0000	1.0000	0						
211	FRG2B_AD	FRG2B	441581	AD	0.4465	0.0162	0.0000	1.0000	0.0000	0.0000	0.0000	0.0000	0.0000	1.0000	0						
211	FRG2C_AD	FRG2C	100288801	AD	0.4465	0.0162	0.0000	1.0000	0.0000	0.0000	0.0000	0.0000	0.0000	1.0000	0						
211	GOLGA6L9_AD	GOLGA6L9	440295	AD	0.4465	0.0162	0.0000	1.0000	0.0000	0.0000	0.0000	0.0000	0.0000	1.0000	0						
211	HLA-DQA1_AD	HLA-DQA1	3117	AD	0.4465	0.0162	0.0000	1.0000	0.5863	0.0000	0.0000	0.0000	0.5863	0.5000	0	Celiac disease, susceptibility to (OMIM:212750): Nephrocalcinosis (HP:0000121)-Cerebral calcification (HP:0002514), Failure to thrive (HP:0001508)-Failure to thrive (HP:0001508), Small for gestational age (HP:0001518)-Weight loss (HP:0001824), Premature birth (HP:0001622)-Delayed puberty (HP:0000823), Short stature (HP:0004322)-Short stature (HP:0004322), 					
211	HLA-DRB5_AD	HLA-DRB5	3127	AD	0.4465	0.0162	0.0000	1.0000	0.0000	0.0000	0.0000	0.0000	0.0000	1.0000	0						
211	HLA-DRB5_AR	HLA-DRB5	3127	AR	0.4465	0.0162	0.0000	1.0000	0.0000	0.0000	0.0000	0.0000	0.0000	1.0000	0						
211	IL32_AD	IL32	9235	AD	0.4465	0.0162	0.0000	1.0000	0.0000	0.0000	0.0000	0.0000	0.0000	1.0000	0						
211	LILRA2_AD	LILRA2	11027	AD	0.4465	0.0162	0.0000	1.0000	0.0000	0.0000	0.0000	0.0000	0.0000	1.0000	0						
211	LILRB1_AD	LILRB1	10859	AD	0.4465	0.0162	0.0000	1.0000	0.0000	0.0000	0.0000	0.0000	0.0000	1.0000	0						
211	LILRB1_AR	LILRB1	10859	AR	0.4465	0.0162	0.0000	1.0000	0.0000	0.0000	0.0000	0.0000	0.0000	1.0000	0						
211	PCDHB8_AD	PCDHB8	56128	AD	0.4465	0.0162	0.0000	1.0000	0.0000	0.0000	0.0000	0.0000	0.0000	1.0000	0						
211	PCDHB8_AR	PCDHB8	56128	AR	0.4465	0.0162	0.0000	1.0000	0.0000	0.0000	0.0000	0.0000	0.0000	1.0000	0						
211	TPSB2_AD	TPSB2	64499	AD	0.4465	0.0162	0.0000	1.0000	0.0000	0.0000	0.0000	0.0000	0.0000	1.0000	0						
211	TUBB8B_AD	TUBB8B	260334	AD	0.4465	0.0162	0.0000	1.0000	0.0000	0.0000	0.0000	0.0000	0.0000	1.0000	0						
211	ZNF717_AD	ZNF717	100131827	AD	0.4465	0.0162	0.0000	1.0000	0.0000	0.0000	0.0000	0.0000	0.0000	1.0000	0						
211	TACC2_AD	TACC2	10579	AD	0.4471	0.0162	0.0000	0.9994	0.0000	0.0000	0.0000	0.0000	0.0000	1.0000	0						
235	KCNJ8_AD	KCNJ8	3764	AD	0.4474	0.0161	0.5117	0.4200	0.0000	0.4212	0.0000	0.5117	0.5117	1.0000	0		Failure to thrive (HP:0001508)-weight loss (MP:0001263), Small for gestational age (HP:0001518)-weight loss (MP:0001263), Skeletal muscle atrophy (HP:0003202)-weight loss (MP:0001263), Short stature (HP:0004322)-weight loss (MP:0001263), 		Proximity to ABCC8 associated with Transient neonatal diabetes mellitus (ORPHA:99886): Nephrocalcinosis (HP:0000121)-Abnormality of the kidney (HP:0000077), Failure to thrive (HP:0001508)-Failure to thrive (HP:0001508), Small for gestational age (HP:0001518)-Small for gestational age (HP:0001518), Skeletal muscle atrophy (HP:0003202)-Macroglossia (HP:0000158), Short stature (HP:0004322)-Intrauterine growth retardation (HP:0001511), 		
236	KCNJ12_AR	KCNJ12	3768	AR	0.4500	0.0157	0.5005	0.4300	0.0000	0.1997	0.0000	0.5005	0.5005	1.0000	0		Failure to thrive (HP:0001508)-increased startle reflex (MP:0001488), Small for gestational age (HP:0001518)-increased startle reflex (MP:0001488), Premature birth (HP:0001622)-increased startle reflex (MP:0001488), Short stature (HP:0004322)-increased startle reflex (MP:0001488), 		Proximity to CRIPT associated with Rothmund-Thomson syndrome, type 3 (OMIM:615789): Failure to thrive (HP:0001508)-Decreased body weight (HP:0004325), Small for gestational age (HP:0001518)-Small for gestational age (HP:0001518), Short stature (HP:0004322)-Severe short stature (HP:0003510), 		
236	C1QL1_AD	C1QL1	10882	AD	0.4501	0.0157	0.0000	0.9963	0.0000	0.0000	0.0000	0.0000	0.0000	1.0000	0						
236	TTN_AR	TTN	7273	AR	0.4502	0.0157	0.4862	0.4459	0.5830	0.4261	0.4457	0.0000	0.5830	1.0000	0	Classic multiminicore myopathy (ORPHA:324604): Failure to thrive (HP:0001508)-Failure to thrive (HP:0001508), Small for gestational age (HP:0001518)-Failure to thrive (HP:0001508), Skeletal muscle atrophy (HP:0003202)-Generalized amyotrophy (HP:0003700), Short stature (HP:0004322)-Short stature (HP:0004322), 	Failure to thrive (HP:0001508)-decreased body weight (MP:0001262), Small for gestational age (HP:0001518)-decreased body weight (MP:0001262), Skeletal muscle atrophy (HP:0003202)-decreased body weight (MP:0001262), Short stature (HP:0004322)-decreased body weight (MP:0001262), 	Failure to thrive (HP:0001508)-growth decreased occurrence, abnormal (ZP:0003058), Small for gestational age (HP:0001518)-growth decreased occurrence, abnormal (ZP:0003058), Rhabdomyosarcoma (HP:0002859)-skeletal muscle quality, abnormal (ZP:0003067), Skeletal muscle atrophy (HP:0003202)-muscle structure, abnormal (ZP:0001507), Short stature (HP:0004322)-growth decreased occurrence, abnormal (ZP:0003058), 			
239	PWP2_AD	PWP2	5822	AD	0.4513	0.0155	0.5068	0.4215	0.0000	0.0000	0.0000	0.5068	0.5068	1.0000	0				Proximity to WDR4 associated with Microcephaly, growth deficiency, seizures, and brain malformations (OMIM:618346): Failure to thrive (HP:0001508)-Failure to thrive (HP:0001508), Small for gestational age (HP:0001518)-Small for gestational age (HP:0001518), Skeletal muscle atrophy (HP:0003202)-Flexion contracture (HP:0001371), Short stature (HP:0004322)-Short stature (HP:0004322), 		
240	HSD17B12_AD	HSD17B12	51144	AD	0.4578	0.0147	0.5004	0.4223	0.0000	0.2580	0.0000	0.5004	0.5004	1.0000	0		Skeletal muscle atrophy (HP:0003202)-decreased embryo size (MP:0001698), Short stature (HP:0004322)-decreased embryo size (MP:0001698), 		Proximity to KL associated with ?Tumoral calcinosis, hyperphosphatemic, familial, 3 (OMIM:617994): Nephrocalcinosis (HP:0000121)-Nephrolithiasis (HP:0000787), Skeletal muscle atrophy (HP:0003202)-Achilles tendon calcification (HP:0025441), 	Proximity to KL Nephrocalcinosis (HP:0000121)-nephrocalcinosis (MP:0003197), Failure to thrive (HP:0001508)-postnatal growth retardation (MP:0001732), Small for gestational age (HP:0001518)-postnatal growth retardation (MP:0001732), Premature birth (HP:0001622)-postnatal growth retardation (MP:0001732), Skeletal muscle atrophy (HP:0003202)-skin atrophy (MP:0030584), Short stature (HP:0004322)-short malleus manubrium (MP:0008375), 	
241	MUC12_AD	MUC12	10071	AD	0.4604	0.0143	0.5048	0.4148	0.0000	0.0000	0.0000	0.5048	0.5048	1.0000	0				Proximity to GALNT3 associated with Tumoral calcinosis, hyperphosphatemic, familial, 1 (OMIM:211900): Nephrocalcinosis (HP:0000121)-Nephrocalcinosis (HP:0000121), Skeletal muscle atrophy (HP:0003202)-Calcinosis (HP:0003761), 	Proximity to GALNT3 Nephrocalcinosis (HP:0000121)-nephrocalcinosis (MP:0003197), Rhabdomyosarcoma (HP:0002859)-calcified muscle (MP:0003199), Skeletal muscle atrophy (HP:0003202)-calcified muscle (MP:0003199), 	
241	CITED2_AD	CITED2	10370	AD	0.4606	0.0143	0.5007	0.4191	0.2323	0.3604	0.1941	0.5007	0.5007	1.0000	0	Tetralogy of Fallot (ORPHA:3303): Nephrocalcinosis (HP:0000121)-Cryptorchidism (HP:0000028), Premature birth (HP:0001622)-Cryptorchidism (HP:0000028), Short stature (HP:0004322)-Intrauterine growth retardation (HP:0001511), 	Nephrocalcinosis (HP:0000121)-abnormal kidney development (MP:0000527), Skeletal muscle atrophy (HP:0003202)-small dorsal root ganglion (MP:0000964), Short stature (HP:0004322)-small dorsal root ganglion (MP:0000964), 	Short stature (HP:0004322)-embryo development delayed, abnormal (ZP:0000594), 		Proximity to MED1 Failure to thrive (HP:0001508)-postnatal growth retardation (MP:0001732), Small for gestational age (HP:0001518)-postnatal growth retardation (MP:0001732), Premature birth (HP:0001622)-postnatal growth retardation (MP:0001732), Skeletal muscle atrophy (HP:0003202)-decreased body size (MP:0001265), Short stature (HP:0004322)-decreased body height (MP:0001255), 	
243	AKAP1_AD	AKAP1	8165	AD	0.4629	0.0140	0.5009	0.4167	0.0000	0.0000	0.0000	0.5009	0.5009	1.0000	0				Proximity to PRKAR1A associated with Acrodysostosis 1, with or without hormone resistance (OMIM:101800): Nephrocalcinosis (HP:0000121)-Unilateral renal agenesis (HP:0000122), Failure to thrive (HP:0001508)-Small for gestational age (HP:0001518), Small for gestational age (HP:0001518)-Small for gestational age (HP:0001518), Premature birth (HP:0001622)-Cryptorchidism (HP:0000028), Skeletal muscle atrophy (HP:0003202)-Optic atrophy (HP:0000648), Short stature (HP:0004322)-Short stature (HP:0004322), 	Proximity to PRKAR1A Nephrocalcinosis (HP:0000121)-abnormal urine homeostasis (MP:0009643), Failure to thrive (HP:0001508)-postnatal growth retardation (MP:0001732), Small for gestational age (HP:0001518)-postnatal growth retardation (MP:0001732), Premature birth (HP:0001622)-postnatal growth retardation (MP:0001732), Skeletal muscle atrophy (HP:0003202)-decreased bone volume (MP:0010876), Short stature (HP:0004322)-delayed endochondral bone ossification (MP:0003419), 	
244	PKD1_AR	PKD1	5310	AR	0.4638	0.0139	0.2814	0.6642	0.4721	0.5628	0.3057	0.5122	0.5628	0.5000	0	Autosomal dominant polycystic kidney disease (ORPHA:730): Nephrocalcinosis (HP:0000121)-Renal cyst (HP:0000107), Premature birth (HP:0001622)-Reduced sperm motility (HP:0012207), 	Nephrocalcinosis (HP:0000121)-abnormal kidney morphology (MP:0002135), Failure to thrive (HP:0001508)-postnatal growth retardation (MP:0001732), Small for gestational age (HP:0001518)-decreased body weight (MP:0001262), Premature birth (HP:0001622)-postnatal growth retardation (MP:0001732), Skeletal muscle atrophy (HP:0003202)-decreased body size (MP:0001265), Short stature (HP:0004322)-decreased body size (MP:0001265), 	Nephrocalcinosis (HP:0000121)-pronephros cystic, abnormal (ZP:0001445), 	Proximity to INVS associated with Nephronophthisis 2, infantile (OMIM:602088): Nephrocalcinosis (HP:0000121)-Nephronophthisis (HP:0000090), Premature birth (HP:0001622)-Oligohydramnios (HP:0001562), 	Proximity to INVS Nephrocalcinosis (HP:0000121)-nephrocalcinosis (MP:0003197), Failure to thrive (HP:0001508)-slow postnatal weight gain (MP:0008489), Small for gestational age (HP:0001518)-decreased body weight (MP:0001262), Premature birth (HP:0001622)-slow postnatal weight gain (MP:0008489), Skeletal muscle atrophy (HP:0003202)-decreased body size (MP:0001265), Short stature (HP:0004322)-slow postnatal weight gain (MP:0008489), 	Proximity to INVS Nephrocalcinosis (HP:0000121)-cloacal chamber deformed, abnormal (ZP:0002509), 
245	POTEJ_AR	POTEJ	653781	AR	0.4660	0.0136	0.5041	0.4099	0.0000	0.0000	0.0000	0.5041	0.5041	1.0000	0				Proximity to ASH1L associated with Intellectual developmental disorder, autosomal dominant 52 (OMIM:617796): Nephrocalcinosis (HP:0000121)-Cryptorchidism (HP:0000028), Failure to thrive (HP:0001508)-Small for gestational age (HP:0001518), Small for gestational age (HP:0001518)-Small for gestational age (HP:0001518), Premature birth (HP:0001622)-Breech presentation (HP:0001623), Skeletal muscle atrophy (HP:0003202)-Scapular winging (HP:0003691), Short stature (HP:0004322)-High palate (HP:0000218), 	Proximity to ASH1L Failure to thrive (HP:0001508)-postnatal growth retardation (MP:0001732), Small for gestational age (HP:0001518)-decreased body weight (MP:0001262), Premature birth (HP:0001622)-postnatal growth retardation (MP:0001732), Skeletal muscle atrophy (HP:0003202)-decreased body size (MP:0001265), Short stature (HP:0004322)-decreased body size (MP:0001265), 	
246	PRSS2_AR	PRSS2	5645	AR	0.4687	0.0133	0.1129	0.8500	0.2990	0.2259	0.0000	0.0000	0.2990	0.5000	0	Pancreatitis, chronic, protection against (OMIM:167800): Nephrocalcinosis (HP:0000121)-Pancreatic calcification (HP:0005213), 	Failure to thrive (HP:0001508)-impaired righting response (MP:0001523), Small for gestational age (HP:0001518)-impaired righting response (MP:0001523), Premature birth (HP:0001622)-impaired righting response (MP:0001523), Short stature (HP:0004322)-impaired righting response (MP:0001523), 				
247	SAMD3_AD	SAMD3	154075	AD	0.4714	0.0130	0.0000	0.9752	0.0000	0.0000	0.0000	0.0000	0.0000	1.0000	0						
248	BSN_AD	BSN	8927	AD	0.4784	0.0122	0.5001	0.4021	0.0000	0.3258	0.0000	0.5001	0.5001	1.0000	0		Failure to thrive (HP:0001508)-impaired hearing (MP:0006325), Small for gestational age (HP:0001518)-impaired hearing (MP:0006325), Premature birth (HP:0001622)-impaired hearing (MP:0006325), Rhabdomyosarcoma (HP:0002859)-myoclonus (MP:0000243), Skeletal muscle atrophy (HP:0003202)-myoclonus (MP:0000243), Short stature (HP:0004322)-impaired hearing (MP:0006325), 		Proximity to STX3 associated with Microvillus inclusion disease (ORPHA:2290): Nephrocalcinosis (HP:0000121)-Nephrocalcinosis (HP:0000121), Skeletal muscle atrophy (HP:0003202)-Villous atrophy (HP:0011473), 		
249	ILDR1_AD	ILDR1	286676	AD	0.4882	0.0111	0.1355	0.8048	0.0000	0.2711	0.2009	0.0000	0.2711	0.5000	0		Failure to thrive (HP:0001508)-sensorineural hearing loss (MP:0004740), Small for gestational age (HP:0001518)-sensorineural hearing loss (MP:0004740), Premature birth (HP:0001622)-sensorineural hearing loss (MP:0004740), Short stature (HP:0004322)-sensorineural hearing loss (MP:0004740), 	Short stature (HP:0004322)-semicircular canal development delayed, abnormal (ZP:0018154), 			
250	TDRD12_AD	TDRD12	91646	AD	0.4896	0.0110	0.5001	0.3909	0.0000	0.3879	0.3005	0.5001	0.5001	1.0000	0		Failure to thrive (HP:0001508)-arrest of spermatogenesis (MP:0001155), Small for gestational age (HP:0001518)-arrest of spermatogenesis (MP:0001155), Premature birth (HP:0001622)-arrest of spermatogenesis (MP:0001155), Skeletal muscle atrophy (HP:0003202)-testicular atrophy (MP:0003205), Short stature (HP:0004322)-small seminiferous tubules (MP:0001153), 	Skeletal muscle atrophy (HP:0003202)-testis atrophied, abnormal (ZP:0009054), 	Proximity to TRNT1 associated with Sideroblastic anemia with B-cell immunodeficiency, periodic fevers, and developmental delay (OMIM:616084): Nephrocalcinosis (HP:0000121)-Nephrocalcinosis (HP:0000121), Skeletal muscle atrophy (HP:0003202)-Cerebral atrophy (HP:0002059), Short stature (HP:0004322)-Growth delay (HP:0001510), 	Proximity to TRNT1 Failure to thrive (HP:0001508)-increased body weight (MP:0001260), Small for gestational age (HP:0001518)-increased body weight (MP:0001260), Skeletal muscle atrophy (HP:0003202)-decreased mean corpuscular volume (MP:0002591), Short stature (HP:0004322)-increased body weight (MP:0001260), 	
251	ALPG_AR	ALPG	251	AR	0.4943	0.0105	0.5003	0.3860	0.0000	0.3075	0.0000	0.5003	0.5003	1.0000	0		Failure to thrive (HP:0001508)-increased body weight (MP:0001260), Small for gestational age (HP:0001518)-increased body weight (MP:0001260), Short stature (HP:0004322)-increased body weight (MP:0001260), 		Proximity to SPR associated with Dopa-responsive dystonia due to sepiapterin reductase deficiency (ORPHA:70594): Failure to thrive (HP:0001508)-Small for gestational age (HP:0001518), Small for gestational age (HP:0001518)-Small for gestational age (HP:0001518), Skeletal muscle atrophy (HP:0003202)-Limb hypertonia (HP:0002509), Short stature (HP:0004322)-Growth delay (HP:0001510), 	Proximity to SPR Failure to thrive (HP:0001508)-postnatal growth retardation (MP:0001732), Small for gestational age (HP:0001518)-decreased body weight (MP:0001262), Premature birth (HP:0001622)-postnatal growth retardation (MP:0001732), Skeletal muscle atrophy (HP:0003202)-decreased body weight (MP:0001262), Short stature (HP:0004322)-postnatal growth retardation (MP:0001732), 	
252	TXNDC11_AR	TXNDC11	51061	AR	0.4973	0.0102	0.5000	0.3833	0.0000	0.2460	0.0000	0.5000	0.5000	1.0000	0		Failure to thrive (HP:0001508)-decreased locomotor activity (MP:0001402), Small for gestational age (HP:0001518)-hyperactivity (MP:0001399), Premature birth (HP:0001622)-hyperactivity (MP:0001399), Short stature (HP:0004322)-hyperactivity (MP:0001399), 		Proximity to RBCK1 associated with Polyglucosan body myopathy 1 with or without immunodeficiency (OMIM:615895): Nephrocalcinosis (HP:0000121)-Vesicoureteral reflux (HP:0000076), Failure to thrive (HP:0001508)-Failure to thrive (HP:0001508), Small for gestational age (HP:0001518)-Failure to thrive (HP:0001508), Premature birth (HP:0001622)-Neonatal omphalitis (HP:0032435), Skeletal muscle atrophy (HP:0003202)-Skeletal muscle atrophy (HP:0003202), Short stature (HP:0004322)-Growth delay (HP:0001510), 	Proximity to RBCK1 Failure to thrive (HP:0001508)-hyperactivity (MP:0001399), Small for gestational age (HP:0001518)-hyperactivity (MP:0001399), Premature birth (HP:0001622)-hyperactivity (MP:0001399), Short stature (HP:0004322)-hyperactivity (MP:0001399), 	
253	TAS2R46_AR	TAS2R46	259292	AR	0.5121	0.0090	0.5000	0.3686	0.0000	0.0000	0.0000	0.5000	0.5000	1.0000	0				Proximity to PIK3C2A associated with Oculoskeletodental syndrome (OMIM:618440): Nephrocalcinosis (HP:0000121)-Renal agenesis (HP:0000104), Failure to thrive (HP:0001508)-Small for gestational age (HP:0001518), Small for gestational age (HP:0001518)-Small for gestational age (HP:0001518), Premature birth (HP:0001622)-Cryptorchidism (HP:0000028), Skeletal muscle atrophy (HP:0003202)-Macroglossia (HP:0000158), Short stature (HP:0004322)-Short stature (HP:0004322), 	Proximity to PIK3C2A Nephrocalcinosis (HP:0000121)-abnormal kidney morphology (MP:0002135), Failure to thrive (HP:0001508)-postnatal growth retardation (MP:0001732), Small for gestational age (HP:0001518)-decreased body weight (MP:0001262), Premature birth (HP:0001622)-postnatal growth retardation (MP:0001732), Skeletal muscle atrophy (HP:0003202)-decreased body size (MP:0001265), Short stature (HP:0004322)-decreased body size (MP:0001265), 	
254	KRT6C_AR	KRT6C	286887	AR	0.5208	0.0083	0.2530	0.6396	0.0000	0.5059	0.0000	0.0000	0.5059	0.5000	0		Failure to thrive (HP:0001508)-postnatal growth retardation (MP:0001732), Small for gestational age (HP:0001518)-decreased body weight (MP:0001262), Premature birth (HP:0001622)-postnatal growth retardation (MP:0001732), Skeletal muscle atrophy (HP:0003202)-decreased body weight (MP:0001262), Short stature (HP:0004322)-postnatal growth retardation (MP:0001732), 				
255	LFNG_AD	LFNG	3955	AD	0.5216	0.0082	0.2517	0.6402	0.4535	0.2880	0.0000	0.5035	0.5035	0.5000	0	Autosomal recessive spondylocostal dysostosis (ORPHA:2311): Nephrocalcinosis (HP:0000121)-Abnormality of the ureter (HP:0000069), Premature birth (HP:0001622)-Cryptorchidism (HP:0000028), Skeletal muscle atrophy (HP:0003202)-Congenital diaphragmatic hernia (HP:0000776), Short stature (HP:0004322)-Short stature (HP:0004322), 	Failure to thrive (HP:0001508)-impaired ovarian folliculogenesis (MP:0001129), Small for gestational age (HP:0001518)-impaired ovarian folliculogenesis (MP:0001129), Premature birth (HP:0001622)-impaired ovarian folliculogenesis (MP:0001129), Skeletal muscle atrophy (HP:0003202)-small ovary (MP:0001127), Short stature (HP:0004322)-small ovary (MP:0001127), 		Proximity to DLL1 associated with Microform holoprosencephaly (ORPHA:280200): Nephrocalcinosis (HP:0000121)-Renal agenesis (HP:0000104), Premature birth (HP:0001622)-Premature birth (HP:0001622), Skeletal muscle atrophy (HP:0003202)-EMG: myopathic abnormalities (HP:0003458), Short stature (HP:0004322)-Short stature (HP:0004322), 	Proximity to DLL1 Failure to thrive (HP:0001508)-decreased body weight (MP:0001262), Small for gestational age (HP:0001518)-decreased body weight (MP:0001262), Premature birth (HP:0001622)-decreased locomotor activity (MP:0001402), Skeletal muscle atrophy (HP:0003202)-decreased body height (MP:0001255), Short stature (HP:0004322)-decreased body height (MP:0001255), 	Proximity to DLL1 Rhabdomyosarcoma (HP:0002859)-actin filament myotome increased length, abnormal (ZP:0000433), Skeletal muscle atrophy (HP:0003202)-actin filament myotome increased length, abnormal (ZP:0000433), Short stature (HP:0004322)-somitogenesis delayed, abnormal (ZP:0000565), 
255	TUBB8B_AR	TUBB8B	260334	AR	0.5216	0.0082	0.0000	0.9250	0.0000	0.0000	0.0000	0.0000	0.0000	1.0000	0						
257	HIVEP3_AD	HIVEP3	59269	AD	0.5236	0.0081	0.5000	0.3572	0.0000	0.2871	0.0000	0.5000	0.5000	1.0000	0		Nephrocalcinosis (HP:0000121)-hydronephrosis (MP:0000519), 		Proximity to PTCH1 associated with Basal cell nevus syndrome 1 (OMIM:109400): Nephrocalcinosis (HP:0000121)-Calcification of falx cerebri (HP:0005462), Rhabdomyosarcoma (HP:0002859)-Rhabdomyoma (HP:0009730), Skeletal muscle atrophy (HP:0003202)-Sprengel anomaly (HP:0000912), 	Proximity to PTCH1 Nephrocalcinosis (HP:0000121)-small male preputial gland (MP:0002716), Failure to thrive (HP:0001508)-decreased fear-related response (MP:0003460), Small for gestational age (HP:0001518)-decreased fear-related response (MP:0003460), Premature birth (HP:0001622)-decreased fear-related response (MP:0003460), Rhabdomyosarcoma (HP:0002859)-abnormal tendon morphology (MP:0005503), Skeletal muscle atrophy (HP:0003202)-abnormal tendon morphology (MP:0005503), Short stature (HP:0004322)-short tail (MP:0000592), 	Proximity to PTCH1 Rhabdomyosarcoma (HP:0002859)-fast muscle cell mislocalised, abnormal (ZP:0009660), Skeletal muscle atrophy (HP:0003202)-fast muscle cell mislocalised, abnormal (ZP:0009660), Short stature (HP:0004322)-whole organism decreased size, abnormal (ZP:0000324), 
258	INO80_AD	INO80	54617	AD	0.5275	0.0078	0.5075	0.3447	0.0000	0.2911	0.0000	0.5075	0.5075	1.0000	0		Skeletal muscle atrophy (HP:0003202)-decreased body size (MP:0001265), Short stature (HP:0004322)-decreased body size (MP:0001265), 		Proximity to BRD4 associated with Cornelia de Lange syndrome (ORPHA:199): Nephrocalcinosis (HP:0000121)-Multicystic kidney dysplasia (HP:0000003), Failure to thrive (HP:0001508)-Failure to thrive (HP:0001508), Small for gestational age (HP:0001518)-Failure to thrive (HP:0001508), Premature birth (HP:0001622)-Premature birth (HP:0001622), Skeletal muscle atrophy (HP:0003202)-Congenital diaphragmatic hernia (HP:0000776), Short stature (HP:0004322)-Short stature (HP:0004322), 	Proximity to BRD4 Nephrocalcinosis (HP:0000121)-nephrocalcinosis (MP:0003197), 	
259	RIMBP3_AR	RIMBP3	85376	AR	0.5286	0.0077	0.5000	0.3521	0.0000	0.3525	0.0000	0.5000	0.5000	1.0000	0		Failure to thrive (HP:0001508)-impaired fertilization (MP:0000242), Small for gestational age (HP:0001518)-impaired fertilization (MP:0000242), Premature birth (HP:0001622)-impaired fertilization (MP:0000242), Short stature (HP:0004322)-impaired fertilization (MP:0000242), 		Proximity to MC1R associated with Large congenital melanocytic nevus (ORPHA:626): Rhabdomyosarcoma (HP:0002859)-Rhabdomyosarcoma (HP:0002859), 	Proximity to MC1R Failure to thrive (HP:0001508)-hyperpigmentation (MP:0001188), Small for gestational age (HP:0001518)-hyperpigmentation (MP:0001188), Premature birth (HP:0001622)-hyperpigmentation (MP:0001188), Short stature (HP:0004322)-hyperpigmentation (MP:0001188), 	
260	PRAMEF6_AR	PRAMEF6	440561	AR	0.5295	0.0076	0.3901	0.4755	0.0000	0.3901	0.0000	0.0000	0.3901	1.0000	0		Nephrocalcinosis (HP:0000121)-abnormal kidney morphology (MP:0002135), Skeletal muscle atrophy (HP:0003202)-small heart (MP:0002188), Short stature (HP:0004322)-small heart (MP:0002188), 				
260	UNC13B_AD	UNC13B	10497	AD	0.5296	0.0076	0.5025	0.3481	0.0000	0.1808	0.0000	0.5025	0.5025	1.0000	0		Skeletal muscle atrophy (HP:0003202)-small testis (MP:0001147), Short stature (HP:0004322)-small testis (MP:0001147), 		Proximity to STX3 associated with Microvillus inclusion disease (ORPHA:2290): Nephrocalcinosis (HP:0000121)-Nephrocalcinosis (HP:0000121), Skeletal muscle atrophy (HP:0003202)-Villous atrophy (HP:0011473), 		
262	STK36_AD	STK36	27148	AD	0.5349	0.0073	0.2787	0.5962	0.2187	0.5574	0.2238	0.5060	0.5574	0.5000	0	Primary ciliary dyskinesia (ORPHA:244): Nephrocalcinosis (HP:0000121)-Abnormality of the genitourinary system (HP:0000119), 	Nephrocalcinosis (HP:0000121)-abnormal kidney development (MP:0000527), Failure to thrive (HP:0001508)-postnatal growth retardation (MP:0001732), Small for gestational age (HP:0001518)-postnatal growth retardation (MP:0001732), Premature birth (HP:0001622)-postnatal growth retardation (MP:0001732), Skeletal muscle atrophy (HP:0003202)-spleen atrophy (MP:0003643), Short stature (HP:0004322)-decreased body size (MP:0001265), 	Rhabdomyosarcoma (HP:0002859)-fast muscle cell increased amount, abnormal (ZP:0003819), Skeletal muscle atrophy (HP:0003202)-fast muscle cell increased amount, abnormal (ZP:0003819), 	Proximity to SUFU associated with Microform holoprosencephaly (ORPHA:280200): Nephrocalcinosis (HP:0000121)-Renal agenesis (HP:0000104), Premature birth (HP:0001622)-Premature birth (HP:0001622), Skeletal muscle atrophy (HP:0003202)-EMG: myopathic abnormalities (HP:0003458), Short stature (HP:0004322)-Short stature (HP:0004322), 	Proximity to SUFU Rhabdomyosarcoma (HP:0002859)-muscular ventricular septal defect (MP:0010420), Skeletal muscle atrophy (HP:0003202)-muscular ventricular septal defect (MP:0010420), Short stature (HP:0004322)-microcephaly (MP:0000433), 	Proximity to SUFU Rhabdomyosarcoma (HP:0002859)-fast muscle cell increased amount, abnormal (ZP:0003819), Skeletal muscle atrophy (HP:0003202)-myotome increased distribution, abnormal (ZP:0019867), Short stature (HP:0004322)-whole organism decreased size, abnormal (ZP:0000324), 
263	LRBA_AD	LRBA	987	AD	0.5430	0.0068	0.2500	0.6205	0.5177	0.0000	0.0000	0.5000	0.5177	0.5000	0	Immunodeficiency, common variable, 8, with autoimmunity (OMIM:614700): Failure to thrive (HP:0001508)-Failure to thrive (HP:0001508), Small for gestational age (HP:0001518)-Failure to thrive (HP:0001508), Skeletal muscle atrophy (HP:0003202)-Villous atrophy (HP:0011473), Short stature (HP:0004322)-Growth delay (HP:0001510), 			Proximity to NEB associated with Severe congenital nemaline myopathy (ORPHA:171430): Nephrocalcinosis (HP:0000121)-Hypospadias (HP:0000047), Premature birth (HP:0001622)-Premature birth (HP:0001622), Skeletal muscle atrophy (HP:0003202)-Skeletal muscle atrophy (HP:0003202), 	Proximity to NEB Failure to thrive (HP:0001508)-postnatal growth retardation (MP:0001732), Small for gestational age (HP:0001518)-postnatal growth retardation (MP:0001732), Premature birth (HP:0001622)-postnatal growth retardation (MP:0001732), Rhabdomyosarcoma (HP:0002859)-abnormal muscle physiology (MP:0002106), Skeletal muscle atrophy (HP:0003202)-abnormal skeletal muscle fiber morphology (MP:0003084), Short stature (HP:0004322)-postnatal growth retardation (MP:0001732), 	Proximity to NEB Rhabdomyosarcoma (HP:0002859)-muscle refractivity, abnormal (ZP:0001509), Skeletal muscle atrophy (HP:0003202)-skeletal muscle decreased size, abnormal (ZP:0004709), Short stature (HP:0004322)-whole organism decreased size, abnormal (ZP:0000324), 
264	ANKRD36_AR	ANKRD36	375248	AR	0.5467	0.0065	0.0000	0.9000	0.0000	0.0000	0.0000	0.0000	0.0000	1.0000	0						
264	ANKRD36C_AR	ANKRD36C	400986	AR	0.5467	0.0065	0.0000	0.9000	0.0000	0.0000	0.0000	0.0000	0.0000	1.0000	0						
264	CNTNAP3B_AR	CNTNAP3B	728577	AR	0.5467	0.0065	0.0000	0.9000	0.0000	0.0000	0.0000	0.0000	0.0000	1.0000	0						
264	GOLGA6L9_AR	GOLGA6L9	440295	AR	0.5467	0.0065	0.0000	0.9000	0.0000	0.0000	0.0000	0.0000	0.0000	1.0000	0						
268	TET1_AR	TET1	80312	AR	0.5492	0.0064	0.5000	0.3316	0.0000	0.4381	0.0000	0.5000	0.5000	1.0000	0		Failure to thrive (HP:0001508)-decreased body weight (MP:0001262), Small for gestational age (HP:0001518)-decreased body weight (MP:0001262), Skeletal muscle atrophy (HP:0003202)-decreased body length (MP:0001258), Short stature (HP:0004322)-decreased body length (MP:0001258), 		Proximity to GEMIN4 associated with Neurodevelopmental disorder with microcephaly, cataracts, and renal abnormalities (OMIM:617913): Nephrocalcinosis (HP:0000121)-Nephrocalcinosis (HP:0000121), Premature birth (HP:0001622)-Hydronephrosis (HP:0000126), Skeletal muscle atrophy (HP:0003202)-Calcinosis (HP:0003761), Short stature (HP:0004322)-Growth delay (HP:0001510), 		
269	POTEE_AR	POTEE	445582	AR	0.5547	0.0061	0.5041	0.3215	0.0000	0.0000	0.0000	0.5041	0.5041	1.0000	0				Proximity to ASH1L associated with Intellectual developmental disorder, autosomal dominant 52 (OMIM:617796): Nephrocalcinosis (HP:0000121)-Cryptorchidism (HP:0000028), Failure to thrive (HP:0001508)-Small for gestational age (HP:0001518), Small for gestational age (HP:0001518)-Small for gestational age (HP:0001518), Premature birth (HP:0001622)-Breech presentation (HP:0001623), Skeletal muscle atrophy (HP:0003202)-Scapular winging (HP:0003691), Short stature (HP:0004322)-High palate (HP:0000218), 	Proximity to ASH1L Failure to thrive (HP:0001508)-postnatal growth retardation (MP:0001732), Small for gestational age (HP:0001518)-decreased body weight (MP:0001262), Premature birth (HP:0001622)-postnatal growth retardation (MP:0001732), Skeletal muscle atrophy (HP:0003202)-decreased body size (MP:0001265), Short stature (HP:0004322)-decreased body size (MP:0001265), 	
270	TBC1D3B_AD	TBC1D3B	414059	AD	0.5560	0.0060	0.5002	0.3246	0.0000	0.0000	0.0000	0.5002	0.5002	1.0000	0				Proximity to TRIP13 associated with Mosaic variegated aneuploidy syndrome (ORPHA:1052): Nephrocalcinosis (HP:0000121)-Multicystic kidney dysplasia (HP:0000003), Premature birth (HP:0001622)-Polyhydramnios (HP:0001561), Rhabdomyosarcoma (HP:0002859)-Rhabdomyosarcoma (HP:0002859), Skeletal muscle atrophy (HP:0003202)-Muscular dystrophy (HP:0003560), Short stature (HP:0004322)-Short stature (HP:0004322), 	Proximity to TRIP13 Failure to thrive (HP:0001508)-impaired ovarian folliculogenesis (MP:0001129), Small for gestational age (HP:0001518)-arrest of male meiosis (MP:0008261), Premature birth (HP:0001622)-arrest of male meiosis (MP:0008261), Skeletal muscle atrophy (HP:0003202)-decreased body size (MP:0001265), Short stature (HP:0004322)-decreased body size (MP:0001265), 	
270	PCDHB7_AD	PCDHB7	56129	AD	0.5563	0.0060	0.0000	0.8905	0.0000	0.0000	0.0000	0.0000	0.0000	1.0000	0						
272	TDRKH_AR	TDRKH	11022	AR	0.5605	0.0058	0.5001	0.3202	0.0000	0.3746	0.0000	0.5001	0.5001	1.0000	0		Failure to thrive (HP:0001508)-arrest of male meiosis (MP:0008261), Small for gestational age (HP:0001518)-arrest of male meiosis (MP:0008261), Premature birth (HP:0001622)-arrest of male meiosis (MP:0008261), Skeletal muscle atrophy (HP:0003202)-testicular atrophy (MP:0003205), Short stature (HP:0004322)-small testis (MP:0001147), 		Proximity to DICER1 associated with Familial multinodular goiter (ORPHA:276399): Nephrocalcinosis (HP:0000121)-Renal cell carcinoma (HP:0005584), Premature birth (HP:0001622)-Sertoli cell neoplasm (HP:0100619), Rhabdomyosarcoma (HP:0002859)-Alveolar rhabdomyosarcoma (HP:0006779), 	Proximity to DICER1 Skeletal muscle atrophy (HP:0003202)-decreased embryo size (MP:0001698), Short stature (HP:0004322)-decreased embryo size (MP:0001698), 	Proximity to DICER1 Short stature (HP:0004322)-eye development delayed, abnormal (ZP:0006694), 
273	CASP14_AD	CASP14	23581	AD	0.5628	0.0057	0.2500	0.6010	0.0000	0.0000	0.0000	0.5001	0.5001	0.5000	0				Proximity to STAMBP associated with Microcephaly-capillary malformation syndrome (OMIM:614261): Nephrocalcinosis (HP:0000121)-Vesicoureteral reflux (HP:0000076), Failure to thrive (HP:0001508)-Failure to thrive (HP:0001508), Small for gestational age (HP:0001518)-Small for gestational age (HP:0001518), Skeletal muscle atrophy (HP:0003202)-Cerebral atrophy (HP:0002059), Short stature (HP:0004322)-Short stature (HP:0004322), 	Proximity to STAMBP Failure to thrive (HP:0001508)-postnatal growth retardation (MP:0001732), Small for gestational age (HP:0001518)-postnatal growth retardation (MP:0001732), Premature birth (HP:0001622)-postnatal growth retardation (MP:0001732), Short stature (HP:0004322)-postnatal growth retardation (MP:0001732), 	
274	TCAF2_AR	TCAF2	285966	AR	0.5660	0.0055	0.2923	0.5500	0.0000	0.2923	0.0000	0.0000	0.2923	1.0000	0		Rhabdomyosarcoma (HP:0002859)-abnormal skeletal muscle morphology (MP:0000759), Skeletal muscle atrophy (HP:0003202)-abnormal skeletal muscle morphology (MP:0000759), 				
275	TGS1_AR	TGS1	96764	AR	0.5686	0.0054	0.5098	0.3012	0.0000	0.2580	0.0000	0.5098	0.5098	1.0000	0		Skeletal muscle atrophy (HP:0003202)-decreased embryo size (MP:0001698), Short stature (HP:0004322)-decreased embryo size (MP:0001698), 		Proximity to ABCB4 associated with Intrahepatic cholestasis of pregnancy (ORPHA:69665): Failure to thrive (HP:0001508)-Small for gestational age (HP:0001518), Small for gestational age (HP:0001518)-Small for gestational age (HP:0001518), Premature birth (HP:0001622)-Premature birth (HP:0001622), 	Proximity to ABCB4 Failure to thrive (HP:0001508)-weight loss (MP:0001263), Small for gestational age (HP:0001518)-weight loss (MP:0001263), Skeletal muscle atrophy (HP:0003202)-weight loss (MP:0001263), Short stature (HP:0004322)-weight loss (MP:0001263), 	
276	PRMT6_AD	PRMT6	55170	AD	0.5705	0.0053	0.5008	0.3095	0.0000	0.2050	0.0000	0.5008	0.5008	1.0000	0		Skeletal muscle atrophy (HP:0003202)-decreased heart left ventricle size (MP:0010580), Short stature (HP:0004322)-decreased heart left ventricle size (MP:0010580), 		Proximity to HNRNPK associated with Au-Kline syndrome (OMIM:616580): Nephrocalcinosis (HP:0000121)-Dilatation of the renal pelvis (HP:0010946), Failure to thrive (HP:0001508)-Failure to thrive (HP:0001508), Small for gestational age (HP:0001518)-Failure to thrive (HP:0001508), Premature birth (HP:0001622)-Breech presentation (HP:0001623), Short stature (HP:0004322)-High palate (HP:0000218), 		
277	ZNG1E_AR	ZNG1E	220869	AR	0.5810	0.0048	0.3751	0.4412	0.0000	0.3751	0.0000	0.0000	0.3751	1.0000	0		Nephrocalcinosis (HP:0000121)-abnormal kidney interstitium morphology (MP:0011425), 				
278	TSGA10_AD	TSGA10	80705	AD	0.5838	0.0047	0.2500	0.5802	0.1795	0.3525	0.0000	0.5000	0.5000	0.5000	0	?Spermatogenic failure 26 (OMIM:617961): Nephrocalcinosis (HP:0000121)-Acephalic spermatozoa (HP:0012869), 	Failure to thrive (HP:0001508)-impaired fertilization (MP:0000242), Small for gestational age (HP:0001518)-impaired fertilization (MP:0000242), Premature birth (HP:0001622)-impaired fertilization (MP:0000242), Short stature (HP:0004322)-impaired fertilization (MP:0000242), 		Proximity to BUB3 associated with Mosaic variegated aneuploidy syndrome (ORPHA:1052): Nephrocalcinosis (HP:0000121)-Multicystic kidney dysplasia (HP:0000003), Premature birth (HP:0001622)-Polyhydramnios (HP:0001561), Rhabdomyosarcoma (HP:0002859)-Rhabdomyosarcoma (HP:0002859), Skeletal muscle atrophy (HP:0003202)-Muscular dystrophy (HP:0003560), Short stature (HP:0004322)-Short stature (HP:0004322), 		
279	SLC2A3_AD	SLC2A3	6515	AD	0.5860	0.0046	0.5009	0.2940	0.4745	0.2095	0.2583	0.5009	0.5009	1.0000	0	Huntington disease (ORPHA:399): Nephrocalcinosis (HP:0000121)-Abnormal libido (HP:0031845), Failure to thrive (HP:0001508)-Weight loss (HP:0001824), Small for gestational age (HP:0001518)-Weight loss (HP:0001824), Skeletal muscle atrophy (HP:0003202)-Cerebral atrophy (HP:0002059), 	Failure to thrive (HP:0001508)-increased anxiety-related response (MP:0001363), Small for gestational age (HP:0001518)-increased anxiety-related response (MP:0001363), Premature birth (HP:0001622)-increased anxiety-related response (MP:0001363), Short stature (HP:0004322)-increased anxiety-related response (MP:0001363), 	Short stature (HP:0004322)-whole organism decreased size, abnormal (ZP:0000324), 	Proximity to INSR associated with Leprechaunism (ORPHA:508): Nephrocalcinosis (HP:0000121)-Nephrocalcinosis (HP:0000121), Failure to thrive (HP:0001508)-Failure to thrive (HP:0001508), Small for gestational age (HP:0001518)-Decreased body weight (HP:0004325), Skeletal muscle atrophy (HP:0003202)-Skeletal muscle atrophy (HP:0003202), Short stature (HP:0004322)-Postnatal growth retardation (HP:0008897), 	Proximity to INSR Nephrocalcinosis (HP:0000121)-ketoaciduria (MP:0002893), Failure to thrive (HP:0001508)-decreased body weight (MP:0001262), Small for gestational age (HP:0001518)-decreased body weight (MP:0001262), Rhabdomyosarcoma (HP:0002859)-skeletal muscle hypotrophy (MP:0009462), Skeletal muscle atrophy (HP:0003202)-skeletal muscle hypotrophy (MP:0009462), Short stature (HP:0004322)-decreased body weight (MP:0001262), 	Proximity to INSR Failure to thrive (HP:0001508)-feeding behavior increased rate, abnormal (ZP:0131013), Rhabdomyosarcoma (HP:0002859)-muscle increased amount, abnormal (ZP:0020892), Skeletal muscle atrophy (HP:0003202)-muscle increased amount, abnormal (ZP:0020892), Short stature (HP:0004322)-whole organism increased length, abnormal (ZP:0002978), 
280	NAV3_AD	NAV3	89795	AD	0.5896	0.0044	0.5000	0.2913	0.0000	0.1986	0.0000	0.5000	0.5000	1.0000	0		Skeletal muscle atrophy (HP:0003202)-microphthalmia (MP:0001297), Short stature (HP:0004322)-microphthalmia (MP:0001297), 		Proximity to RET associated with Haddad syndrome (ORPHA:99803): Failure to thrive (HP:0001508)-Failure to thrive (HP:0001508), Small for gestational age (HP:0001518)-Small for gestational age (HP:0001518), Premature birth (HP:0001622)-Polyhydramnios (HP:0001561), Rhabdomyosarcoma (HP:0002859)-Neuroblastoma (HP:0003006), 	Proximity to RET Nephrocalcinosis (HP:0000121)-abnormal kidney morphology (MP:0002135), Failure to thrive (HP:0001508)-postnatal growth retardation (MP:0001732), Small for gestational age (HP:0001518)-postnatal growth retardation (MP:0001732), Premature birth (HP:0001622)-postnatal growth retardation (MP:0001732), Skeletal muscle atrophy (HP:0003202)-renal hypoplasia (MP:0003446), Short stature (HP:0004322)-postnatal growth retardation (MP:0001732), 	Proximity to RET Nephrocalcinosis (HP:0000121)-pronephros decreased length, abnormal (ZP:0101877), Rhabdomyosarcoma (HP:0002859)-adductor operculi has fewer parts of type skeletal muscle cell, abnormal (ZP:0008829), Skeletal muscle atrophy (HP:0003202)-adductor operculi has fewer parts of type skeletal muscle cell, abnormal (ZP:0008829), 
280	LAMA3_AD	LAMA3	3909	AD	0.5904	0.0044	0.2508	0.5726	0.5915	0.4307	0.0000	0.5016	0.5915	0.5000	0	Severe generalized junctional epidermolysis bullosa (ORPHA:79404): Nephrocalcinosis (HP:0000121)-Renal cyst (HP:0000107), Failure to thrive (HP:0001508)-Failure to thrive (HP:0001508), Small for gestational age (HP:0001518)-Failure to thrive (HP:0001508), Premature birth (HP:0001622)-Hydronephrosis (HP:0000126), Short stature (HP:0004322)-Growth delay (HP:0001510), 	Failure to thrive (HP:0001508)-decreased body weight (MP:0001262), Small for gestational age (HP:0001518)-decreased body weight (MP:0001262), Skeletal muscle atrophy (HP:0003202)-small stomach (MP:0002691), Short stature (HP:0004322)-decreased body weight (MP:0001262), 		Proximity to DMD associated with Becker muscular dystrophy (ORPHA:98895): Nephrocalcinosis (HP:0000121)-Abnormal urinary color (HP:0012086), Skeletal muscle atrophy (HP:0003202)-Skeletal muscle atrophy (HP:0003202), 	Proximity to DMD Nephrocalcinosis (HP:0000121)-calcified muscle (MP:0003199), Failure to thrive (HP:0001508)-abnormal skeletal muscle regeneration (MP:0013237), Small for gestational age (HP:0001518)-abnormal skeletal muscle regeneration (MP:0013237), Premature birth (HP:0001622)-abnormal skeletal muscle regeneration (MP:0013237), Rhabdomyosarcoma (HP:0002859)-dystrophic muscle (MP:0000752), Skeletal muscle atrophy (HP:0003202)-skeletal muscle atrophy (MP:0009417), Short stature (HP:0004322)-decreased body size (MP:0001265), 	Proximity to DMD Failure to thrive (HP:0001508)-thigmotaxis decreased rate, abnormal (ZP:0001483), Rhabdomyosarcoma (HP:0002859)-trunk musculature quality, abnormal (ZP:0001495), Skeletal muscle atrophy (HP:0003202)-skeletal muscle atrophied, abnormal (ZP:0001514), 
280	MX1_AD	MX1	4599	AD	0.5905	0.0044	0.0000	0.8564	0.0000	0.0000	0.0000	0.0000	0.0000	1.0000	0						
283	FUT5_AD	FUT5	2527	AD	0.5932	0.0043	0.5137	0.2722	0.0000	0.0000	0.0000	0.5137	0.5137	1.0000	0				Proximity to FUT8 associated with Congenital disorder of glycosylation with defective fucosylation 1 (OMIM:618005): Nephrocalcinosis (HP:0000121)-Nephrocalcinosis (HP:0000121), Failure to thrive (HP:0001508)-Failure to thrive (HP:0001508), Small for gestational age (HP:0001518)-Failure to thrive (HP:0001508), Premature birth (HP:0001622)-Polyhydramnios (HP:0001561), Skeletal muscle atrophy (HP:0003202)-Joint contracture (HP:0034392), Short stature (HP:0004322)-Short stature (HP:0004322), 	Proximity to FUT8 Failure to thrive (HP:0001508)-postnatal growth retardation (MP:0001732), Small for gestational age (HP:0001518)-postnatal growth retardation (MP:0001732), Premature birth (HP:0001622)-postnatal growth retardation (MP:0001732), Short stature (HP:0004322)-postnatal growth retardation (MP:0001732), 	Proximity to FUT8 Rhabdomyosarcoma (HP:0002859)-muscle cell somite decreased length, abnormal (ZP:0005604), Skeletal muscle atrophy (HP:0003202)-muscle cell somite decreased length, abnormal (ZP:0005604), Short stature (HP:0004322)-neural crest cell migration delayed, abnormal (ZP:0004149), 
284	KCNJ18_AR	KCNJ18	100134444	AR	0.5955	0.0042	0.0999	0.7385	0.4838	0.1997	0.0000	0.0000	0.4838	0.5000	0	Thyrotoxic periodic paralysis (ORPHA:79102): Nephrocalcinosis (HP:0000121)-Urinary retention (HP:0000016), Failure to thrive (HP:0001508)-Weight loss (HP:0001824), Small for gestational age (HP:0001518)-Weight loss (HP:0001824), Skeletal muscle atrophy (HP:0003202)-Rhabdomyolysis (HP:0003201), 	Failure to thrive (HP:0001508)-increased startle reflex (MP:0001488), Small for gestational age (HP:0001518)-increased startle reflex (MP:0001488), Premature birth (HP:0001622)-increased startle reflex (MP:0001488), Short stature (HP:0004322)-increased startle reflex (MP:0001488), 				
284	FANCM_AR	FANCM	57697	AR	0.5957	0.0042	0.5238	0.2585	0.5238	0.1808	0.2983	0.5076	0.5238	1.0000	0	Fanconi anemia (ORPHA:84): Nephrocalcinosis (HP:0000121)-Abnormal renal morphology (HP:0012210), Failure to thrive (HP:0001508)-Weight loss (HP:0001824), Small for gestational age (HP:0001518)-Weight loss (HP:0001824), Premature birth (HP:0001622)-Oligohydramnios (HP:0001562), Short stature (HP:0004322)-Short stature (HP:0004322), 	Skeletal muscle atrophy (HP:0003202)-small testis (MP:0001147), Short stature (HP:0004322)-small testis (MP:0001147), 	Premature birth (HP:0001622)-male sex determination increased occurrence, abnormal (ZP:0017105), 	Proximity to PALB2 associated with Fanconi anemia, complementation group N (OMIM:610832): Nephrocalcinosis (HP:0000121)-Ectopic kidney (HP:0000086), Failure to thrive (HP:0001508)-Small for gestational age (HP:0001518), Small for gestational age (HP:0001518)-Small for gestational age (HP:0001518), Rhabdomyosarcoma (HP:0002859)-Nephroblastoma (HP:0002667), Short stature (HP:0004322)-Postnatal growth retardation (HP:0008897), 	Proximity to PALB2 Skeletal muscle atrophy (HP:0003202)-decreased embryo size (MP:0001698), Short stature (HP:0004322)-decreased embryo size (MP:0001698), 	Proximity to PALB2 Premature birth (HP:0001622)-male sex determination increased occurrence, abnormal (ZP:0017105), 
286	GOLGA8R_AD	GOLGA8R	101059918	AD	0.5970	0.0041	0.0000	0.8500	0.0000	0.0000	0.0000	0.0000	0.0000	1.0000	0						
286	KRTAP5-7_AR	KRTAP5-7	440050	AR	0.5970	0.0041	0.0000	0.8500	0.0000	0.0000	0.0000	0.0000	0.0000	1.0000	0						
286	PCDHB10_AR	PCDHB10	56126	AR	0.5970	0.0041	0.0000	0.8500	0.0000	0.0000	0.0000	0.0000	0.0000	1.0000	0						
286	PRB2_AD	PRB2	653247	AD	0.5970	0.0041	0.0000	0.8500	0.0000	0.0000	0.0000	0.0000	0.0000	1.0000	0						
286	PRB3_AR	PRB3	5544	AR	0.5970	0.0041	0.0000	0.8500	0.0000	0.0000	0.0000	0.0000	0.0000	1.0000	0						
286	IZUMO4_AD	IZUMO4	113177	AD	0.5970	0.0041	0.0000	0.8500	0.0000	0.0000	0.0000	0.0000	0.0000	1.0000	0						
286	SLC49A3_AD	SLC49A3	84179	AD	0.5976	0.0041	0.0000	0.8493	0.0000	0.0000	0.0000	0.0000	0.0000	1.0000	0						
286	POU6F2_AR	POU6F2	11281	AR	0.5976	0.0041	0.0000	0.8493	0.4932	0.0000	0.0000	0.0000	0.4932	0.5000	0	Nephroblastoma (ORPHA:654): Nephrocalcinosis (HP:0000121)-Nephroblastoma (HP:0002667), Failure to thrive (HP:0001508)-Weight loss (HP:0001824), Small for gestational age (HP:0001518)-Weight loss (HP:0001824), Rhabdomyosarcoma (HP:0002859)-Nephroblastoma (HP:0002667), 					
286	P2RY11_AD	P2RY11	5032	AD	0.5980	0.0041	0.0000	0.8490	0.4700	0.0000	0.0000	0.0000	0.4700	1.0000	0	Narcolepsy type 1 (ORPHA:2073): Nephrocalcinosis (HP:0000121)-Nocturia (HP:0000017), Failure to thrive (HP:0001508)-Obesity (HP:0001513), Small for gestational age (HP:0001518)-Obesity (HP:0001513), Premature birth (HP:0001622)-Precocious puberty (HP:0000826), 					
295	TUBB8_AD	TUBB8	347688	AD	0.5995	0.0040	0.5000	0.2815	0.2398	0.0000	0.0000	0.5000	0.5000	1.0000	0	Female infertility due to oocyte meiotic arrest (ORPHA:488191): Nephrocalcinosis (HP:0000121)-Abnormal meiosis (HP:0031515), Premature birth (HP:0001622)-Abnormal spermatogenesis (HP:0008669), 			Proximity to MC1R associated with Large congenital melanocytic nevus (ORPHA:626): Rhabdomyosarcoma (HP:0002859)-Rhabdomyosarcoma (HP:0002859), 	Proximity to MC1R Failure to thrive (HP:0001508)-hyperpigmentation (MP:0001188), Small for gestational age (HP:0001518)-hyperpigmentation (MP:0001188), Premature birth (HP:0001622)-hyperpigmentation (MP:0001188), Short stature (HP:0004322)-hyperpigmentation (MP:0001188), 	
295	KCNE1_AD	KCNE1	3753	AD	0.6000	0.0040	0.5017	0.2792	0.3320	0.2838	0.0000	0.5017	0.5017	1.0000	0	Romano-Ward syndrome (ORPHA:101016): Premature birth (HP:0001622)-Abnormality of prenatal development or birth (HP:0001197), 	Failure to thrive (HP:0001508)-deafness (MP:0001967), Small for gestational age (HP:0001518)-deafness (MP:0001967), Premature birth (HP:0001622)-deafness (MP:0001967), Skeletal muscle atrophy (HP:0003202)-small scala media (MP:0008308), Short stature (HP:0004322)-deafness (MP:0001967), 		Proximity to AMMECR1 associated with Midface hypoplasia, hearing impairment, elliptocytosis, and nephrocalcinosis (OMIM:300990): Nephrocalcinosis (HP:0000121)-Nephrocalcinosis (HP:0000121), Premature birth (HP:0001622)-Polyhydramnios (HP:0001561), Short stature (HP:0004322)-Short stature (HP:0004322), 		Proximity to AMMECR1 Failure to thrive (HP:0001508)-heart contraction increased rate, abnormal (ZP:0001534), Short stature (HP:0004322)-whole organism decreased size, abnormal (ZP:0000324), 
295	AGAP4_AR	AGAP4	119016	AR	0.6000	0.0040	0.5000	0.2810	0.0000	0.0000	0.0000	0.5000	0.5000	1.0000	0				Proximity to SEC23B associated with Cowden syndrome (ORPHA:201): Nephrocalcinosis (HP:0000121)-Abnormality of the kidney (HP:0000077), Failure to thrive (HP:0001508)-Failure to thrive (HP:0001508), Small for gestational age (HP:0001518)-Failure to thrive (HP:0001508), Rhabdomyosarcoma (HP:0002859)-Fibroma (HP:0010614), Skeletal muscle atrophy (HP:0003202)-Macroglossia (HP:0000158), Short stature (HP:0004322)-Short stature (HP:0004322), 	Proximity to SEC23B Skeletal muscle atrophy (HP:0003202)-small pancreas (MP:0004247), Short stature (HP:0004322)-small pancreas (MP:0004247), 	
295	CSH1_AD	CSH1	1442	AD	0.6002	0.0040	0.5008	0.2800	0.0000	0.4538	0.0000	0.5008	0.5008	1.0000	0		Nephrocalcinosis (HP:0000121)-abnormal kidney morphology (MP:0002135), Failure to thrive (HP:0001508)-decreased heart weight (MP:0002834), Small for gestational age (HP:0001518)-decreased heart weight (MP:0002834), Premature birth (HP:0001622)-decreased locomotor activity (MP:0001402), Skeletal muscle atrophy (HP:0003202)-small heart (MP:0002188), Short stature (HP:0004322)-decreased body length (MP:0001258), 		Proximity to SLC25A24 associated with Fontaine progeroid syndrome (OMIM:612289): Nephrocalcinosis (HP:0000121)-Small scrotum (HP:0000046), Failure to thrive (HP:0001508)-Failure to thrive (HP:0001508), Small for gestational age (HP:0001518)-Small for gestational age (HP:0001518), Premature birth (HP:0001622)-Oligohydramnios (HP:0001562), Skeletal muscle atrophy (HP:0003202)-Hypoplasia of the abdominal wall musculature (HP:0005247), Short stature (HP:0004322)-Short stature (HP:0004322), 	Proximity to SLC25A24 Failure to thrive (HP:0001508)-decreased susceptibility to diet-induced obesity (MP:0005659), Small for gestational age (HP:0001518)-decreased susceptibility to diet-induced obesity (MP:0005659), Skeletal muscle atrophy (HP:0003202)-decreased liver weight (MP:0003402), Short stature (HP:0004322)-decreased susceptibility to diet-induced obesity (MP:0005659), 	
295	CTTNBP2_AD	CTTNBP2	83992	AD	0.6005	0.0040	0.5001	0.2804	0.0000	0.2540	0.0000	0.5001	0.5001	1.0000	0		Failure to thrive (HP:0001508)-decreased vocalization (MP:0020351), Small for gestational age (HP:0001518)-decreased vocalization (MP:0020351), Premature birth (HP:0001622)-decreased vocalization (MP:0020351), Short stature (HP:0004322)-decreased vocalization (MP:0020351), 		Proximity to GBA1 associated with Gaucher disease, perinatal lethal (OMIM:608013): Failure to thrive (HP:0001508)-Decreased body weight (HP:0004325), Small for gestational age (HP:0001518)-Decreased body weight (HP:0004325), Premature birth (HP:0001622)-Premature birth (HP:0001622), Skeletal muscle atrophy (HP:0003202)-Arthrogryposis multiplex congenita (HP:0002804), Short stature (HP:0004322)-Intrauterine growth retardation (HP:0001511), 	Proximity to GBA Failure to thrive (HP:0001508)-decreased body weight (MP:0001262), Small for gestational age (HP:0001518)-decreased body weight (MP:0001262), Skeletal muscle atrophy (HP:0003202)-decreased body weight (MP:0001262), Short stature (HP:0004322)-decreased body weight (MP:0001262), 	
295	NEB_AR	NEB	4703	AR	0.6009	0.0040	0.6591	0.1000	0.6591	0.5349	0.4194	0.5032	0.6591	1.0000	0	Severe congenital nemaline myopathy (ORPHA:171430): Nephrocalcinosis (HP:0000121)-Hypospadias (HP:0000047), Premature birth (HP:0001622)-Premature birth (HP:0001622), Skeletal muscle atrophy (HP:0003202)-Skeletal muscle atrophy (HP:0003202), 	Failure to thrive (HP:0001508)-postnatal growth retardation (MP:0001732), Small for gestational age (HP:0001518)-postnatal growth retardation (MP:0001732), Premature birth (HP:0001622)-postnatal growth retardation (MP:0001732), Rhabdomyosarcoma (HP:0002859)-abnormal muscle physiology (MP:0002106), Skeletal muscle atrophy (HP:0003202)-abnormal skeletal muscle fiber morphology (MP:0003084), Short stature (HP:0004322)-postnatal growth retardation (MP:0001732), 	Rhabdomyosarcoma (HP:0002859)-muscle refractivity, abnormal (ZP:0001509), Skeletal muscle atrophy (HP:0003202)-skeletal muscle decreased size, abnormal (ZP:0004709), Short stature (HP:0004322)-whole organism decreased size, abnormal (ZP:0000324), 	Proximity to TPM3 associated with Intermediate nemaline myopathy (ORPHA:171433): Premature birth (HP:0001622)-Premature birth (HP:0001622), Skeletal muscle atrophy (HP:0003202)-Skeletal muscle atrophy (HP:0003202), Short stature (HP:0004322)-High, narrow palate (HP:0002705), 	Proximity to TPM3 Rhabdomyosarcoma (HP:0002859)-abnormal muscle morphology (MP:0002108), Skeletal muscle atrophy (HP:0003202)-abnormal muscle morphology (MP:0002108), 	Proximity to TPM3 Rhabdomyosarcoma (HP:0002859)-striated muscle myosin thick filament slow muscle cell decreased length, abnormal (ZP:0103652), Skeletal muscle atrophy (HP:0003202)-slow muscle cell somite 7 spatial pattern, abnormal (ZP:0103672), 
295	TPSB2_AR	TPSB2	64499	AR	0.6019	0.0040	0.0000	0.8450	0.0000	0.0000	0.0000	0.0000	0.0000	1.0000	0						
302	ITGA2_AR	ITGA2	3673	AR	0.6059	0.0038	0.5027	0.2720	0.0000	0.0000	0.0000	0.5027	0.5027	1.0000	0				Proximity to COL5A1 associated with Classical Ehlers-Danlos syndrome (ORPHA:287): Nephrocalcinosis (HP:0000121)-Bladder diverticulum (HP:0000015), Premature birth (HP:0001622)-Premature birth (HP:0001622), Skeletal muscle atrophy (HP:0003202)-Atrophic scars (HP:0001075), 	Proximity to COL5A1 Skeletal muscle atrophy (HP:0003202)-thin dermal layer (MP:0001244), Short stature (HP:0004322)-thin dermal layer (MP:0001244), 	
303	PRAMEF9_AR	PRAMEF9	343070	AR	0.6098	0.0037	0.3901	0.3955	0.0000	0.3901	0.0000	0.0000	0.3901	1.0000	0		Nephrocalcinosis (HP:0000121)-abnormal kidney morphology (MP:0002135), Skeletal muscle atrophy (HP:0003202)-small heart (MP:0002188), Short stature (HP:0004322)-small heart (MP:0002188), 				
303	FOXD4L5_AR	FOXD4L5	653427	AR	0.6100	0.0037	0.5034	0.2670	0.0000	0.0000	0.0000	0.5034	0.5034	1.0000	0				Proximity to PAX7 associated with Rhabdomyosarcoma 2, alveolar (OMIM:268220): Rhabdomyosarcoma (HP:0002859)-Alveolar rhabdomyosarcoma (HP:0006779), 	Proximity to PAX7 Failure to thrive (HP:0001508)-postnatal growth retardation (MP:0001732), Small for gestational age (HP:0001518)-postnatal growth retardation (MP:0001732), Premature birth (HP:0001622)-postnatal growth retardation (MP:0001732), Rhabdomyosarcoma (HP:0002859)-muscle weakness (MP:0000747), Skeletal muscle atrophy (HP:0003202)-thin diaphragm muscle (MP:0000761), Short stature (HP:0004322)-postnatal growth retardation (MP:0001732), 	
305	PWP2_AR	PWP2	5822	AR	0.6125	0.0036	0.5068	0.2607	0.0000	0.0000	0.0000	0.5068	0.5068	1.0000	0				Proximity to WDR4 associated with Microcephaly, growth deficiency, seizures, and brain malformations (OMIM:618346): Failure to thrive (HP:0001508)-Failure to thrive (HP:0001508), Small for gestational age (HP:0001518)-Small for gestational age (HP:0001518), Skeletal muscle atrophy (HP:0003202)-Flexion contracture (HP:0001371), Short stature (HP:0004322)-Short stature (HP:0004322), 		
306	GOLGA8R_AR	GOLGA8R	101059918	AR	0.6217	0.0033	0.0000	0.8250	0.0000	0.0000	0.0000	0.0000	0.0000	1.0000	0						
306	C1QTNF9_AD	C1QTNF9	338872	AD	0.6228	0.0033	0.5000	0.2580	0.0000	0.4035	0.0000	0.5000	0.5000	1.0000	0		Failure to thrive (HP:0001508)-increased body weight (MP:0001260), Small for gestational age (HP:0001518)-increased body weight (MP:0001260), Rhabdomyosarcoma (HP:0002859)-abnormal skeletal muscle morphology (MP:0000759), Skeletal muscle atrophy (HP:0003202)-abnormal skeletal muscle morphology (MP:0000759), Short stature (HP:0004322)-increased body weight (MP:0001260), 		Proximity to MAP2K1 associated with Cardiofaciocutaneous syndrome (ORPHA:1340): Nephrocalcinosis (HP:0000121)-Hydronephrosis (HP:0000126), Failure to thrive (HP:0001508)-Failure to thrive in infancy (HP:0001531), Small for gestational age (HP:0001518)-Failure to thrive in infancy (HP:0001531), Premature birth (HP:0001622)-Premature birth (HP:0001622), Skeletal muscle atrophy (HP:0003202)-Cerebral cortical atrophy (HP:0002120), Short stature (HP:0004322)-Short stature (HP:0004322), 	Proximity to MAP2K1 Skeletal muscle atrophy (HP:0003202)-decreased embryo size (MP:0001698), Short stature (HP:0004322)-decreased embryo size (MP:0001698), 	
308	NFASC_AR	NFASC	23114	AR	0.6261	0.0032	0.5355	0.2145	0.5355	0.0000	0.2090	0.5077	0.5355	1.0000	0	Neurodevelopmental disorder with central and peripheral motor dysfunction (OMIM:618356): Failure to thrive (HP:0001508)-Failure to thrive (HP:0001508), Small for gestational age (HP:0001518)-Failure to thrive (HP:0001508), Premature birth (HP:0001622)-Decreased fetal movement (HP:0001558), Skeletal muscle atrophy (HP:0003202)-Cerebellar atrophy (HP:0001272), 		Failure to thrive (HP:0001508)-spinal cord decreased rate central nervous system myelin formation, abnormal (ZP:0138599), 	Proximity to CNTN1 associated with Congenital myopathy 12 (OMIM:612540): Failure to thrive (HP:0001508)-Small for gestational age (HP:0001518), Small for gestational age (HP:0001518)-Small for gestational age (HP:0001518), Premature birth (HP:0001622)-Premature birth (HP:0001622), Skeletal muscle atrophy (HP:0003202)-Camptodactyly (HP:0012385), Short stature (HP:0004322)-High, narrow palate (HP:0002705), 	Proximity to CNTN1 Failure to thrive (HP:0001508)-weight loss (MP:0001263), Small for gestational age (HP:0001518)-weight loss (MP:0001263), Premature birth (HP:0001622)-impaired limb coordination (MP:0001524), Skeletal muscle atrophy (HP:0003202)-decreased body size (MP:0001265), Short stature (HP:0004322)-decreased body size (MP:0001265), 	
308	SEMA4F_AR	SEMA4F	10505	AR	0.6266	0.0032	0.5000	0.2542	0.0000	0.0000	0.0000	0.5000	0.5000	1.0000	0				Proximity to PTEN associated with Cowden syndrome (ORPHA:201): Nephrocalcinosis (HP:0000121)-Abnormality of the kidney (HP:0000077), Failure to thrive (HP:0001508)-Failure to thrive (HP:0001508), Small for gestational age (HP:0001518)-Failure to thrive (HP:0001508), Rhabdomyosarcoma (HP:0002859)-Fibroma (HP:0010614), Skeletal muscle atrophy (HP:0003202)-Macroglossia (HP:0000158), Short stature (HP:0004322)-Short stature (HP:0004322), 	Proximity to PTEN Failure to thrive (HP:0001508)-impaired balance (MP:0001525), Small for gestational age (HP:0001518)-impaired balance (MP:0001525), Premature birth (HP:0001622)-impaired balance (MP:0001525), Skeletal muscle atrophy (HP:0003202)-decreased body size (MP:0001265), Short stature (HP:0004322)-decreased body size (MP:0001265), 	Proximity to PTEN Short stature (HP:0004322)-whole organism decreased length, abnormal (ZP:0000473), 
310	HLA-C_AR	HLA-C	3107	AR	0.6280	0.0031	0.2514	0.5340	0.0000	0.2736	0.0000	0.5029	0.5029	0.5000	0		Nephrocalcinosis (HP:0000121)-abnormal urinary bladder morphology (MP:0000538), 		Proximity to SEC24C associated with 22q11.2 deletion syndrome (ORPHA:567): Nephrocalcinosis (HP:0000121)-Multiple renal cysts (HP:0005562), Failure to thrive (HP:0001508)-Failure to thrive (HP:0001508), Small for gestational age (HP:0001518)-Failure to thrive (HP:0001508), Premature birth (HP:0001622)-Polyhydramnios (HP:0001561), Skeletal muscle atrophy (HP:0003202)-Optic atrophy (HP:0000648), Short stature (HP:0004322)-Short stature (HP:0004322), 		Proximity to SEC24C Short stature (HP:0004322)-whole organism decreased length, abnormal (ZP:0000473), 
311	HLA-DQA2_AD	HLA-DQA2	3117	AD	0.6316	0.0030	0.0000	0.8151	0.5863	0.0000	0.0000	0.0000	0.5863	0.5000	0	Celiac disease, susceptibility to (OMIM:212750): Nephrocalcinosis (HP:0000121)-Cerebral calcification (HP:0002514), Failure to thrive (HP:0001508)-Failure to thrive (HP:0001508), Small for gestational age (HP:0001518)-Weight loss (HP:0001824), Premature birth (HP:0001622)-Delayed puberty (HP:0000823), Short stature (HP:0004322)-Short stature (HP:0004322), 					
312	POTEI_AR	POTEI	653269	AR	0.6359	0.0029	0.5042	0.2400	0.0000	0.0000	0.0000	0.5042	0.5042	1.0000	0				Proximity to ASH1L associated with Intellectual developmental disorder, autosomal dominant 52 (OMIM:617796): Nephrocalcinosis (HP:0000121)-Cryptorchidism (HP:0000028), Failure to thrive (HP:0001508)-Small for gestational age (HP:0001518), Small for gestational age (HP:0001518)-Small for gestational age (HP:0001518), Premature birth (HP:0001622)-Breech presentation (HP:0001623), Skeletal muscle atrophy (HP:0003202)-Scapular winging (HP:0003691), Short stature (HP:0004322)-High palate (HP:0000218), 	Proximity to ASH1L Failure to thrive (HP:0001508)-postnatal growth retardation (MP:0001732), Small for gestational age (HP:0001518)-decreased body weight (MP:0001262), Premature birth (HP:0001622)-postnatal growth retardation (MP:0001732), Skeletal muscle atrophy (HP:0003202)-decreased body size (MP:0001265), Short stature (HP:0004322)-decreased body size (MP:0001265), 	
312	ZNG1C_AD	ZNG1C	150472	AD	0.6360	0.0029	0.5001	0.2445	0.0000	0.3751	0.0000	0.5001	0.5001	1.0000	0		Nephrocalcinosis (HP:0000121)-abnormal kidney interstitium morphology (MP:0011425), 		Proximity to PAX7 associated with Rhabdomyosarcoma 2, alveolar (OMIM:268220): Rhabdomyosarcoma (HP:0002859)-Alveolar rhabdomyosarcoma (HP:0006779), 	Proximity to PAX7 Failure to thrive (HP:0001508)-postnatal growth retardation (MP:0001732), Small for gestational age (HP:0001518)-postnatal growth retardation (MP:0001732), Premature birth (HP:0001622)-postnatal growth retardation (MP:0001732), Rhabdomyosarcoma (HP:0002859)-muscle weakness (MP:0000747), Skeletal muscle atrophy (HP:0003202)-thin diaphragm muscle (MP:0000761), Short stature (HP:0004322)-postnatal growth retardation (MP:0001732), 	
314	MROH2A_AD	MROH2A	339766	AD	0.6383	0.0028	0.0000	0.8083	0.0000	0.0000	0.0000	0.0000	0.0000	1.0000	0						
315	HERC2_AD	HERC2	8924	AD	0.6416	0.0027	0.1455	0.6403	0.0000	0.2911	0.0000	0.0000	0.2911	0.5000	0		Skeletal muscle atrophy (HP:0003202)-decreased body size (MP:0001265), Short stature (HP:0004322)-decreased body size (MP:0001265), 				
316	DRC3_AR	DRC3	83450	AR	0.6465	0.0026	0.0000	0.8000	0.0000	0.0000	0.0000	0.0000	0.0000	1.0000	0						
316	FAM86B2_AD	FAM86B2	653333	AD	0.6465	0.0026	0.0000	0.8000	0.0000	0.0000	0.0000	0.0000	0.0000	1.0000	0						
316	FAM90A10_AD	FAM90A10	441328	AD	0.6465	0.0026	0.0000	0.8000	0.0000	0.0000	0.0000	0.0000	0.0000	1.0000	0						
316	FAM90A22_AD	FAM90A22	645558	AD	0.6465	0.0026	0.0000	0.8000	0.0000	0.0000	0.0000	0.0000	0.0000	1.0000	0						
316	GOLGA6C_AR	GOLGA6C	653641	AR	0.6465	0.0026	0.0000	0.8000	0.0000	0.0000	0.0000	0.0000	0.0000	1.0000	0						
316	GOLGA6L7_AD	GOLGA6L7	728310	AD	0.6465	0.0026	0.0000	0.8000	0.0000	0.0000	0.0000	0.0000	0.0000	1.0000	0						
316	GOLGA8H_AD	GOLGA8H	728498	AD	0.6465	0.0026	0.0000	0.8000	0.0000	0.0000	0.0000	0.0000	0.0000	1.0000	0						
316	GOLGA8K_AD	GOLGA8K	653125	AD	0.6465	0.0026	0.0000	0.8000	0.0000	0.0000	0.0000	0.0000	0.0000	1.0000	0						
316	GOLGA8K_AR	GOLGA8K	653125	AR	0.6465	0.0026	0.0000	0.8000	0.0000	0.0000	0.0000	0.0000	0.0000	1.0000	0						
316	GRAMD4_AD	GRAMD4	23151	AD	0.6465	0.0026	0.0000	0.8000	0.0000	0.0000	0.0000	0.0000	0.0000	1.0000	0						
316	NBPF10_AD	NBPF10	100132406	AD	0.6465	0.0026	0.0000	0.8000	0.0000	0.0000	0.0000	0.0000	0.0000	1.0000	0						
316	NBPF14_AR	NBPF14	25832	AR	0.6465	0.0026	0.0000	0.8000	0.0000	0.0000	0.0000	0.0000	0.0000	1.0000	0						
316	NUTM2A_AD	NUTM2A	728118	AD	0.6465	0.0026	0.0000	0.8000	0.0000	0.0000	0.0000	0.0000	0.0000	1.0000	0						
316	NUTM2A_AR	NUTM2A	728118	AR	0.6465	0.0026	0.0000	0.8000	0.0000	0.0000	0.0000	0.0000	0.0000	1.0000	0						
316	SPDYE16_AR	SPDYE16	102723555	AR	0.6465	0.0026	0.0000	0.8000	0.0000	0.0000	0.0000	0.0000	0.0000	1.0000	0						
316	SPDYE6_AD	SPDYE6	729597	AD	0.6465	0.0026	0.0000	0.8000	0.0000	0.0000	0.0000	0.0000	0.0000	1.0000	0						
316	TRIM49_AD	TRIM49	57093	AD	0.6465	0.0026	0.0000	0.8000	0.0000	0.0000	0.0000	0.0000	0.0000	1.0000	0						
316	ZNF320_AR	ZNF320	162967	AR	0.6465	0.0026	0.0000	0.8000	0.0000	0.0000	0.0000	0.0000	0.0000	1.0000	0						
316	LTBP2_AD	LTBP2	4053	AD	0.6466	0.0026	0.0000	0.7999	0.3531	0.0000	0.0000	0.0000	0.3531	0.5000	0	Weill-Marchesani syndrome (ORPHA:3449): Short stature (HP:0004322)-Short stature (HP:0004322), 					
335	C1QTNF9_AR	C1QTNF9	338872	AR	0.6506	0.0025	0.5000	0.2300	0.0000	0.4035	0.0000	0.5000	0.5000	1.0000	0		Failure to thrive (HP:0001508)-increased body weight (MP:0001260), Small for gestational age (HP:0001518)-increased body weight (MP:0001260), Rhabdomyosarcoma (HP:0002859)-abnormal skeletal muscle morphology (MP:0000759), Skeletal muscle atrophy (HP:0003202)-abnormal skeletal muscle morphology (MP:0000759), Short stature (HP:0004322)-increased body weight (MP:0001260), 		Proximity to MAP2K1 associated with Cardiofaciocutaneous syndrome (ORPHA:1340): Nephrocalcinosis (HP:0000121)-Hydronephrosis (HP:0000126), Failure to thrive (HP:0001508)-Failure to thrive in infancy (HP:0001531), Small for gestational age (HP:0001518)-Failure to thrive in infancy (HP:0001531), Premature birth (HP:0001622)-Premature birth (HP:0001622), Skeletal muscle atrophy (HP:0003202)-Cerebral cortical atrophy (HP:0002120), Short stature (HP:0004322)-Short stature (HP:0004322), 	Proximity to MAP2K1 Skeletal muscle atrophy (HP:0003202)-decreased embryo size (MP:0001698), Short stature (HP:0004322)-decreased embryo size (MP:0001698), 	
335	AGAP4_AD	AGAP4	119016	AD	0.6516	0.0025	0.5000	0.2290	0.0000	0.0000	0.0000	0.5000	0.5000	1.0000	0				Proximity to SEC23B associated with Cowden syndrome (ORPHA:201): Nephrocalcinosis (HP:0000121)-Abnormality of the kidney (HP:0000077), Failure to thrive (HP:0001508)-Failure to thrive (HP:0001508), Small for gestational age (HP:0001518)-Failure to thrive (HP:0001508), Rhabdomyosarcoma (HP:0002859)-Fibroma (HP:0010614), Skeletal muscle atrophy (HP:0003202)-Macroglossia (HP:0000158), Short stature (HP:0004322)-Short stature (HP:0004322), 	Proximity to SEC23B Skeletal muscle atrophy (HP:0003202)-small pancreas (MP:0004247), Short stature (HP:0004322)-small pancreas (MP:0004247), 	
335	HMCN2_AD	HMCN2	256158	AD	0.6528	0.0025	0.0000	0.7937	0.0000	0.0000	0.0000	0.0000	0.0000	1.0000	0						
335	GARRE1_AR	GARRE1	9710	AR	0.6535	0.0025	0.2147	0.5500	0.0000	0.2147	0.0000	0.0000	0.2147	1.0000	0		Failure to thrive (HP:0001508)-hyperactivity (MP:0001399), Small for gestational age (HP:0001518)-hyperactivity (MP:0001399), Premature birth (HP:0001622)-hyperactivity (MP:0001399), Short stature (HP:0004322)-hyperactivity (MP:0001399), 				
335	NBPF10_AR	NBPF10	100132406	AR	0.6536	0.0025	0.0000	0.7930	0.0000	0.0000	0.0000	0.0000	0.0000	1.0000	0						
340	UNC13B_AR	UNC13B	10497	AR	0.6542	0.0024	0.5025	0.2235	0.0000	0.1808	0.0000	0.5025	0.5025	1.0000	0		Skeletal muscle atrophy (HP:0003202)-small testis (MP:0001147), Short stature (HP:0004322)-small testis (MP:0001147), 		Proximity to STX3 associated with Microvillus inclusion disease (ORPHA:2290): Nephrocalcinosis (HP:0000121)-Nephrocalcinosis (HP:0000121), Skeletal muscle atrophy (HP:0003202)-Villous atrophy (HP:0011473), 		
340	DYTN_AR	DYTN	391475	AR	0.6559	0.0024	0.5000	0.2248	0.0000	0.3189	0.0000	0.5000	0.5000	1.0000	0		Failure to thrive (HP:0001508)-decreased heart weight (MP:0002834), Small for gestational age (HP:0001518)-decreased heart weight (MP:0002834), Premature birth (HP:0001622)-increased exploration in new environment (MP:0001415), Skeletal muscle atrophy (HP:0003202)-decreased heart weight (MP:0002834), Short stature (HP:0004322)-decreased heart weight (MP:0002834), 		Proximity to UQCRFS1 associated with Mitochondrial complex III deficiency, nuclear type 10 (OMIM:618775): Failure to thrive (HP:0001508)-Small for gestational age (HP:0001518), Small for gestational age (HP:0001518)-Small for gestational age (HP:0001518), Premature birth (HP:0001622)-Persistent fetal circulation (HP:0011726), Short stature (HP:0004322)-Intrauterine growth retardation (HP:0001511), 		
342	ZNF418_AR	ZNF418	147686	AR	0.6594	0.0023	0.0000	0.7872	0.0000	0.0000	0.0000	0.0000	0.0000	1.0000	0						
342	SAP30L_AD	SAP30L	79685	AD	0.6602	0.0023	0.5011	0.2192	0.0000	0.0000	0.0000	0.5011	0.5011	1.0000	0				Proximity to SIN3A associated with 15q24 microdeletion syndrome (ORPHA:94065): Nephrocalcinosis (HP:0000121)-Hypospadias (HP:0000047), Failure to thrive (HP:0001508)-Failure to thrive (HP:0001508), Small for gestational age (HP:0001518)-Small for gestational age (HP:0001518), Premature birth (HP:0001622)-Cryptorchidism (HP:0000028), Skeletal muscle atrophy (HP:0003202)-Congenital diaphragmatic hernia (HP:0000776), Short stature (HP:0004322)-Short stature (HP:0004322), 		
342	TBC1D3B_AR	TBC1D3B	414059	AR	0.6609	0.0023	0.5002	0.2195	0.0000	0.0000	0.0000	0.5002	0.5002	1.0000	0				Proximity to TRIP13 associated with Mosaic variegated aneuploidy syndrome (ORPHA:1052): Nephrocalcinosis (HP:0000121)-Multicystic kidney dysplasia (HP:0000003), Premature birth (HP:0001622)-Polyhydramnios (HP:0001561), Rhabdomyosarcoma (HP:0002859)-Rhabdomyosarcoma (HP:0002859), Skeletal muscle atrophy (HP:0003202)-Muscular dystrophy (HP:0003560), Short stature (HP:0004322)-Short stature (HP:0004322), 	Proximity to TRIP13 Failure to thrive (HP:0001508)-impaired ovarian folliculogenesis (MP:0001129), Small for gestational age (HP:0001518)-arrest of male meiosis (MP:0008261), Premature birth (HP:0001622)-arrest of male meiosis (MP:0008261), Skeletal muscle atrophy (HP:0003202)-decreased body size (MP:0001265), Short stature (HP:0004322)-decreased body size (MP:0001265), 	
345	POTEI_AD	POTEI	653269	AD	0.6681	0.0022	0.5042	0.2078	0.0000	0.0000	0.0000	0.5042	0.5042	1.0000	0				Proximity to ASH1L associated with Intellectual developmental disorder, autosomal dominant 52 (OMIM:617796): Nephrocalcinosis (HP:0000121)-Cryptorchidism (HP:0000028), Failure to thrive (HP:0001508)-Small for gestational age (HP:0001518), Small for gestational age (HP:0001518)-Small for gestational age (HP:0001518), Premature birth (HP:0001622)-Breech presentation (HP:0001623), Skeletal muscle atrophy (HP:0003202)-Scapular winging (HP:0003691), Short stature (HP:0004322)-High palate (HP:0000218), 	Proximity to ASH1L Failure to thrive (HP:0001508)-postnatal growth retardation (MP:0001732), Small for gestational age (HP:0001518)-decreased body weight (MP:0001262), Premature birth (HP:0001622)-postnatal growth retardation (MP:0001732), Skeletal muscle atrophy (HP:0003202)-decreased body size (MP:0001265), Short stature (HP:0004322)-decreased body size (MP:0001265), 	
346	PHTF1_AD	PHTF1	10745	AD	0.6687	0.0021	0.5000	0.2119	0.0000	0.0000	0.0000	0.5000	0.5000	1.0000	0				Proximity to SMARCAL1 associated with Schimke immuno-osseous dysplasia (ORPHA:1830): Nephrocalcinosis (HP:0000121)-Focal segmental glomerulosclerosis (HP:0000097), Failure to thrive (HP:0001508)-Failure to thrive (HP:0001508), Small for gestational age (HP:0001518)-Small for gestational age (HP:0001518), Premature birth (HP:0001622)-Premature birth (HP:0001622), Short stature (HP:0004322)-Short stature (HP:0004322), 	Proximity to SMARCAL1 Nephrocalcinosis (HP:0000121)-albuminuria (MP:0002871), Failure to thrive (HP:0001508)-postnatal growth retardation (MP:0001732), Small for gestational age (HP:0001518)-decreased body weight (MP:0001262), Premature birth (HP:0001622)-postnatal growth retardation (MP:0001732), Skeletal muscle atrophy (HP:0003202)-decreased body length (MP:0001258), Short stature (HP:0004322)-postnatal growth retardation (MP:0001732), 	
346	HIVEP3_AR	HIVEP3	59269	AR	0.6710	0.0021	0.5000	0.2097	0.0000	0.2871	0.0000	0.5000	0.5000	1.0000	0		Nephrocalcinosis (HP:0000121)-hydronephrosis (MP:0000519), 		Proximity to PTCH1 associated with Basal cell nevus syndrome 1 (OMIM:109400): Nephrocalcinosis (HP:0000121)-Calcification of falx cerebri (HP:0005462), Rhabdomyosarcoma (HP:0002859)-Rhabdomyoma (HP:0009730), Skeletal muscle atrophy (HP:0003202)-Sprengel anomaly (HP:0000912), 	Proximity to PTCH1 Nephrocalcinosis (HP:0000121)-small male preputial gland (MP:0002716), Failure to thrive (HP:0001508)-decreased fear-related response (MP:0003460), Small for gestational age (HP:0001518)-decreased fear-related response (MP:0003460), Premature birth (HP:0001622)-decreased fear-related response (MP:0003460), Rhabdomyosarcoma (HP:0002859)-abnormal tendon morphology (MP:0005503), Skeletal muscle atrophy (HP:0003202)-abnormal tendon morphology (MP:0005503), Short stature (HP:0004322)-short tail (MP:0000592), 	Proximity to PTCH1 Rhabdomyosarcoma (HP:0002859)-fast muscle cell mislocalised, abnormal (ZP:0009660), Skeletal muscle atrophy (HP:0003202)-fast muscle cell mislocalised, abnormal (ZP:0009660), Short stature (HP:0004322)-whole organism decreased size, abnormal (ZP:0000324), 
346	ZNG1C_AR	ZNG1C	150472	AR	0.6728	0.0021	0.5001	0.2078	0.0000	0.3751	0.0000	0.5001	0.5001	1.0000	0		Nephrocalcinosis (HP:0000121)-abnormal kidney interstitium morphology (MP:0011425), 		Proximity to PAX7 associated with Rhabdomyosarcoma 2, alveolar (OMIM:268220): Rhabdomyosarcoma (HP:0002859)-Alveolar rhabdomyosarcoma (HP:0006779), 	Proximity to PAX7 Failure to thrive (HP:0001508)-postnatal growth retardation (MP:0001732), Small for gestational age (HP:0001518)-postnatal growth retardation (MP:0001732), Premature birth (HP:0001622)-postnatal growth retardation (MP:0001732), Rhabdomyosarcoma (HP:0002859)-muscle weakness (MP:0000747), Skeletal muscle atrophy (HP:0003202)-thin diaphragm muscle (MP:0000761), Short stature (HP:0004322)-postnatal growth retardation (MP:0001732), 	
346	MUC20_AR	MUC20	200958	AR	0.6733	0.0021	0.5048	0.2019	0.0000	0.0000	0.0000	0.5048	0.5048	1.0000	0				Proximity to GALNT3 associated with Tumoral calcinosis, hyperphosphatemic, familial, 1 (OMIM:211900): Nephrocalcinosis (HP:0000121)-Nephrocalcinosis (HP:0000121), Skeletal muscle atrophy (HP:0003202)-Calcinosis (HP:0003761), 	Proximity to GALNT3 Nephrocalcinosis (HP:0000121)-nephrocalcinosis (MP:0003197), Rhabdomyosarcoma (HP:0002859)-calcified muscle (MP:0003199), Skeletal muscle atrophy (HP:0003202)-calcified muscle (MP:0003199), 	
350	PITRM1_AD	PITRM1	10531	AD	0.6738	0.0020	0.2501	0.4898	0.2342	0.2470	0.0000	0.5001	0.5001	0.5000	0	Spinocerebellar ataxia, autosomal recessive 30 (OMIM:619405): Skeletal muscle atrophy (HP:0003202)-Cerebellar atrophy (HP:0001272), 	Failure to thrive (HP:0001508)-impaired coordination (MP:0001405), Small for gestational age (HP:0001518)-impaired coordination (MP:0001405), Premature birth (HP:0001622)-impaired coordination (MP:0001405), Short stature (HP:0004322)-impaired coordination (MP:0001405), 		Proximity to SUCLA2 associated with Mitochondrial DNA depletion syndrome 5 (encephalomyopathic with or without methylmalonic aciduria) (OMIM:612073): Nephrocalcinosis (HP:0000121)-Aminoaciduria (HP:0003355), Failure to thrive (HP:0001508)-Failure to thrive (HP:0001508), Small for gestational age (HP:0001518)-Small for gestational age (HP:0001518), Skeletal muscle atrophy (HP:0003202)-Skeletal muscle atrophy (HP:0003202), Short stature (HP:0004322)-Short stature (HP:0004322), 	Proximity to SUCLA2 Premature birth (HP:0001622)-decreased fetal size (MP:0004200), Skeletal muscle atrophy (HP:0003202)-decreased fetal size (MP:0004200), Short stature (HP:0004322)-decreased fetal size (MP:0004200), 	
350	DNAH10_AR	DNAH10	196385	AR	0.6747	0.0020	0.5001	0.2057	0.2548	0.2444	0.0000	0.5001	0.5001	1.0000	0	Spermatogenic failure 56 (OMIM:619515): Nephrocalcinosis (HP:0000121)-Irregularly shaped sperm tail (HP:0033393), Premature birth (HP:0001622)-Reduced sperm motility (HP:0012207), 	Failure to thrive (HP:0001508)-immotile sperm (MP:0020869), Small for gestational age (HP:0001518)-immotile sperm (MP:0020869), Premature birth (HP:0001622)-immotile sperm (MP:0020869), Short stature (HP:0004322)-immotile sperm (MP:0020869), 		Proximity to MC1R associated with Large congenital melanocytic nevus (ORPHA:626): Rhabdomyosarcoma (HP:0002859)-Rhabdomyosarcoma (HP:0002859), 	Proximity to MC1R Failure to thrive (HP:0001508)-hyperpigmentation (MP:0001188), Small for gestational age (HP:0001518)-hyperpigmentation (MP:0001188), Premature birth (HP:0001622)-hyperpigmentation (MP:0001188), Short stature (HP:0004322)-hyperpigmentation (MP:0001188), 	
350	OR10A3_AD	OR10A3	26496	AD	0.6758	0.0020	0.5000	0.2047	0.0000	0.0000	0.0000	0.5000	0.5000	1.0000	0				Proximity to MEFV associated with Familial Mediterranean fever (ORPHA:342): Nephrocalcinosis (HP:0000121)-Nephrocalcinosis (HP:0000121), Premature birth (HP:0001622)-Orchitis (HP:0100796), 	Proximity to MEFV Failure to thrive (HP:0001508)-postnatal growth retardation (MP:0001732), Small for gestational age (HP:0001518)-decreased body weight (MP:0001262), Premature birth (HP:0001622)-postnatal growth retardation (MP:0001732), Skeletal muscle atrophy (HP:0003202)-decreased body size (MP:0001265), Short stature (HP:0004322)-decreased body size (MP:0001265), 	
353	WTAP_AD	WTAP	9589	AD	0.6789	0.0019	0.5007	0.2009	0.0000	0.1997	0.0000	0.5007	0.5007	1.0000	0		Failure to thrive (HP:0001508)-increased startle reflex (MP:0001488), Small for gestational age (HP:0001518)-increased startle reflex (MP:0001488), Premature birth (HP:0001622)-increased startle reflex (MP:0001488), Short stature (HP:0004322)-increased startle reflex (MP:0001488), 		Proximity to IGF1 associated with Growth delay due to insulin-like growth factor type 1 deficiency (ORPHA:73272): Nephrocalcinosis (HP:0000121)-Small placenta (HP:0006266), Failure to thrive (HP:0001508)-Failure to thrive (HP:0001508), Small for gestational age (HP:0001518)-Small for gestational age (HP:0001518), Premature birth (HP:0001622)-Small placenta (HP:0006266), Short stature (HP:0004322)-Short stature (HP:0004322), 	Proximity to IGF1 Failure to thrive (HP:0001508)-postnatal growth retardation (MP:0001732), Small for gestational age (HP:0001518)-decreased body weight (MP:0001262), Premature birth (HP:0001622)-delayed bone ossification (MP:0000060), Rhabdomyosarcoma (HP:0002859)-muscle hypoplasia (MP:0000734), Skeletal muscle atrophy (HP:0003202)-muscle hypoplasia (MP:0000734), Short stature (HP:0004322)-delayed bone ossification (MP:0000060), 	
353	CGAS_AD	CGAS	115004	AD	0.6811	0.0019	0.5000	0.1994	0.0000	0.1997	0.3106	0.5000	0.5000	1.0000	0		Failure to thrive (HP:0001508)-increased startle reflex (MP:0001488), Small for gestational age (HP:0001518)-increased startle reflex (MP:0001488), Premature birth (HP:0001622)-increased startle reflex (MP:0001488), Short stature (HP:0004322)-increased startle reflex (MP:0001488), 	Skeletal muscle atrophy (HP:0003202)-hindbrain atrophied, abnormal (ZP:0021018), 	Proximity to TRAIP associated with Seckel syndrome 9 (OMIM:616777): Nephrocalcinosis (HP:0000121)-Recurrent urinary tract infections (HP:0000010), Failure to thrive (HP:0001508)-Small for gestational age (HP:0001518), Small for gestational age (HP:0001518)-Small for gestational age (HP:0001518), Premature birth (HP:0001622)-Polyhydramnios (HP:0001561), Skeletal muscle atrophy (HP:0003202)-Congenital diaphragmatic hernia (HP:0000776), Short stature (HP:0004322)-Short stature (HP:0004322), 	Proximity to TRAIP Skeletal muscle atrophy (HP:0003202)-decreased embryo size (MP:0001698), Short stature (HP:0004322)-decreased embryo size (MP:0001698), 	
353	RGPD3_AD	RGPD3	653489	AD	0.6811	0.0019	0.5001	0.1992	0.0000	0.3146	0.0000	0.5001	0.5001	1.0000	0		Failure to thrive (HP:0001508)-decreased susceptibility to diet-induced obesity (MP:0005659), Small for gestational age (HP:0001518)-decreased susceptibility to diet-induced obesity (MP:0005659), Short stature (HP:0004322)-decreased susceptibility to diet-induced obesity (MP:0005659), 		Proximity to CPLANE1 associated with Orofaciodigital syndrome VI (OMIM:277170): Nephrocalcinosis (HP:0000121)-Renal dysplasia (HP:0000110), Failure to thrive (HP:0001508)-Failure to thrive (HP:0001508), Small for gestational age (HP:0001518)-Failure to thrive (HP:0001508), Rhabdomyosarcoma (HP:0002859)-Hamartoma of tongue (HP:0011802), Short stature (HP:0004322)-Short stature (HP:0004322), 	Proximity to CPLANE1 Nephrocalcinosis (HP:0000121)-duplex kidney (MP:0004017), Failure to thrive (HP:0001508)-impaired wound healing (MP:0001792), Small for gestational age (HP:0001518)-impaired wound healing (MP:0001792), Premature birth (HP:0001622)-impaired wound healing (MP:0001792), Rhabdomyosarcoma (HP:0002859)-muscular ventricular septal defect (MP:0010420), Skeletal muscle atrophy (HP:0003202)-muscular ventricular septal defect (MP:0010420), Short stature (HP:0004322)-decreased brain size (MP:0000774), 	
356	SIK1_AD	SIK1	150094	AD	0.6855	0.0018	0.5949	0.0876	0.5949	0.4261	0.0000	0.5070	0.5949	1.0000	0	Early infantile epileptic encephalopathy (ORPHA:1934): Nephrocalcinosis (HP:0000121)-Renal dysplasia (HP:0000110), Failure to thrive (HP:0001508)-Failure to thrive (HP:0001508), Small for gestational age (HP:0001518)-Failure to thrive (HP:0001508), Premature birth (HP:0001622)-Precocious puberty (HP:0000826), Skeletal muscle atrophy (HP:0003202)-Cerebellar atrophy (HP:0001272), Short stature (HP:0004322)-Delayed myelination (HP:0012448), 	Failure to thrive (HP:0001508)-decreased body weight (MP:0001262), Small for gestational age (HP:0001518)-decreased body weight (MP:0001262), Skeletal muscle atrophy (HP:0003202)-decreased body weight (MP:0001262), Short stature (HP:0004322)-decreased body weight (MP:0001262), 		Proximity to STRADA associated with Polyhydramnios, megalencephaly, and symptomatic epilepsy (OMIM:611087): Nephrocalcinosis (HP:0000121)-Nephrocalcinosis (HP:0000121), Failure to thrive (HP:0001508)-Slender build (HP:0001533), Small for gestational age (HP:0001518)-Slender build (HP:0001533), Premature birth (HP:0001622)-Premature birth (HP:0001622), Skeletal muscle atrophy (HP:0003202)-Facial hypotonia (HP:0000297), Short stature (HP:0004322)-Slender build (HP:0001533), 	Proximity to STRADA Failure to thrive (HP:0001508)-decreased locomotor activity (MP:0001402), Small for gestational age (HP:0001518)-decreased locomotor activity (MP:0001402), Premature birth (HP:0001622)-decreased locomotor activity (MP:0001402), Rhabdomyosarcoma (HP:0002859)-hypotonia (MP:0004144), Skeletal muscle atrophy (HP:0003202)-hypotonia (MP:0004144), Short stature (HP:0004322)-decreased body size (MP:0001265), 	
356	TUBB8_AR	TUBB8	347688	AR	0.6896	0.0018	0.5000	0.1908	0.2398	0.0000	0.0000	0.5000	0.5000	1.0000	0	Female infertility due to oocyte meiotic arrest (ORPHA:488191): Nephrocalcinosis (HP:0000121)-Abnormal meiosis (HP:0031515), Premature birth (HP:0001622)-Abnormal spermatogenesis (HP:0008669), 			Proximity to MC1R associated with Large congenital melanocytic nevus (ORPHA:626): Rhabdomyosarcoma (HP:0002859)-Rhabdomyosarcoma (HP:0002859), 	Proximity to MC1R Failure to thrive (HP:0001508)-hyperpigmentation (MP:0001188), Small for gestational age (HP:0001518)-hyperpigmentation (MP:0001188), Premature birth (HP:0001622)-hyperpigmentation (MP:0001188), Short stature (HP:0004322)-hyperpigmentation (MP:0001188), 	
356	FDXACB1_AR	FDXACB1	91893	AR	0.6902	0.0018	0.5000	0.1902	0.0000	0.2147	0.0000	0.5000	0.5000	1.0000	0		Failure to thrive (HP:0001508)-hyperactivity (MP:0001399), Small for gestational age (HP:0001518)-hyperactivity (MP:0001399), Premature birth (HP:0001622)-hyperactivity (MP:0001399), Short stature (HP:0004322)-hyperactivity (MP:0001399), 		Proximity to FARSB associated with Rajab interstitial lung disease with brain calcifications 1 (OMIM:613658): Nephrocalcinosis (HP:0000121)-Cerebral calcification (HP:0002514), Failure to thrive (HP:0001508)-Failure to thrive (HP:0001508), Small for gestational age (HP:0001518)-Small for gestational age (HP:0001518), Premature birth (HP:0001622)-Oligohydramnios (HP:0001562), Skeletal muscle atrophy (HP:0003202)-Cerebral atrophy (HP:0002059), Short stature (HP:0004322)-Short stature (HP:0004322), 		
359	ANAPC1_AD	ANAPC1	64682	AD	0.6920	0.0017	0.2522	0.4689	0.6993	0.0000	0.0000	0.5044	0.6993	0.5000	0	Rothmund-Thomson syndrome type 1 (ORPHA:221008): Nephrocalcinosis (HP:0000121)-Hypogonadism (HP:0000135), Failure to thrive (HP:0001508)-Small for gestational age (HP:0001518), Small for gestational age (HP:0001518)-Small for gestational age (HP:0001518), Premature birth (HP:0001622)-Cryptorchidism (HP:0000028), Rhabdomyosarcoma (HP:0002859)-Osteosarcoma (HP:0002669), Skeletal muscle atrophy (HP:0003202)-Calcinosis (HP:0003761), Short stature (HP:0004322)-Short stature (HP:0004322), 			Proximity to CUL7 associated with 3-M syndrome 1 (OMIM:273750): Nephrocalcinosis (HP:0000121)-Hypospadias (HP:0000047), Failure to thrive (HP:0001508)-Small for gestational age (HP:0001518), Small for gestational age (HP:0001518)-Small for gestational age (HP:0001518), Premature birth (HP:0001622)-Decreased testicular size (HP:0008734), Skeletal muscle atrophy (HP:0003202)-Scapular winging (HP:0003691), Short stature (HP:0004322)-Short stature (HP:0004322), 	Proximity to CUL7 Failure to thrive (HP:0001508)-decreased body weight (MP:0001262), Small for gestational age (HP:0001518)-decreased body weight (MP:0001262), Skeletal muscle atrophy (HP:0003202)-decreased body weight (MP:0001262), Short stature (HP:0004322)-decreased body weight (MP:0001262), 	
359	CCDC73_AD	CCDC73	493860	AD	0.6926	0.0017	0.5000	0.1879	0.0000	0.0000	0.0000	0.5000	0.5000	1.0000	0				Proximity to IGHMBP2 associated with Neuronopathy, distal hereditary motor, autosomal recessive 1 (OMIM:604320): Nephrocalcinosis (HP:0000121)-Urinary incontinence (HP:0000020), Failure to thrive (HP:0001508)-Failure to thrive (HP:0001508), Small for gestational age (HP:0001518)-Small for gestational age (HP:0001518), Premature birth (HP:0001622)-Premature birth (HP:0001622), Skeletal muscle atrophy (HP:0003202)-Distal amyotrophy (HP:0003693), Short stature (HP:0004322)-Intrauterine growth retardation (HP:0001511), 	Proximity to IGHMBP2 Failure to thrive (HP:0001508)-decreased body weight (MP:0001262), Small for gestational age (HP:0001518)-decreased body weight (MP:0001262), Premature birth (HP:0001622)-impaired righting response (MP:0001523), Rhabdomyosarcoma (HP:0002859)-muscular atrophy (MP:0002269), Skeletal muscle atrophy (HP:0003202)-muscular atrophy (MP:0002269), Short stature (HP:0004322)-decreased body size (MP:0001265), 	
359	RGPD3_AR	RGPD3	653489	AR	0.6946	0.0017	0.5001	0.1858	0.0000	0.3146	0.0000	0.5001	0.5001	1.0000	0		Failure to thrive (HP:0001508)-decreased susceptibility to diet-induced obesity (MP:0005659), Small for gestational age (HP:0001518)-decreased susceptibility to diet-induced obesity (MP:0005659), Short stature (HP:0004322)-decreased susceptibility to diet-induced obesity (MP:0005659), 		Proximity to CPLANE1 associated with Orofaciodigital syndrome VI (OMIM:277170): Nephrocalcinosis (HP:0000121)-Renal dysplasia (HP:0000110), Failure to thrive (HP:0001508)-Failure to thrive (HP:0001508), Small for gestational age (HP:0001518)-Failure to thrive (HP:0001508), Rhabdomyosarcoma (HP:0002859)-Hamartoma of tongue (HP:0011802), Short stature (HP:0004322)-Short stature (HP:0004322), 	Proximity to CPLANE1 Nephrocalcinosis (HP:0000121)-duplex kidney (MP:0004017), Failure to thrive (HP:0001508)-impaired wound healing (MP:0001792), Small for gestational age (HP:0001518)-impaired wound healing (MP:0001792), Premature birth (HP:0001622)-impaired wound healing (MP:0001792), Rhabdomyosarcoma (HP:0002859)-muscular ventricular septal defect (MP:0010420), Skeletal muscle atrophy (HP:0003202)-muscular ventricular septal defect (MP:0010420), Short stature (HP:0004322)-decreased brain size (MP:0000774), 	
359	GOLGA8S_AR	GOLGA8S	653061	AR	0.6950	0.0017	0.0000	0.7513	0.0000	0.0000	0.0000	0.0000	0.0000	1.0000	0						
363	FAM8A1_AD	FAM8A1	51439	AD	0.6986	0.0016	0.5000	0.1818	0.0000	0.1925	0.0000	0.5000	0.5000	1.0000	0		Failure to thrive (HP:0001508)-increased vertical activity (MP:0002574), Small for gestational age (HP:0001518)-increased vertical activity (MP:0002574), Premature birth (HP:0001622)-increased vertical activity (MP:0002574), Short stature (HP:0004322)-increased vertical activity (MP:0002574), 		Proximity to UFD1 associated with 22q11.2 deletion syndrome (ORPHA:567): Nephrocalcinosis (HP:0000121)-Multiple renal cysts (HP:0005562), Failure to thrive (HP:0001508)-Failure to thrive (HP:0001508), Small for gestational age (HP:0001518)-Failure to thrive (HP:0001508), Premature birth (HP:0001622)-Polyhydramnios (HP:0001561), Skeletal muscle atrophy (HP:0003202)-Optic atrophy (HP:0000648), Short stature (HP:0004322)-Short stature (HP:0004322), 		
363	PSG1_AD	PSG1	5669	AD	0.7008	0.0016	0.3737	0.3225	0.0000	0.3737	0.0000	0.0000	0.3737	1.0000	0		Failure to thrive (HP:0001508)-obese (MP:0001261), Small for gestational age (HP:0001518)-obese (MP:0001261), Rhabdomyosarcoma (HP:0002859)-decreased muscle cell glucose uptake (MP:0030022), Skeletal muscle atrophy (HP:0003202)-increased skeletal muscle triglyceride level (MP:0031415), Short stature (HP:0004322)-obese (MP:0001261), 				
363	FAM8A1_AR	FAM8A1	51439	AR	0.7030	0.0016	0.5000	0.1774	0.0000	0.1925	0.0000	0.5000	0.5000	1.0000	0		Failure to thrive (HP:0001508)-increased vertical activity (MP:0002574), Small for gestational age (HP:0001518)-increased vertical activity (MP:0002574), Premature birth (HP:0001622)-increased vertical activity (MP:0002574), Short stature (HP:0004322)-increased vertical activity (MP:0002574), 		Proximity to UFD1 associated with 22q11.2 deletion syndrome (ORPHA:567): Nephrocalcinosis (HP:0000121)-Multiple renal cysts (HP:0005562), Failure to thrive (HP:0001508)-Failure to thrive (HP:0001508), Small for gestational age (HP:0001518)-Failure to thrive (HP:0001508), Premature birth (HP:0001622)-Polyhydramnios (HP:0001561), Skeletal muscle atrophy (HP:0003202)-Optic atrophy (HP:0000648), Short stature (HP:0004322)-Short stature (HP:0004322), 		
366	ASAH2B_AD	ASAH2B	653308	AD	0.7110	0.0014	0.5003	0.1690	0.0000	0.0000	0.0000	0.5003	0.5003	1.0000	0				Proximity to ASAH1 associated with Farber disease (ORPHA:333): Failure to thrive (HP:0001508)-Failure to thrive (HP:0001508), Small for gestational age (HP:0001518)-Failure to thrive (HP:0001508), Premature birth (HP:0001622)-Hydrops fetalis (HP:0001789), Skeletal muscle atrophy (HP:0003202)-Skeletal muscle atrophy (HP:0003202), Short stature (HP:0004322)-Short stature (HP:0004322), 	Proximity to ASAH1 Nephrocalcinosis (HP:0000121)-penis prolapse (MP:0009105), Failure to thrive (HP:0001508)-postnatal growth retardation (MP:0001732), Small for gestational age (HP:0001518)-weight loss (MP:0001263), Premature birth (HP:0001622)-postnatal growth retardation (MP:0001732), Skeletal muscle atrophy (HP:0003202)-weight loss (MP:0001263), Short stature (HP:0004322)-postnatal growth retardation (MP:0001732), 	Proximity to ASAH1 Failure to thrive (HP:0001508)-collateral sprouting decreased process quality, abnormal (ZP:0005954), Small for gestational age (HP:0001518)-collateral sprouting decreased process quality, abnormal (ZP:0005954), Short stature (HP:0004322)-collateral sprouting decreased process quality, abnormal (ZP:0005954), 
366	LGALS9C_AD	LGALS9C	654346	AD	0.7141	0.0014	0.5000	0.1661	0.0000	0.0000	0.0000	0.5000	0.5000	1.0000	0				Proximity to BCR associated with Distal 22q11.2 microdeletion syndrome (ORPHA:261330): Nephrocalcinosis (HP:0000121)-Recurrent urinary tract infections (HP:0000010), Premature birth (HP:0001622)-Premature birth (HP:0001622), Skeletal muscle atrophy (HP:0003202)-Camptodactyly of finger (HP:0100490), Short stature (HP:0004322)-Short stature (HP:0004322), 	Proximity to BCR Nephrocalcinosis (HP:0000121)-renal necrosis (MP:0003946), Failure to thrive (HP:0001508)-weight loss (MP:0001263), Small for gestational age (HP:0001518)-weight loss (MP:0001263), Skeletal muscle atrophy (HP:0003202)-weight loss (MP:0001263), Short stature (HP:0004322)-weight loss (MP:0001263), 	
366	KLHL29_AD	KLHL29	114818	AD	0.7156	0.0014	0.2382	0.4609	0.0000	0.2382	0.0000	0.0000	0.2382	1.0000	0		Rhabdomyosarcoma (HP:0002859)-increased cardiac muscle contractility (MP:0005599), Skeletal muscle atrophy (HP:0003202)-increased cardiac muscle contractility (MP:0005599), 				
366	CYP2B6_AD	CYP2B6	1555	AD	0.7159	0.0014	0.5074	0.1560	0.0000	0.0000	0.0000	0.5074	0.5074	1.0000	0				Proximity to CYB5A associated with Hereditary methemoglobinemia (ORPHA:621): Failure to thrive (HP:0001508)-Small for gestational age (HP:0001518), Small for gestational age (HP:0001518)-Small for gestational age (HP:0001518), Skeletal muscle atrophy (HP:0003202)-Cerebellar atrophy (HP:0001272), Short stature (HP:0004322)-Delayed myelination (HP:0012448), 		
366	OR2T34_AR	OR2T34	127068	AR	0.7172	0.0014	0.5000	0.1630	0.0000	0.0000	0.0000	0.5000	0.5000	1.0000	0				Proximity to MEFV associated with Familial Mediterranean fever (ORPHA:342): Nephrocalcinosis (HP:0000121)-Nephrocalcinosis (HP:0000121), Premature birth (HP:0001622)-Orchitis (HP:0100796), 	Proximity to MEFV Failure to thrive (HP:0001508)-postnatal growth retardation (MP:0001732), Small for gestational age (HP:0001518)-decreased body weight (MP:0001262), Premature birth (HP:0001622)-postnatal growth retardation (MP:0001732), Skeletal muscle atrophy (HP:0003202)-decreased body size (MP:0001265), Short stature (HP:0004322)-decreased body size (MP:0001265), 	
366	ACSM5_AR	ACSM5	54988	AR	0.7185	0.0014	0.5001	0.1616	0.0000	0.0000	0.0000	0.5001	0.5001	1.0000	0				Proximity to HADHA associated with Mitochondrial trifunctional protein deficiency 1 (OMIM:609015): Nephrocalcinosis (HP:0000121)-Myoglobinuria (HP:0002913), Failure to thrive (HP:0001508)-Failure to thrive (HP:0001508), Small for gestational age (HP:0001518)-Small for gestational age (HP:0001518), Premature birth (HP:0001622)-Abnormality of the amniotic fluid (HP:0001560), Skeletal muscle atrophy (HP:0003202)-Myopathy (HP:0003198), 	Proximity to HADHA Nephrocalcinosis (HP:0000121)-abnormal urine homeostasis (MP:0009643), Rhabdomyosarcoma (HP:0002859)-abnormal myocardium layer morphology (MP:0005329), Skeletal muscle atrophy (HP:0003202)-abnormal myocardium layer morphology (MP:0005329), 	
372	NACAD_AD	NACAD	23148	AD	0.7196	0.0013	0.5007	0.1597	0.0000	0.2667	0.0000	0.5007	0.5007	1.0000	0		Skeletal muscle atrophy (HP:0003202)-decreased body length (MP:0001258), Short stature (HP:0004322)-decreased body length (MP:0001258), 		Proximity to RPL35 associated with Diamond-Blackfan anemia (ORPHA:124): Nephrocalcinosis (HP:0000121)-Horseshoe kidney (HP:0000085), Failure to thrive (HP:0001508)-Small for gestational age (HP:0001518), Small for gestational age (HP:0001518)-Small for gestational age (HP:0001518), Premature birth (HP:0001622)-Nonimmune hydrops fetalis (HP:0001790), Rhabdomyosarcoma (HP:0002859)-Osteosarcoma (HP:0002669), Skeletal muscle atrophy (HP:0003202)-Abnormality of the thenar eminence (HP:0001227), Short stature (HP:0004322)-Short stature (HP:0004322), 		Proximity to RPL35 Short stature (HP:0004322)-whole organism decreased size, abnormal (ZP:0000324), 
372	GOLGA4_AD	GOLGA4	2803	AD	0.7201	0.0013	0.5002	0.1598	0.0000	0.0000	0.0000	0.5002	0.5002	1.0000	0				Proximity to CEP57 associated with Mosaic variegated aneuploidy syndrome (ORPHA:1052): Nephrocalcinosis (HP:0000121)-Multicystic kidney dysplasia (HP:0000003), Premature birth (HP:0001622)-Polyhydramnios (HP:0001561), Rhabdomyosarcoma (HP:0002859)-Rhabdomyosarcoma (HP:0002859), Skeletal muscle atrophy (HP:0003202)-Muscular dystrophy (HP:0003560), Short stature (HP:0004322)-Short stature (HP:0004322), 	Proximity to CEP57 Skeletal muscle atrophy (HP:0003202)-short tail (MP:0000592), Short stature (HP:0004322)-short tail (MP:0000592), 	
372	ZNF717_AR	ZNF717	100131827	AR	0.7209	0.0013	0.0000	0.7251	0.0000	0.0000	0.0000	0.0000	0.0000	1.0000	0						
372	USP42_AD	USP42	84132	AD	0.7213	0.0013	0.5047	0.1536	0.0000	0.4537	0.0000	0.5047	0.5047	1.0000	0		Failure to thrive (HP:0001508)-decreased body weight (MP:0001262), Small for gestational age (HP:0001518)-decreased body weight (MP:0001262), Premature birth (HP:0001622)-hyperactivity (MP:0001399), Skeletal muscle atrophy (HP:0003202)-decreased body length (MP:0001258), Short stature (HP:0004322)-decreased body length (MP:0001258), 		Proximity to CA2 associated with Osteopetrosis with renal tubular acidosis (ORPHA:2785): Nephrocalcinosis (HP:0000121)-Nephrolithiasis (HP:0000787), Failure to thrive (HP:0001508)-Failure to thrive (HP:0001508), Small for gestational age (HP:0001518)-Failure to thrive (HP:0001508), Premature birth (HP:0001622)-Oligohydramnios (HP:0001562), Skeletal muscle atrophy (HP:0003202)-Optic atrophy (HP:0000648), Short stature (HP:0004322)-Short stature (HP:0004322), 	Proximity to CA2 Nephrocalcinosis (HP:0000121)-renal tubular acidosis (MP:0000525), Failure to thrive (HP:0001508)-postnatal growth retardation (MP:0001732), Small for gestational age (HP:0001518)-postnatal growth retardation (MP:0001732), Premature birth (HP:0001622)-postnatal growth retardation (MP:0001732), Short stature (HP:0004322)-postnatal growth retardation (MP:0001732), 	
372	NPEPL1_AD	NPEPL1	79716	AD	0.7216	0.0013	0.0000	0.7245	0.0000	0.0000	0.0000	0.0000	0.0000	1.0000	0						
372	ZSCAN18_AD	ZSCAN18	65982	AD	0.7221	0.0013	0.5017	0.1562	0.0000	0.0000	0.0000	0.5017	0.5017	1.0000	0				Proximity to ZNF335 associated with Microcephaly 10, primary, autosomal recessive (OMIM:615095): Failure to thrive (HP:0001508)-Small for gestational age (HP:0001518), Small for gestational age (HP:0001518)-Small for gestational age (HP:0001518), Skeletal muscle atrophy (HP:0003202)-Cerebellar atrophy (HP:0001272), Short stature (HP:0004322)-Intrauterine growth retardation (HP:0001511), 		
378	ARHGEF5_AR	ARHGEF5	7984	AR	0.7299	0.0012	0.5000	0.1499	0.0000	0.0000	0.0000	0.5000	0.5000	1.0000	0				Proximity to FZD4 associated with Retinopathy of prematurity (ORPHA:90050): Failure to thrive (HP:0001508)-Small for gestational age (HP:0001518), Small for gestational age (HP:0001518)-Small for gestational age (HP:0001518), Premature birth (HP:0001622)-Premature birth (HP:0001622), 	Proximity to FZD4 Failure to thrive (HP:0001508)-weight loss (MP:0001263), Small for gestational age (HP:0001518)-weight loss (MP:0001263), Premature birth (HP:0001622)-impaired luteinization (MP:0003356), Rhabdomyosarcoma (HP:0002859)-decreased skeletal muscle fiber diameter (MP:0009402), Skeletal muscle atrophy (HP:0003202)-decreased skeletal muscle fiber diameter (MP:0009402), Short stature (HP:0004322)-weight loss (MP:0001263), 	
378	IGFN1_AR	IGFN1	91156	AR	0.7307	0.0012	0.5000	0.1490	0.0000	0.0000	0.0000	0.5000	0.5000	1.0000	0				Proximity to LARS2 associated with Hydrops, lactic acidosis, and sideroblastic anemia (OMIM:617021): Nephrocalcinosis (HP:0000121)-Hematuria (HP:0000790), Failure to thrive (HP:0001508)-Small for gestational age (HP:0001518), Small for gestational age (HP:0001518)-Small for gestational age (HP:0001518), Premature birth (HP:0001622)-Oligohydramnios (HP:0001562), Short stature (HP:0004322)-Intrauterine growth retardation (HP:0001511), 		
380	POTEH_AD	POTEH	23784	AD	0.7357	0.0011	0.5000	0.1440	0.0000	0.0000	0.0000	0.5000	0.5000	1.0000	0				Proximity to MC1R associated with Large congenital melanocytic nevus (ORPHA:626): Rhabdomyosarcoma (HP:0002859)-Rhabdomyosarcoma (HP:0002859), 	Proximity to MC1R Failure to thrive (HP:0001508)-hyperpigmentation (MP:0001188), Small for gestational age (HP:0001518)-hyperpigmentation (MP:0001188), Premature birth (HP:0001622)-hyperpigmentation (MP:0001188), Short stature (HP:0004322)-hyperpigmentation (MP:0001188), 	
380	GOLGA6L6_AD	GOLGA6L6	727832	AD	0.7374	0.0011	0.5000	0.1422	0.0000	0.0000	0.0000	0.5000	0.5000	1.0000	0				Proximity to MEFV associated with Familial Mediterranean fever (ORPHA:342): Nephrocalcinosis (HP:0000121)-Nephrocalcinosis (HP:0000121), Premature birth (HP:0001622)-Orchitis (HP:0100796), 	Proximity to MEFV Failure to thrive (HP:0001508)-postnatal growth retardation (MP:0001732), Small for gestational age (HP:0001518)-decreased body weight (MP:0001262), Premature birth (HP:0001622)-postnatal growth retardation (MP:0001732), Skeletal muscle atrophy (HP:0003202)-decreased body size (MP:0001265), Short stature (HP:0004322)-decreased body size (MP:0001265), 	
380	CCN6_AD	CCN6	8838	AD	0.7429	0.0011	0.0000	0.7026	0.4137	0.0000	0.0000	0.0000	0.4137	0.5000	0	Progressive pseudorheumatoid arthropathy of childhood (ORPHA:1159): Skeletal muscle atrophy (HP:0003202)-Camptodactyly (HP:0012385), Short stature (HP:0004322)-Short stature (HP:0004322), 					
383	HERC2_AR	HERC2	8924	AR	0.7466	0.0010	0.2911	0.3695	0.0000	0.2911	0.0000	0.0000	0.2911	1.0000	0		Skeletal muscle atrophy (HP:0003202)-decreased body size (MP:0001265), Short stature (HP:0004322)-decreased body size (MP:0001265), 				
383	PFAS_AD	PFAS	5198	AD	0.7496	0.0010	0.5272	0.0992	0.0000	0.4751	0.0000	0.5272	0.5272	1.0000	0		Failure to thrive (HP:0001508)-decreased body weight (MP:0001262), Small for gestational age (HP:0001518)-decreased body weight (MP:0001262), Premature birth (HP:0001622)-premature cranial synchondrosis closure (MP:0030444), Skeletal muscle atrophy (HP:0003202)-alveolar process atrophy (MP:0030466), Short stature (HP:0004322)-decreased body weight (MP:0001262), 		Proximity to DALRD3 associated with ?Developmental and epileptic encephalopathy 86 (OMIM:618910): Failure to thrive (HP:0001508)-Small for gestational age (HP:0001518), Small for gestational age (HP:0001518)-Small for gestational age (HP:0001518), Premature birth (HP:0001622)-Oligohydramnios (HP:0001562), Skeletal muscle atrophy (HP:0003202)-Generalized amyotrophy (HP:0003700), 	Proximity to DALRD3 Failure to thrive (HP:0001508)-decreased thigmotaxis (MP:0020870), Small for gestational age (HP:0001518)-decreased thigmotaxis (MP:0020870), Premature birth (HP:0001622)-decreased thigmotaxis (MP:0020870), Short stature (HP:0004322)-decreased thigmotaxis (MP:0020870), 	
383	PLIN4_AD	PLIN4	729359	AD	0.7514	0.0010	0.5000	0.1280	0.3163	0.3218	0.0000	0.5000	0.5000	1.0000	0	Myopathy with rimmed ubiquitin-positive autophagic vacuolation, autosomal dominant (OMIM:601846): Skeletal muscle atrophy (HP:0003202)-Muscular dystrophy (HP:0003560), 	Failure to thrive (HP:0001508)-decreased thigmotaxis (MP:0020870), Small for gestational age (HP:0001518)-decreased thigmotaxis (MP:0020870), Premature birth (HP:0001622)-decreased thigmotaxis (MP:0020870), Skeletal muscle atrophy (HP:0003202)-decreased body length (MP:0001258), Short stature (HP:0004322)-decreased body length (MP:0001258), 		Proximity to YRDC associated with Galloway-Mowat syndrome (ORPHA:2065): Nephrocalcinosis (HP:0000121)-Nephrotic syndrome (HP:0000100), Premature birth (HP:0001622)-Premature birth (HP:0001622), Skeletal muscle atrophy (HP:0003202)-Camptodactyly of finger (HP:0100490), Short stature (HP:0004322)-Short stature (HP:0004322), 		
383	REXO1_AD	REXO1	57455	AD	0.7520	0.0010	0.5002	0.1272	0.0000	0.2391	0.0000	0.5002	0.5002	1.0000	0		Skeletal muscle atrophy (HP:0003202)-microphthalmia (MP:0001297), Short stature (HP:0004322)-abnormal embryo size (MP:0001697), 		Proximity to RAI1 associated with Smith-Magenis syndrome (ORPHA:819): Nephrocalcinosis (HP:0000121)-Renal hypoplasia/aplasia (HP:0008678), Failure to thrive (HP:0001508)-Failure to thrive in infancy (HP:0001531), Small for gestational age (HP:0001518)-Failure to thrive in infancy (HP:0001531), Premature birth (HP:0001622)-Precocious puberty (HP:0000826), Short stature (HP:0004322)-Short stature (HP:0004322), 	Proximity to RAI1 Failure to thrive (HP:0001508)-postnatal growth retardation (MP:0001732), Small for gestational age (HP:0001518)-decreased body weight (MP:0001262), Premature birth (HP:0001622)-postnatal growth retardation (MP:0001732), Skeletal muscle atrophy (HP:0003202)-decreased body weight (MP:0001262), Short stature (HP:0004322)-postnatal growth retardation (MP:0001732), 	
383	POTEH_AR	POTEH	23784	AR	0.7525	0.0010	0.5000	0.1270	0.0000	0.0000	0.0000	0.5000	0.5000	1.0000	0				Proximity to MC1R associated with Large congenital melanocytic nevus (ORPHA:626): Rhabdomyosarcoma (HP:0002859)-Rhabdomyosarcoma (HP:0002859), 	Proximity to MC1R Failure to thrive (HP:0001508)-hyperpigmentation (MP:0001188), Small for gestational age (HP:0001518)-hyperpigmentation (MP:0001188), Premature birth (HP:0001622)-hyperpigmentation (MP:0001188), Short stature (HP:0004322)-hyperpigmentation (MP:0001188), 	
383	SLC38A10_AD	SLC38A10	124565	AD	0.7526	0.0010	0.4406	0.1942	0.0000	0.4406	0.0000	0.0000	0.4406	1.0000	0		Failure to thrive (HP:0001508)-decreased body weight (MP:0001262), Small for gestational age (HP:0001518)-decreased body weight (MP:0001262), Skeletal muscle atrophy (HP:0003202)-decreased body length (MP:0001258), Short stature (HP:0004322)-decreased body length (MP:0001258), 				
383	PRPSAP1_AD	PRPSAP1	5635	AD	0.7546	0.0010	0.5219	0.0999	0.0000	0.0000	0.0000	0.5219	0.5219	1.0000	0				Proximity to PRPS1 associated with Phosphoribosylpyrophosphate synthetase superactivity (OMIM:300661): Nephrocalcinosis (HP:0000121)-Uric acid nephrolithiasis (HP:0000791), Failure to thrive (HP:0001508)-Small for gestational age (HP:0001518), Small for gestational age (HP:0001518)-Small for gestational age (HP:0001518), Premature birth (HP:0001622)-Cryptorchidism (HP:0000028), Short stature (HP:0004322)-Short stature (HP:0004322), 		Proximity to PRPS1 Short stature (HP:0004322)-retina layer formation delayed, abnormal (ZP:0001397), 
390	OR2T8_AR	OR2T8	343172	AR	0.7583	0.0009	0.5000	0.1208	0.0000	0.0000	0.0000	0.5000	0.5000	1.0000	0				Proximity to MEFV associated with Familial Mediterranean fever (ORPHA:342): Nephrocalcinosis (HP:0000121)-Nephrocalcinosis (HP:0000121), Premature birth (HP:0001622)-Orchitis (HP:0100796), 	Proximity to MEFV Failure to thrive (HP:0001508)-postnatal growth retardation (MP:0001732), Small for gestational age (HP:0001518)-decreased body weight (MP:0001262), Premature birth (HP:0001622)-postnatal growth retardation (MP:0001732), Skeletal muscle atrophy (HP:0003202)-decreased body size (MP:0001265), Short stature (HP:0004322)-decreased body size (MP:0001265), 	
390	ARHGEF5_AD	ARHGEF5	7984	AD	0.7592	0.0009	0.5000	0.1198	0.0000	0.0000	0.0000	0.5000	0.5000	1.0000	0				Proximity to FZD4 associated with Retinopathy of prematurity (ORPHA:90050): Failure to thrive (HP:0001508)-Small for gestational age (HP:0001518), Small for gestational age (HP:0001518)-Small for gestational age (HP:0001518), Premature birth (HP:0001622)-Premature birth (HP:0001622), 	Proximity to FZD4 Failure to thrive (HP:0001508)-weight loss (MP:0001263), Small for gestational age (HP:0001518)-weight loss (MP:0001263), Premature birth (HP:0001622)-impaired luteinization (MP:0003356), Rhabdomyosarcoma (HP:0002859)-decreased skeletal muscle fiber diameter (MP:0009402), Skeletal muscle atrophy (HP:0003202)-decreased skeletal muscle fiber diameter (MP:0009402), Short stature (HP:0004322)-weight loss (MP:0001263), 	
390	RPN1_AD	RPN1	6184	AD	0.7603	0.0009	0.5167	0.0998	0.0000	0.0000	0.0000	0.5167	0.5167	1.0000	0				Proximity to ALG8 associated with ALG8-CDG (ORPHA:79325): Failure to thrive (HP:0001508)-Failure to thrive (HP:0001508), Small for gestational age (HP:0001518)-Small for gestational age (HP:0001518), Premature birth (HP:0001622)-Premature birth (HP:0001622), Skeletal muscle atrophy (HP:0003202)-Macroglossia (HP:0000158), Short stature (HP:0004322)-Intrauterine growth retardation (HP:0001511), 	Proximity to ALG8 Failure to thrive (HP:0001508)-hyperactivity (MP:0001399), Small for gestational age (HP:0001518)-hyperactivity (MP:0001399), Premature birth (HP:0001622)-hyperactivity (MP:0001399), Short stature (HP:0004322)-hyperactivity (MP:0001399), 	
390	ICOSLG_AD	ICOSLG	23308	AD	0.7628	0.0009	0.5000	0.1162	0.0000	0.1946	0.0000	0.5000	0.5000	1.0000	0		Skeletal muscle atrophy (HP:0003202)-small spleen (MP:0000692), Short stature (HP:0004322)-small spleen (MP:0000692), 		Proximity to HLA-DRB1 associated with Sarcoidosis (ORPHA:797): Nephrocalcinosis (HP:0000121)-Nephrocalcinosis (HP:0000121), Failure to thrive (HP:0001508)-Weight loss (HP:0001824), Small for gestational age (HP:0001518)-Weight loss (HP:0001824), Skeletal muscle atrophy (HP:0003202)-Facial palsy (HP:0010628), 		
390	NBPF20_AR	NBPF20	100288142	AR	0.7629	0.0009	0.0000	0.6820	0.0000	0.0000	0.0000	0.0000	0.0000	1.0000	0						
395	THOC3_AD	THOC3	84321	AD	0.7681	0.0008	0.5096	0.1000	0.0000	0.0000	0.0000	0.5096	0.5096	1.0000	0				Proximity to THOC2 associated with Intellectual developmental disorder, X-linked 12 (OMIM:300957): Nephrocalcinosis (HP:0000121)-Microphallus (HP:0030260), Failure to thrive (HP:0001508)-Small for gestational age (HP:0001518), Small for gestational age (HP:0001518)-Small for gestational age (HP:0001518), Premature birth (HP:0001622)-Premature birth (HP:0001622), Short stature (HP:0004322)-Short stature (HP:0004322), 		
395	KCNMB2_AD	KCNMB2	10242	AD	0.7685	0.0008	0.5001	0.1104	0.0000	0.0000	0.0000	0.5001	0.5001	1.0000	0				Proximity to CREB3L1 associated with Osteogenesis imperfecta, type XVI (OMIM:616229): Failure to thrive (HP:0001508)-Small for gestational age (HP:0001518), Small for gestational age (HP:0001518)-Small for gestational age (HP:0001518), Short stature (HP:0004322)-Short stature (HP:0004322), 	Proximity to CREB3L1 Failure to thrive (HP:0001508)-postnatal growth retardation (MP:0001732), Small for gestational age (HP:0001518)-postnatal growth retardation (MP:0001732), Premature birth (HP:0001622)-postnatal growth retardation (MP:0001732), Skeletal muscle atrophy (HP:0003202)-decreased trabecular bone thickness (MP:0009346), Short stature (HP:0004322)-postnatal growth retardation (MP:0001732), 	
395	HDAC2_AD	HDAC2	3066	AD	0.7696	0.0008	0.5084	0.1000	0.0000	0.4392	0.0000	0.5084	0.5084	1.0000	0		Failure to thrive (HP:0001508)-decreased body weight (MP:0001262), Small for gestational age (HP:0001518)-decreased body weight (MP:0001262), Skeletal muscle atrophy (HP:0003202)-small vertebrae (MP:0004610), Short stature (HP:0004322)-decreased body weight (MP:0001262), 		Proximity to WDR73 associated with Galloway-Mowat syndrome 1 (OMIM:251300): Nephrocalcinosis (HP:0000121)-Focal segmental glomerulosclerosis (HP:0000097), Failure to thrive (HP:0001508)-Small for gestational age (HP:0001518), Small for gestational age (HP:0001518)-Small for gestational age (HP:0001518), Premature birth (HP:0001622)-Oligohydramnios (HP:0001562), Skeletal muscle atrophy (HP:0003202)-Cerebellar atrophy (HP:0001272), Short stature (HP:0004322)-Short stature (HP:0004322), 		
395	IGFN1_AD	IGFN1	91156	AD	0.7700	0.0008	0.5000	0.1090	0.0000	0.0000	0.0000	0.5000	0.5000	1.0000	0				Proximity to LARS2 associated with Hydrops, lactic acidosis, and sideroblastic anemia (OMIM:617021): Nephrocalcinosis (HP:0000121)-Hematuria (HP:0000790), Failure to thrive (HP:0001508)-Small for gestational age (HP:0001518), Small for gestational age (HP:0001518)-Small for gestational age (HP:0001518), Premature birth (HP:0001622)-Oligohydramnios (HP:0001562), Short stature (HP:0004322)-Intrauterine growth retardation (HP:0001511), 		
395	TNXB_AR	TNXB	7148	AR	0.7702	0.0008	0.5141	0.0929	0.5141	0.0000	0.0000	0.0000	0.5141	1.0000	0	Ehlers-Danlos syndrome, classic-like, 1 (OMIM:606408): Nephrocalcinosis (HP:0000121)-Unilateral renal agenesis (HP:0000122), Skeletal muscle atrophy (HP:0003202)-Proximal amyotrophy (HP:0007126), 					
395	DPY19L2_AR	DPY19L2	283417	AR	0.7702	0.0008	0.5001	0.1088	0.1795	0.2563	0.0000	0.5001	0.5001	1.0000	0	Spermatogenic failure 9 (OMIM:613958): Nephrocalcinosis (HP:0000121)-Globozoospermia (HP:0012205), 	Failure to thrive (HP:0001508)-decreased testis weight (MP:0004852), Small for gestational age (HP:0001518)-decreased testis weight (MP:0004852), Skeletal muscle atrophy (HP:0003202)-small testis (MP:0001147), Short stature (HP:0004322)-small testis (MP:0001147), 		Proximity to SMPD4 associated with Neurodevelopmental disorder with microcephaly, arthrogryposis, and structural brain anomalies (OMIM:618622): Failure to thrive (HP:0001508)-Progressive microcephaly (HP:0000253), Premature birth (HP:0001622)-Premature birth (HP:0001622), Skeletal muscle atrophy (HP:0003202)-Arthrogryposis multiplex congenita (HP:0002804), Short stature (HP:0004322)-Birth length less than 3rd percentile (HP:0003561), 	Proximity to SMPD4 Nephrocalcinosis (HP:0000121)-dilated ureter (MP:0003586), 	
395	VPS72_AD	VPS72	6944	AD	0.7709	0.0008	0.5072	0.0999	0.0000	0.0000	0.0000	0.5072	0.5072	1.0000	0				Proximity to SRCAP associated with Floating-Harbor syndrome (ORPHA:2044): Nephrocalcinosis (HP:0000121)-Nephrocalcinosis (HP:0000121), Failure to thrive (HP:0001508)-Small for gestational age (HP:0001518), Small for gestational age (HP:0001518)-Small for gestational age (HP:0001518), Premature birth (HP:0001622)-Precocious puberty (HP:0000826), Skeletal muscle atrophy (HP:0003202)-Short clavicles (HP:0000894), Short stature (HP:0004322)-Short stature (HP:0004322), 		
395	GRWD1_AD	GRWD1	83743	AD	0.7713	0.0008	0.5069	0.1000	0.0000	0.0000	0.0000	0.5069	0.5069	1.0000	0				Proximity to WDR4 associated with Microcephaly, growth deficiency, seizures, and brain malformations (OMIM:618346): Failure to thrive (HP:0001508)-Failure to thrive (HP:0001508), Small for gestational age (HP:0001518)-Small for gestational age (HP:0001518), Skeletal muscle atrophy (HP:0003202)-Flexion contracture (HP:0001371), Short stature (HP:0004322)-Short stature (HP:0004322), 		
395	EEF1A1_AD	EEF1A1	1915	AD	0.7725	0.0008	0.5058	0.1000	0.0000	0.0000	0.0000	0.5058	0.5058	1.0000	0				Proximity to FARSB associated with Rajab interstitial lung disease with brain calcifications 1 (OMIM:613658): Nephrocalcinosis (HP:0000121)-Cerebral calcification (HP:0002514), Failure to thrive (HP:0001508)-Failure to thrive (HP:0001508), Small for gestational age (HP:0001518)-Small for gestational age (HP:0001518), Premature birth (HP:0001622)-Oligohydramnios (HP:0001562), Skeletal muscle atrophy (HP:0003202)-Cerebral atrophy (HP:0002059), Short stature (HP:0004322)-Short stature (HP:0004322), 		
395	PAK2_AD	PAK2	5062	AD	0.7727	0.0008	0.5057	0.1000	0.2990	0.2580	0.0000	0.5057	0.5057	1.0000	0	Knobloch syndrome (ORPHA:1571): Nephrocalcinosis (HP:0000121)-Bifid ureter (HP:0030037), 	Skeletal muscle atrophy (HP:0003202)-decreased embryo size (MP:0001698), Short stature (HP:0004322)-decreased embryo size (MP:0001698), 		Proximity to MUSK associated with Fetal akinesia deformation sequence 1 (OMIM:208150): Nephrocalcinosis (HP:0000121)-Small placenta (HP:0006266), Failure to thrive (HP:0001508)-Small for gestational age (HP:0001518), Small for gestational age (HP:0001518)-Small for gestational age (HP:0001518), Premature birth (HP:0001622)-Premature birth (HP:0001622), Skeletal muscle atrophy (HP:0003202)-Generalized amyotrophy (HP:0003700), Short stature (HP:0004322)-Intrauterine growth retardation (HP:0001511), 	Proximity to MUSK Failure to thrive (HP:0001508)-decreased body weight (MP:0001262), Small for gestational age (HP:0001518)-decreased body weight (MP:0001262), Premature birth (HP:0001622)-impaired coordination (MP:0001405), Rhabdomyosarcoma (HP:0002859)-abnormal muscle electrophysiology (MP:0004145), Skeletal muscle atrophy (HP:0003202)-thin diaphragm muscle (MP:0000761), Short stature (HP:0004322)-decreased body weight (MP:0001262), 	Proximity to MUSK Failure to thrive (HP:0001508)-axon extension process quality, abnormal (ZP:0001660), Small for gestational age (HP:0001518)-axon extension process quality, abnormal (ZP:0001660), Rhabdomyosarcoma (HP:0002859)-extracellular matrix myotome absent, abnormal (ZP:0018899), Skeletal muscle atrophy (HP:0003202)-extracellular matrix myotome absent, abnormal (ZP:0018899), Short stature (HP:0004322)-axon extension process quality, abnormal (ZP:0001660), 
395	TCF20_AD	TCF20	6942	AD	0.7730	0.0008	0.5062	0.0991	0.3725	0.5062	0.0000	0.5001	0.5062	1.0000	0	Developmental delay with variable intellectual impairment and behavioral abnormalities (OMIM:618430): Failure to thrive (HP:0001508)-Obesity (HP:0001513), Small for gestational age (HP:0001518)-Obesity (HP:0001513), Short stature (HP:0004322)-Tall stature (HP:0000098), 	Failure to thrive (HP:0001508)-postnatal growth retardation (MP:0001732), Small for gestational age (HP:0001518)-decreased body weight (MP:0001262), Premature birth (HP:0001622)-postnatal growth retardation (MP:0001732), Skeletal muscle atrophy (HP:0003202)-decreased brain size (MP:0000774), Short stature (HP:0004322)-postnatal growth retardation (MP:0001732), 		Proximity to TBC1D23 associated with Pontocerebellar hypoplasia, type 11 (OMIM:617695): Failure to thrive (HP:0001508)-Decreased body weight (HP:0004325), Small for gestational age (HP:0001518)-Decreased body weight (HP:0004325), Skeletal muscle atrophy (HP:0003202)-Skeletal muscle atrophy (HP:0003202), Short stature (HP:0004322)-Short stature (HP:0004322), 		
395	FRMPD2_AD	FRMPD2	143162	AD	0.7735	0.0008	0.5049	0.1000	0.0000	0.0000	0.0000	0.5049	0.5049	1.0000	0				Proximity to ARVCF associated with 22q11.2 deletion syndrome (ORPHA:567): Nephrocalcinosis (HP:0000121)-Multiple renal cysts (HP:0005562), Failure to thrive (HP:0001508)-Failure to thrive (HP:0001508), Small for gestational age (HP:0001518)-Failure to thrive (HP:0001508), Premature birth (HP:0001622)-Polyhydramnios (HP:0001561), Skeletal muscle atrophy (HP:0003202)-Optic atrophy (HP:0000648), Short stature (HP:0004322)-Short stature (HP:0004322), 	Proximity to ARVCF Nephrocalcinosis (HP:0000121)-abnormal urination (MP:0001756), Failure to thrive (HP:0001508)-hyperactivity (MP:0001399), Small for gestational age (HP:0001518)-hyperactivity (MP:0001399), Premature birth (HP:0001622)-hyperactivity (MP:0001399), Short stature (HP:0004322)-hyperactivity (MP:0001399), 	
395	GALNT11_AD	GALNT11	63917	AD	0.7736	0.0008	0.5048	0.1000	0.0000	0.3510	0.0000	0.5048	0.5048	1.0000	0		Nephrocalcinosis (HP:0000121)-abnormal proximal convoluted tubule morphology (MP:0004756), Skeletal muscle atrophy (HP:0003202)-decreased body size (MP:0001265), Short stature (HP:0004322)-decreased body size (MP:0001265), 		Proximity to GALNT3 associated with Tumoral calcinosis, hyperphosphatemic, familial, 1 (OMIM:211900): Nephrocalcinosis (HP:0000121)-Nephrocalcinosis (HP:0000121), Skeletal muscle atrophy (HP:0003202)-Calcinosis (HP:0003761), 	Proximity to GALNT3 Nephrocalcinosis (HP:0000121)-nephrocalcinosis (MP:0003197), Rhabdomyosarcoma (HP:0002859)-calcified muscle (MP:0003199), Skeletal muscle atrophy (HP:0003202)-calcified muscle (MP:0003199), 	
395	ITGB3_AD	ITGB3	3690	AD	0.7738	0.0008	0.5046	0.1000	0.2583	0.3921	0.0000	0.5046	0.5046	1.0000	0	Glanzmann thrombasthenia (ORPHA:849): Nephrocalcinosis (HP:0000121)-Macroscopic hematuria (HP:0012587), 	Nephrocalcinosis (HP:0000121)-renal necrosis (MP:0003946), Failure to thrive (HP:0001508)-increased heart weight (MP:0002833), Small for gestational age (HP:0001518)-increased heart weight (MP:0002833), Rhabdomyosarcoma (HP:0002859)-abnormal cardiac muscle relaxation (MP:0004084), Skeletal muscle atrophy (HP:0003202)-abnormal cardiac muscle relaxation (MP:0004084), 		Proximity to FBN1 associated with Marfan lipodystrophy syndrome (OMIM:616914): Premature birth (HP:0001622)-Premature birth (HP:0001622), Skeletal muscle atrophy (HP:0003202)-Scapular winging (HP:0003691), Short stature (HP:0004322)-Tall stature (HP:0000098), 	Proximity to FBN1 Nephrocalcinosis (HP:0000121)-calcified aorta (MP:0010522), Failure to thrive (HP:0001508)-hemothorax (MP:0005243), Small for gestational age (HP:0001518)-hemothorax (MP:0005243), Premature birth (HP:0001622)-hemothorax (MP:0005243), Rhabdomyosarcoma (HP:0002859)-diaphragmatic hernia (MP:0003924), Skeletal muscle atrophy (HP:0003202)-diaphragmatic hernia (MP:0003924), Short stature (HP:0004322)-decreased bone volume (MP:0010876), 	
395	ADARB1_AD	ADARB1	104	AD	0.7740	0.0008	0.2513	0.3865	0.5579	0.0000	0.0000	0.5026	0.5579	0.5000	0	Neurodevelopmental disorder with hypotonia, microcephaly, and seizures (OMIM:618862): Nephrocalcinosis (HP:0000121)-Unilateral cryptorchidism (HP:0012741), Premature birth (HP:0001622)-Polyhydramnios (HP:0001561), Skeletal muscle atrophy (HP:0003202)-Skeletal muscle atrophy (HP:0003202), Short stature (HP:0004322)-Short stature (HP:0004322), 			Proximity to DICER1 associated with Familial multinodular goiter (ORPHA:276399): Nephrocalcinosis (HP:0000121)-Renal cell carcinoma (HP:0005584), Premature birth (HP:0001622)-Sertoli cell neoplasm (HP:0100619), Rhabdomyosarcoma (HP:0002859)-Alveolar rhabdomyosarcoma (HP:0006779), 	Proximity to DICER1 Skeletal muscle atrophy (HP:0003202)-decreased embryo size (MP:0001698), Short stature (HP:0004322)-decreased embryo size (MP:0001698), 	Proximity to DICER1 Short stature (HP:0004322)-eye development delayed, abnormal (ZP:0006694), 
395	SETD1A_AD	SETD1A	9739	AD	0.7749	0.0008	0.5037	0.1000	0.4853	0.0000	0.0000	0.5037	0.5037	1.0000	0	Neurodevelopmental disorder with speech impairment and dysmorphic facies (OMIM:619056): Failure to thrive (HP:0001508)-Obesity (HP:0001513), Small for gestational age (HP:0001518)-Obesity (HP:0001513), Premature birth (HP:0001622)-Oligohydramnios (HP:0001562), Short stature (HP:0004322)-Short stature (HP:0004322), 			Proximity to KDM6A associated with Kabuki syndrome (ORPHA:2322): Nephrocalcinosis (HP:0000121)-Renal hypoplasia/aplasia (HP:0008678), Failure to thrive (HP:0001508)-Failure to thrive (HP:0001508), Small for gestational age (HP:0001518)-Failure to thrive (HP:0001508), Premature birth (HP:0001622)-Precocious puberty (HP:0000826), Skeletal muscle atrophy (HP:0003202)-Congenital diaphragmatic hernia (HP:0000776), Short stature (HP:0004322)-Short stature (HP:0004322), 	Proximity to KDM6A Failure to thrive (HP:0001508)-postnatal growth retardation (MP:0001732), Small for gestational age (HP:0001518)-postnatal growth retardation (MP:0001732), Premature birth (HP:0001622)-postnatal growth retardation (MP:0001732), Short stature (HP:0004322)-postnatal growth retardation (MP:0001732), 	Proximity to KDM6A Premature birth (HP:0001622)-germ cell migration disrupted, abnormal (ZP:0002495), 
395	YIPF2_AD	YIPF2	78992	AD	0.7753	0.0008	0.5034	0.0998	0.0000	0.0000	0.0000	0.5034	0.5034	1.0000	0				Proximity to ROR2 associated with Robinow syndrome, autosomal recessive (OMIM:268310): Nephrocalcinosis (HP:0000121)-Nephrocalcinosis (HP:0000121), Premature birth (HP:0001622)-Hydronephrosis (HP:0000126), Skeletal muscle atrophy (HP:0003202)-Macroglossia (HP:0000158), Short stature (HP:0004322)-Short stature (HP:0004322), 	Proximity to ROR2 Failure to thrive (HP:0001508)-delayed bone ossification (MP:0000060), Small for gestational age (HP:0001518)-delayed bone ossification (MP:0000060), Premature birth (HP:0001622)-delayed bone ossification (MP:0000060), Skeletal muscle atrophy (HP:0003202)-short tail (MP:0000592), Short stature (HP:0004322)-delayed bone ossification (MP:0000060), 	
395	HSPA12B_AD	HSPA12B	116835	AD	0.7755	0.0008	0.5033	0.0999	0.0000	0.0000	0.2974	0.5033	0.5033	1.0000	0			Failure to thrive (HP:0001508)-blood circulation decreased rate, abnormal (ZP:0001531), Short stature (HP:0004322)-whole organism decreased length, abnormal (ZP:0000473), 	Proximity to CLPB associated with 3-methylglutaconic aciduria type 7 (ORPHA:445038): Nephrocalcinosis (HP:0000121)-Nephrocalcinosis (HP:0000121), Skeletal muscle atrophy (HP:0003202)-Cerebellar atrophy (HP:0001272), Short stature (HP:0004322)-Growth delay (HP:0001510), 		Proximity to CLPB Short stature (HP:0004322)-whole organism decreased length, abnormal (ZP:0000473), 
395	RFX1_AD	RFX1	5989	AD	0.7756	0.0008	0.5030	0.1000	0.0000	0.0000	0.0000	0.5030	0.5030	1.0000	0				Proximity to KDM6A associated with Kabuki syndrome (ORPHA:2322): Nephrocalcinosis (HP:0000121)-Renal hypoplasia/aplasia (HP:0008678), Failure to thrive (HP:0001508)-Failure to thrive (HP:0001508), Small for gestational age (HP:0001518)-Failure to thrive (HP:0001508), Premature birth (HP:0001622)-Precocious puberty (HP:0000826), Skeletal muscle atrophy (HP:0003202)-Congenital diaphragmatic hernia (HP:0000776), Short stature (HP:0004322)-Short stature (HP:0004322), 	Proximity to KDM6A Failure to thrive (HP:0001508)-postnatal growth retardation (MP:0001732), Small for gestational age (HP:0001518)-postnatal growth retardation (MP:0001732), Premature birth (HP:0001622)-postnatal growth retardation (MP:0001732), Short stature (HP:0004322)-postnatal growth retardation (MP:0001732), 	Proximity to KDM6A Premature birth (HP:0001622)-germ cell migration disrupted, abnormal (ZP:0002495), 
395	OR2T8_AD	OR2T8	343172	AD	0.7757	0.0008	0.5000	0.1033	0.0000	0.0000	0.0000	0.5000	0.5000	1.0000	0				Proximity to MEFV associated with Familial Mediterranean fever (ORPHA:342): Nephrocalcinosis (HP:0000121)-Nephrocalcinosis (HP:0000121), Premature birth (HP:0001622)-Orchitis (HP:0100796), 	Proximity to MEFV Failure to thrive (HP:0001508)-postnatal growth retardation (MP:0001732), Small for gestational age (HP:0001518)-decreased body weight (MP:0001262), Premature birth (HP:0001622)-postnatal growth retardation (MP:0001732), Skeletal muscle atrophy (HP:0003202)-decreased body size (MP:0001265), Short stature (HP:0004322)-decreased body size (MP:0001265), 	
395	RANBP2_AD	RANBP2	5903	AD	0.7757	0.0008	0.5029	0.1000	0.0000	0.3146	0.0000	0.5029	0.5029	1.0000	0		Failure to thrive (HP:0001508)-decreased susceptibility to diet-induced obesity (MP:0005659), Small for gestational age (HP:0001518)-decreased susceptibility to diet-induced obesity (MP:0005659), Short stature (HP:0004322)-decreased susceptibility to diet-induced obesity (MP:0005659), 		Proximity to GEMIN4 associated with Neurodevelopmental disorder with microcephaly, cataracts, and renal abnormalities (OMIM:617913): Nephrocalcinosis (HP:0000121)-Nephrocalcinosis (HP:0000121), Premature birth (HP:0001622)-Hydronephrosis (HP:0000126), Skeletal muscle atrophy (HP:0003202)-Calcinosis (HP:0003761), Short stature (HP:0004322)-Growth delay (HP:0001510), 		
395	TUBGCP5_AD	TUBGCP5	114791	AD	0.7758	0.0008	0.5034	0.0994	0.0000	0.0000	0.0000	0.5034	0.5034	1.0000	0				Proximity to CEP57 associated with Mosaic variegated aneuploidy syndrome (ORPHA:1052): Nephrocalcinosis (HP:0000121)-Multicystic kidney dysplasia (HP:0000003), Premature birth (HP:0001622)-Polyhydramnios (HP:0001561), Rhabdomyosarcoma (HP:0002859)-Rhabdomyosarcoma (HP:0002859), Skeletal muscle atrophy (HP:0003202)-Muscular dystrophy (HP:0003560), Short stature (HP:0004322)-Short stature (HP:0004322), 	Proximity to CEP57 Skeletal muscle atrophy (HP:0003202)-short tail (MP:0000592), Short stature (HP:0004322)-short tail (MP:0000592), 	
395	TRAP1_AD	TRAP1	10131	AD	0.7758	0.0008	0.5036	0.0991	0.0000	0.4261	0.0000	0.5036	0.5036	1.0000	0		Failure to thrive (HP:0001508)-decreased body weight (MP:0001262), Small for gestational age (HP:0001518)-decreased body weight (MP:0001262), Skeletal muscle atrophy (HP:0003202)-decreased body weight (MP:0001262), Short stature (HP:0004322)-decreased body weight (MP:0001262), 		Proximity to CLPB associated with 3-methylglutaconic aciduria type 7 (ORPHA:445038): Nephrocalcinosis (HP:0000121)-Nephrocalcinosis (HP:0000121), Skeletal muscle atrophy (HP:0003202)-Cerebellar atrophy (HP:0001272), Short stature (HP:0004322)-Growth delay (HP:0001510), 		Proximity to CLPB Short stature (HP:0004322)-whole organism decreased length, abnormal (ZP:0000473), 
395	CRYAA_AR	CRYAA	1409	AR	0.7758	0.0008	0.5028	0.1000	0.0000	0.2117	0.0000	0.5028	0.5028	1.0000	0		Skeletal muscle atrophy (HP:0003202)-microphthalmia (MP:0001297), Short stature (HP:0004322)-microphthalmia (MP:0001297), 		Proximity to TRNT1 associated with Sideroblastic anemia with B-cell immunodeficiency, periodic fevers, and developmental delay (OMIM:616084): Nephrocalcinosis (HP:0000121)-Nephrocalcinosis (HP:0000121), Skeletal muscle atrophy (HP:0003202)-Cerebral atrophy (HP:0002059), Short stature (HP:0004322)-Growth delay (HP:0001510), 	Proximity to TRNT1 Failure to thrive (HP:0001508)-increased body weight (MP:0001260), Small for gestational age (HP:0001518)-increased body weight (MP:0001260), Skeletal muscle atrophy (HP:0003202)-decreased mean corpuscular volume (MP:0002591), Short stature (HP:0004322)-increased body weight (MP:0001260), 	
395	WWP2_AD	WWP2	11060	AD	0.7760	0.0008	0.5027	0.0999	0.0000	0.3072	0.0000	0.5027	0.5027	1.0000	0		Skeletal muscle atrophy (HP:0003202)-decreased body size (MP:0001265), Short stature (HP:0004322)-decreased body size (MP:0001265), 		Proximity to DLL1 associated with Microform holoprosencephaly (ORPHA:280200): Nephrocalcinosis (HP:0000121)-Renal agenesis (HP:0000104), Premature birth (HP:0001622)-Premature birth (HP:0001622), Skeletal muscle atrophy (HP:0003202)-EMG: myopathic abnormalities (HP:0003458), Short stature (HP:0004322)-Short stature (HP:0004322), 	Proximity to DLL1 Failure to thrive (HP:0001508)-decreased body weight (MP:0001262), Small for gestational age (HP:0001518)-decreased body weight (MP:0001262), Premature birth (HP:0001622)-decreased locomotor activity (MP:0001402), Skeletal muscle atrophy (HP:0003202)-decreased body height (MP:0001255), Short stature (HP:0004322)-decreased body height (MP:0001255), 	Proximity to DLL1 Rhabdomyosarcoma (HP:0002859)-actin filament myotome increased length, abnormal (ZP:0000433), Skeletal muscle atrophy (HP:0003202)-actin filament myotome increased length, abnormal (ZP:0000433), Short stature (HP:0004322)-somitogenesis delayed, abnormal (ZP:0000565), 
395	RPN2_AD	RPN2	6185	AD	0.7773	0.0008	0.5020	0.0994	0.0000	0.0000	0.0000	0.5020	0.5020	1.0000	0				Proximity to ALG8 associated with ALG8-CDG (ORPHA:79325): Failure to thrive (HP:0001508)-Failure to thrive (HP:0001508), Small for gestational age (HP:0001518)-Small for gestational age (HP:0001518), Premature birth (HP:0001622)-Premature birth (HP:0001622), Skeletal muscle atrophy (HP:0003202)-Macroglossia (HP:0000158), Short stature (HP:0004322)-Intrauterine growth retardation (HP:0001511), 	Proximity to ALG8 Failure to thrive (HP:0001508)-hyperactivity (MP:0001399), Small for gestational age (HP:0001518)-hyperactivity (MP:0001399), Premature birth (HP:0001622)-hyperactivity (MP:0001399), Short stature (HP:0004322)-hyperactivity (MP:0001399), 	
395	GOLGA1_AD	GOLGA1	2800	AD	0.7773	0.0008	0.5019	0.0994	0.0000	0.0000	0.0000	0.5019	0.5019	1.0000	0				Proximity to MAP2K2 associated with Cardiofaciocutaneous syndrome (ORPHA:1340): Nephrocalcinosis (HP:0000121)-Hydronephrosis (HP:0000126), Failure to thrive (HP:0001508)-Failure to thrive in infancy (HP:0001531), Small for gestational age (HP:0001518)-Failure to thrive in infancy (HP:0001531), Premature birth (HP:0001622)-Premature birth (HP:0001622), Skeletal muscle atrophy (HP:0003202)-Cerebral cortical atrophy (HP:0002120), Short stature (HP:0004322)-Short stature (HP:0004322), 	Proximity to MAP2K2 Failure to thrive (HP:0001508)-decreased body weight (MP:0001262), Small for gestational age (HP:0001518)-decreased body weight (MP:0001262), Skeletal muscle atrophy (HP:0003202)-decreased body length (MP:0001258), Short stature (HP:0004322)-decreased body length (MP:0001258), 	
395	SORD_AR	SORD	6652	AR	0.7774	0.0008	0.5172	0.0820	0.2127	0.0000	0.0000	0.5172	0.5172	1.0000	0	Neuronopathy, distal hereditary motor, autosomal recessive 8 (OMIM:618912): Skeletal muscle atrophy (HP:0003202)-Distal lower limb muscle weakness (HP:0009053), 			Proximity to FCSK associated with Congenital disorder of glycosylation with defective fucosylation 2 (OMIM:618324): Premature birth (HP:0001622)-Premature birth (HP:0001622), Skeletal muscle atrophy (HP:0003202)-Cerebellar atrophy (HP:0001272), Short stature (HP:0004322)-Delayed CNS myelination (HP:0002188), 		
395	POLR2J2_AR	POLR2J2	246721	AR	0.7778	0.0008	0.5009	0.1000	0.0000	0.0000	0.0000	0.5009	0.5009	1.0000	0				Proximity to POLR3A associated with Wiedemann-Rautenstrauch syndrome (OMIM:264090): Nephrocalcinosis (HP:0000121)-Hypospadias (HP:0000047), Failure to thrive (HP:0001508)-Failure to thrive (HP:0001508), Small for gestational age (HP:0001518)-Small for gestational age (HP:0001518), Premature birth (HP:0001622)-Cryptorchidism (HP:0000028), Skeletal muscle atrophy (HP:0003202)-Generalized amyotrophy (HP:0003700), Short stature (HP:0004322)-Short stature (HP:0004322), 	Proximity to POLR3A Nephrocalcinosis (HP:0000121)-enlarged urinary bladder (MP:0011874), 	
395	POLR2J3_AR	POLR2J3	548644	AR	0.7778	0.0008	0.5009	0.1000	0.0000	0.0000	0.0000	0.5009	0.5009	1.0000	0				Proximity to POLR3A associated with Wiedemann-Rautenstrauch syndrome (OMIM:264090): Nephrocalcinosis (HP:0000121)-Hypospadias (HP:0000047), Failure to thrive (HP:0001508)-Failure to thrive (HP:0001508), Small for gestational age (HP:0001518)-Small for gestational age (HP:0001518), Premature birth (HP:0001622)-Cryptorchidism (HP:0000028), Skeletal muscle atrophy (HP:0003202)-Generalized amyotrophy (HP:0003700), Short stature (HP:0004322)-Short stature (HP:0004322), 	Proximity to POLR3A Nephrocalcinosis (HP:0000121)-enlarged urinary bladder (MP:0011874), 	
395	SHC4_AD	SHC4	399694	AD	0.7779	0.0008	0.5012	0.0996	0.0000	0.0000	0.0000	0.5012	0.5012	1.0000	0				Proximity to FLT1 associated with Preeclampsia (ORPHA:275555): Nephrocalcinosis (HP:0000121)-Abnormality of the kidney (HP:0000077), Failure to thrive (HP:0001508)-Small for gestational age (HP:0001518), Small for gestational age (HP:0001518)-Small for gestational age (HP:0001518), Premature birth (HP:0001622)-Abnormal placenta morphology (HP:0100767), Short stature (HP:0004322)-Intrauterine growth retardation (HP:0001511), 		
395	ERVV-2_AR	ERVV-2	100271846	AR	0.7779	0.0008	0.5008	0.1000	0.0000	0.0000	0.0000	0.5008	0.5008	1.0000	0				Proximity to YY1 associated with Gabriele-de Vries syndrome (ORPHA:506358): Nephrocalcinosis (HP:0000121)-Hydronephrosis (HP:0000126), Failure to thrive (HP:0001508)-Small for gestational age (HP:0001518), Small for gestational age (HP:0001518)-Small for gestational age (HP:0001518), Premature birth (HP:0001622)-Hydronephrosis (HP:0000126), Rhabdomyosarcoma (HP:0002859)-Neuroblastoma (HP:0003006), Skeletal muscle atrophy (HP:0003202)-Distal lower limb amyotrophy (HP:0008944), Short stature (HP:0004322)-Intrauterine growth retardation (HP:0001511), 	Proximity to YY1 Skeletal muscle atrophy (HP:0003202)-decreased embryo size (MP:0001698), Short stature (HP:0004322)-decreased embryo size (MP:0001698), 	Proximity to YY1 Short stature (HP:0004322)-epiboly involved in gastrulation with mouth forming second delayed, abnormal (ZP:0000567), 
395	RASA4B_AR	RASA4B	100271927	AR	0.7779	0.0008	0.5008	0.1000	0.0000	0.0000	0.0000	0.5008	0.5008	1.0000	0				Proximity to NRAS associated with Large congenital melanocytic nevus (ORPHA:626): Rhabdomyosarcoma (HP:0002859)-Rhabdomyosarcoma (HP:0002859), 	Proximity to NRAS Failure to thrive (HP:0001508)-postnatal growth retardation (MP:0001732), Small for gestational age (HP:0001518)-weight loss (MP:0001263), Premature birth (HP:0001622)-postnatal growth retardation (MP:0001732), Skeletal muscle atrophy (HP:0003202)-weight loss (MP:0001263), Short stature (HP:0004322)-postnatal growth retardation (MP:0001732), 	
395	RGPD4_AR	RGPD4	285190	AR	0.7780	0.0008	0.5008	0.1000	0.0000	0.3146	0.0000	0.5008	0.5008	1.0000	0		Failure to thrive (HP:0001508)-decreased susceptibility to diet-induced obesity (MP:0005659), Small for gestational age (HP:0001518)-decreased susceptibility to diet-induced obesity (MP:0005659), Short stature (HP:0004322)-decreased susceptibility to diet-induced obesity (MP:0005659), 		Proximity to NUP107 associated with Galloway-Mowat syndrome (ORPHA:2065): Nephrocalcinosis (HP:0000121)-Nephrotic syndrome (HP:0000100), Premature birth (HP:0001622)-Premature birth (HP:0001622), Skeletal muscle atrophy (HP:0003202)-Camptodactyly of finger (HP:0100490), Short stature (HP:0004322)-Short stature (HP:0004322), 		Proximity to NUP107 Nephrocalcinosis (HP:0000121)-renal glomerulus morphology, abnormal (ZP:0013651), Short stature (HP:0004322)-whole organism decreased length, abnormal (ZP:0000473), 
395	CSH1_AR	CSH1	1442	AR	0.7780	0.0008	0.5008	0.1000	0.0000	0.4538	0.0000	0.5008	0.5008	1.0000	0		Nephrocalcinosis (HP:0000121)-abnormal kidney morphology (MP:0002135), Failure to thrive (HP:0001508)-decreased heart weight (MP:0002834), Small for gestational age (HP:0001518)-decreased heart weight (MP:0002834), Premature birth (HP:0001622)-decreased locomotor activity (MP:0001402), Skeletal muscle atrophy (HP:0003202)-small heart (MP:0002188), Short stature (HP:0004322)-decreased body length (MP:0001258), 		Proximity to SLC25A24 associated with Fontaine progeroid syndrome (OMIM:612289): Nephrocalcinosis (HP:0000121)-Small scrotum (HP:0000046), Failure to thrive (HP:0001508)-Failure to thrive (HP:0001508), Small for gestational age (HP:0001518)-Small for gestational age (HP:0001518), Premature birth (HP:0001622)-Oligohydramnios (HP:0001562), Skeletal muscle atrophy (HP:0003202)-Hypoplasia of the abdominal wall musculature (HP:0005247), Short stature (HP:0004322)-Short stature (HP:0004322), 	Proximity to SLC25A24 Failure to thrive (HP:0001508)-decreased susceptibility to diet-induced obesity (MP:0005659), Small for gestational age (HP:0001518)-decreased susceptibility to diet-induced obesity (MP:0005659), Skeletal muscle atrophy (HP:0003202)-decreased liver weight (MP:0003402), Short stature (HP:0004322)-decreased susceptibility to diet-induced obesity (MP:0005659), 	
395	LRIT2_AD	LRIT2	340745	AD	0.7781	0.0008	0.5007	0.1000	0.0000	0.0000	0.0000	0.5007	0.5007	1.0000	0				Proximity to PRKAR1A associated with Acrodysostosis 1, with or without hormone resistance (OMIM:101800): Nephrocalcinosis (HP:0000121)-Unilateral renal agenesis (HP:0000122), Failure to thrive (HP:0001508)-Small for gestational age (HP:0001518), Small for gestational age (HP:0001518)-Small for gestational age (HP:0001518), Premature birth (HP:0001622)-Cryptorchidism (HP:0000028), Skeletal muscle atrophy (HP:0003202)-Optic atrophy (HP:0000648), Short stature (HP:0004322)-Short stature (HP:0004322), 	Proximity to PRKAR1A Nephrocalcinosis (HP:0000121)-abnormal urine homeostasis (MP:0009643), Failure to thrive (HP:0001508)-postnatal growth retardation (MP:0001732), Small for gestational age (HP:0001518)-postnatal growth retardation (MP:0001732), Premature birth (HP:0001622)-postnatal growth retardation (MP:0001732), Skeletal muscle atrophy (HP:0003202)-decreased bone volume (MP:0010876), Short stature (HP:0004322)-delayed endochondral bone ossification (MP:0003419), 	
395	RBM39_AD	RBM39	9584	AD	0.7782	0.0008	0.5006	0.1000	0.0000	0.0000	0.0000	0.5006	0.5006	1.0000	0				Proximity to SNIP1 associated with Neurodevelopmental disorder with hypotonia, craniofacial abnormalities, and seizures (OMIM:614501): Failure to thrive (HP:0001508)-Small for gestational age (HP:0001518), Small for gestational age (HP:0001518)-Small for gestational age (HP:0001518), Skeletal muscle atrophy (HP:0003202)-Macroglossia (HP:0000158), Short stature (HP:0004322)-High palate (HP:0000218), 		
395	KIR2DL3_AD	KIR2DL3	3804	AD	0.7782	0.0008	0.5005	0.1000	0.0000	0.0000	0.0000	0.5005	0.5005	1.0000	0				Proximity to PTPN11 associated with Noonan syndrome 1 (OMIM:163950): Nephrocalcinosis (HP:0000121)-Hypospadias (HP:0000047), Failure to thrive (HP:0001508)-Failure to thrive in infancy (HP:0001531), Small for gestational age (HP:0001518)-Failure to thrive in infancy (HP:0001531), Premature birth (HP:0001622)-Cryptorchidism (HP:0000028), Rhabdomyosarcoma (HP:0002859)-Neurofibrosarcoma (HP:0100697), Short stature (HP:0004322)-Short stature (HP:0004322), 	Proximity to PTPN11 Failure to thrive (HP:0001508)-slow postnatal weight gain (MP:0008489), Small for gestational age (HP:0001518)-slow postnatal weight gain (MP:0008489), Premature birth (HP:0001622)-postnatal growth retardation (MP:0001732), Rhabdomyosarcoma (HP:0002859)-decreased cardiac muscle contractility (MP:0005140), Skeletal muscle atrophy (HP:0003202)-decreased skeletal muscle triglyceride level (MP:0031414), Short stature (HP:0004322)-slow postnatal weight gain (MP:0008489), 	Proximity to PTPN11 Short stature (HP:0004322)-whole organism decreased length, abnormal (ZP:0000473), 
395	ADGRA3_AD	ADGRA3	166647	AD	0.7782	0.0008	0.5007	0.0999	0.0000	0.0000	0.0000	0.5007	0.5007	1.0000	0				Proximity to PRKAR1A associated with Acrodysostosis 1, with or without hormone resistance (OMIM:101800): Nephrocalcinosis (HP:0000121)-Unilateral renal agenesis (HP:0000122), Failure to thrive (HP:0001508)-Small for gestational age (HP:0001518), Small for gestational age (HP:0001518)-Small for gestational age (HP:0001518), Premature birth (HP:0001622)-Cryptorchidism (HP:0000028), Skeletal muscle atrophy (HP:0003202)-Optic atrophy (HP:0000648), Short stature (HP:0004322)-Short stature (HP:0004322), 	Proximity to PRKAR1A Nephrocalcinosis (HP:0000121)-abnormal urine homeostasis (MP:0009643), Failure to thrive (HP:0001508)-postnatal growth retardation (MP:0001732), Small for gestational age (HP:0001518)-postnatal growth retardation (MP:0001732), Premature birth (HP:0001622)-postnatal growth retardation (MP:0001732), Skeletal muscle atrophy (HP:0003202)-decreased bone volume (MP:0010876), Short stature (HP:0004322)-delayed endochondral bone ossification (MP:0003419), 	
395	USP17L2_AD	USP17L2	377630	AD	0.7783	0.0008	0.5005	0.1000	0.0000	0.3630	0.0000	0.5005	0.5005	1.0000	0		Failure to thrive (HP:0001508)-increased body weight (MP:0001260), Small for gestational age (HP:0001518)-increased body weight (MP:0001260), Premature birth (HP:0001622)-asthenozoospermia (MP:0002675), Skeletal muscle atrophy (HP:0003202)-decreased testis weight (MP:0004852), Short stature (HP:0004322)-increased body weight (MP:0001260), 		Proximity to ZMPSTE24 associated with Restrictive dermopathy (ORPHA:1662): Nephrocalcinosis (HP:0000121)-Ureteral duplication (HP:0000073), Premature birth (HP:0001622)-Premature birth (HP:0001622), Skeletal muscle atrophy (HP:0003202)-Dermal atrophy (HP:0004334), Short stature (HP:0004322)-Intrauterine growth retardation (HP:0001511), 	Proximity to ZMPSTE24 Nephrocalcinosis (HP:0000121)-increased kidney weight (MP:0003917), Failure to thrive (HP:0001508)-postnatal growth retardation (MP:0001732), Small for gestational age (HP:0001518)-weight loss (MP:0001263), Premature birth (HP:0001622)-postnatal growth retardation (MP:0001732), Rhabdomyosarcoma (HP:0002859)-dystrophic muscle (MP:0000752), Skeletal muscle atrophy (HP:0003202)-epidermal atrophy (MP:0001221), Short stature (HP:0004322)-decreased body size (MP:0001265), 	
395	CR1_AD	CR1	1378	AD	0.7783	0.0008	0.5005	0.1000	0.0000	0.2836	0.0000	0.5005	0.5005	1.0000	0		Nephrocalcinosis (HP:0000121)-abnormal proximal convoluted tubule morphology (MP:0004756), 		Proximity to ABCA12 associated with Ichthyosis, congenital, autosomal recessive 4B (harlequin) (OMIM:242500): Failure to thrive (HP:0001508)-Failure to thrive (HP:0001508), Small for gestational age (HP:0001518)-Failure to thrive (HP:0001508), Premature birth (HP:0001622)-Premature birth (HP:0001622), 	Proximity to ABCA12 Failure to thrive (HP:0001508)-decreased fetal weight (MP:0009431), Small for gestational age (HP:0001518)-decreased fetal weight (MP:0009431), Premature birth (HP:0001622)-decreased fetal weight (MP:0009431), Skeletal muscle atrophy (HP:0003202)-decreased fetal weight (MP:0009431), Short stature (HP:0004322)-decreased fetal weight (MP:0009431), 	
395	MAST4_AD	MAST4	375449	AD	0.7783	0.0008	0.5005	0.1000	0.0000	0.0000	0.0000	0.5005	0.5005	1.0000	0				Proximity to PTEN associated with Cowden syndrome (ORPHA:201): Nephrocalcinosis (HP:0000121)-Abnormality of the kidney (HP:0000077), Failure to thrive (HP:0001508)-Failure to thrive (HP:0001508), Small for gestational age (HP:0001518)-Failure to thrive (HP:0001508), Rhabdomyosarcoma (HP:0002859)-Fibroma (HP:0010614), Skeletal muscle atrophy (HP:0003202)-Macroglossia (HP:0000158), Short stature (HP:0004322)-Short stature (HP:0004322), 	Proximity to PTEN Failure to thrive (HP:0001508)-impaired balance (MP:0001525), Small for gestational age (HP:0001518)-impaired balance (MP:0001525), Premature birth (HP:0001622)-impaired balance (MP:0001525), Skeletal muscle atrophy (HP:0003202)-decreased body size (MP:0001265), Short stature (HP:0004322)-decreased body size (MP:0001265), 	Proximity to PTEN Short stature (HP:0004322)-whole organism decreased length, abnormal (ZP:0000473), 
395	MAP7D1_AD	MAP7D1	55700	AD	0.7783	0.0008	0.5005	0.0999	0.0000	0.2147	0.0000	0.5005	0.5005	1.0000	0		Failure to thrive (HP:0001508)-hyperactivity (MP:0001399), Small for gestational age (HP:0001518)-hyperactivity (MP:0001399), Premature birth (HP:0001622)-hyperactivity (MP:0001399), Short stature (HP:0004322)-hyperactivity (MP:0001399), 		Proximity to POLRMT associated with Combined oxidative phosphorylation deficiency 55 (OMIM:619743): Nephrocalcinosis (HP:0000121)-Medullary nephrocalcinosis (HP:0012408), Skeletal muscle atrophy (HP:0003202)-Skeletal muscle atrophy (HP:0003202), Short stature (HP:0004322)-Short stature (HP:0004322), 		
395	SRGAP3_AD	SRGAP3	9901	AD	0.7783	0.0008	0.5005	0.1000	0.0000	0.2416	0.2353	0.5005	0.5005	1.0000	0		Failure to thrive (HP:0001508)-decreased locomotor activity (MP:0001402), Small for gestational age (HP:0001518)-induced hyperactivity (MP:0008911), Premature birth (HP:0001622)-induced hyperactivity (MP:0008911), Short stature (HP:0004322)-induced hyperactivity (MP:0008911), 	Nephrocalcinosis (HP:0000121)-pronephric duct increased area, abnormal (ZP:0107188), 	Proximity to ARHGAP31 associated with Adams-Oliver syndrome (ORPHA:974): Failure to thrive (HP:0001508)-Failure to thrive (HP:0001508), Small for gestational age (HP:0001518)-Failure to thrive (HP:0001508), Premature birth (HP:0001622)-Premature birth (HP:0001622), 	Proximity to ARHGAP31 Short stature (HP:0004322)-abnormal embryo size (MP:0001697), 	
395	HIVEP1_AR	HIVEP1	3096	AR	0.7785	0.0008	0.5018	0.0983	0.0000	0.1990	0.0000	0.5018	0.5018	1.0000	0		Failure to thrive (HP:0001508)-increased heart weight (MP:0002833), Small for gestational age (HP:0001518)-increased heart weight (MP:0002833), 		Proximity to RBPJ associated with Adams-Oliver syndrome (ORPHA:974): Failure to thrive (HP:0001508)-Failure to thrive (HP:0001508), Small for gestational age (HP:0001518)-Failure to thrive (HP:0001508), Premature birth (HP:0001622)-Premature birth (HP:0001622), 	Proximity to RBPJ Rhabdomyosarcoma (HP:0002859)-abnormal myocardium layer morphology (MP:0005329), Skeletal muscle atrophy (HP:0003202)-disorganized myocardium (MP:0002190), Short stature (HP:0004322)-trabecula carnea hypoplasia (MP:0000295), 	
395	GIT1_AD	GIT1	28964	AD	0.7786	0.0008	0.5002	0.1000	0.0000	0.4457	0.0000	0.5002	0.5002	1.0000	0		Failure to thrive (HP:0001508)-decreased body weight (MP:0001262), Small for gestational age (HP:0001518)-decreased body weight (MP:0001262), Premature birth (HP:0001622)-decreased fear-related response (MP:0003460), Skeletal muscle atrophy (HP:0003202)-decreased body weight (MP:0001262), Short stature (HP:0004322)-decreased body weight (MP:0001262), 		Proximity to PPFIBP1 associated with Neurodevelopmental disorder with seizures, microcephaly, and brain abnormalities (OMIM:620024): Nephrocalcinosis (HP:0000121)-Unilateral renal agenesis (HP:0000122), Failure to thrive (HP:0001508)-Failure to thrive (HP:0001508), Small for gestational age (HP:0001518)-Small for gestational age (HP:0001518), Premature birth (HP:0001622)-Cryptorchidism (HP:0000028), Skeletal muscle atrophy (HP:0003202)-Cerebral cortical atrophy (HP:0002120), Short stature (HP:0004322)-Short stature (HP:0004322), 		
395	ULK2_AD	ULK2	9706	AD	0.7786	0.0008	0.5003	0.0999	0.0000	0.2017	0.0000	0.5003	0.5003	1.0000	0		Failure to thrive (HP:0001508)-increased anxiety-related response (MP:0001363), Small for gestational age (HP:0001518)-increased anxiety-related response (MP:0001363), Premature birth (HP:0001622)-increased anxiety-related response (MP:0001363), Short stature (HP:0004322)-increased anxiety-related response (MP:0001363), 		Proximity to SLC22A18 associated with Rhabdomyosarcoma, somatic (OMIM:268210): Rhabdomyosarcoma (HP:0002859)-Embryonal rhabdomyosarcoma (HP:0006743), 		
395	LGALS7B_AD	LGALS7B	3963	AD	0.7786	0.0008	0.5002	0.1000	0.0000	0.3184	0.0000	0.5002	0.5002	1.0000	0		Failure to thrive (HP:0001508)-delayed wound healing (MP:0002908), Small for gestational age (HP:0001518)-delayed wound healing (MP:0002908), Premature birth (HP:0001622)-delayed wound healing (MP:0002908), Short stature (HP:0004322)-delayed wound healing (MP:0002908), 		Proximity to GALNT3 associated with Tumoral calcinosis, hyperphosphatemic, familial, 1 (OMIM:211900): Nephrocalcinosis (HP:0000121)-Nephrocalcinosis (HP:0000121), Skeletal muscle atrophy (HP:0003202)-Calcinosis (HP:0003761), 	Proximity to GALNT3 Nephrocalcinosis (HP:0000121)-nephrocalcinosis (MP:0003197), Rhabdomyosarcoma (HP:0002859)-calcified muscle (MP:0003199), Skeletal muscle atrophy (HP:0003202)-calcified muscle (MP:0003199), 	
395	ZKSCAN5_AD	ZKSCAN5	23660	AD	0.7786	0.0008	0.5004	0.0998	0.0000	0.0000	0.0000	0.5004	0.5004	1.0000	0				Proximity to THOC2 associated with Intellectual developmental disorder, X-linked 12 (OMIM:300957): Nephrocalcinosis (HP:0000121)-Microphallus (HP:0030260), Failure to thrive (HP:0001508)-Small for gestational age (HP:0001518), Small for gestational age (HP:0001518)-Small for gestational age (HP:0001518), Premature birth (HP:0001622)-Premature birth (HP:0001622), Short stature (HP:0004322)-Short stature (HP:0004322), 		
395	INF2_AD	INF2	64423	AD	0.7787	0.0008	0.5001	0.1000	0.4406	0.3886	0.3676	0.5001	0.5001	1.0000	0	Charcot-Marie-Tooth disease, dominant intermediate E (OMIM:614455): Nephrocalcinosis (HP:0000121)-Focal segmental glomerulosclerosis (HP:0000097), Skeletal muscle atrophy (HP:0003202)-Distal lower limb amyotrophy (HP:0008944), 	Failure to thrive (HP:0001508)-decreased fetal weight (MP:0009431), Small for gestational age (HP:0001518)-decreased fetal weight (MP:0009431), Premature birth (HP:0001622)-decreased fetal weight (MP:0009431), Skeletal muscle atrophy (HP:0003202)-decreased placental labyrinth size (MP:0011521), Short stature (HP:0004322)-decreased fetal weight (MP:0009431), 	Nephrocalcinosis (HP:0000121)-pronephros morphology, abnormal (ZP:0008685), 	Proximity to NPHS1 associated with Nephrotic syndrome, type 1 (OMIM:256300): Nephrocalcinosis (HP:0000121)-Glomerular sclerosis (HP:0000096), Failure to thrive (HP:0001508)-Small for gestational age (HP:0001518), Small for gestational age (HP:0001518)-Small for gestational age (HP:0001518), Skeletal muscle atrophy (HP:0003202)-Renal tubular atrophy (HP:0000092), Short stature (HP:0004322)-Growth delay (HP:0001510), 	Proximity to NPHS1 Nephrocalcinosis (HP:0000121)-enlarged kidney (MP:0003068), Failure to thrive (HP:0001508)-increased kidney weight (MP:0003917), Small for gestational age (HP:0001518)-increased kidney weight (MP:0003917), 	Proximity to NPHS1 Nephrocalcinosis (HP:0000121)-pronephric glomerulus morphology, abnormal (ZP:0001478), Rhabdomyosarcoma (HP:0002859)-nucleus skeletal muscle cell mislocalised, abnormal (ZP:0001522), Skeletal muscle atrophy (HP:0003202)-myotome decreased width, abnormal (ZP:0007556), Short stature (HP:0004322)-whole organism decreased length, abnormal (ZP:0000473), 
395	GNA12_AD	GNA12	2768	AD	0.7787	0.0008	0.5001	0.1000	0.0000	0.0000	0.0000	0.5001	0.5001	1.0000	0				Proximity to PNPLA6 associated with Oliver-McFarlane syndrome (OMIM:275400): Nephrocalcinosis (HP:0000121)-Hypogonadotropic hypogonadism (HP:0000044), Failure to thrive (HP:0001508)-Small for gestational age (HP:0001518), Small for gestational age (HP:0001518)-Small for gestational age (HP:0001518), Premature birth (HP:0001622)-Delayed puberty (HP:0000823), Skeletal muscle atrophy (HP:0003202)-Distal amyotrophy (HP:0003693), Short stature (HP:0004322)-Severe short stature (HP:0003510), 	Proximity to PNPLA6 Failure to thrive (HP:0001508)-delayed chorioallantoic fusion (MP:0009656), Small for gestational age (HP:0001518)-delayed chorioallantoic fusion (MP:0009656), Premature birth (HP:0001622)-delayed chorioallantoic fusion (MP:0009656), Skeletal muscle atrophy (HP:0003202)-decreased embryo size (MP:0001698), Short stature (HP:0004322)-delayed chorioallantoic fusion (MP:0009656), 	
395	RAB22A_AD	RAB22A	57403	AD	0.7787	0.0008	0.5002	0.0999	0.0000	0.0000	0.0000	0.5002	0.5002	1.0000	0				Proximity to VPS33B associated with Arthrogryposis, renal dysfunction, and cholestasis 1 (OMIM:208085): Nephrocalcinosis (HP:0000121)-Nephrocalcinosis (HP:0000121), Failure to thrive (HP:0001508)-Failure to thrive (HP:0001508), Small for gestational age (HP:0001518)-Small for gestational age (HP:0001518), Premature birth (HP:0001622)-Oligohydramnios (HP:0001562), Skeletal muscle atrophy (HP:0003202)-Arthrogryposis multiplex congenita (HP:0002804), 		
395	CEP170_AD	CEP170	9859	AD	0.7787	0.0008	0.5001	0.1000	0.0000	0.0000	0.0000	0.5001	0.5001	1.0000	0				Proximity to RYR1 associated with King-Denborough syndrome (OMIM:619542): Nephrocalcinosis (HP:0000121)-Cryptorchidism (HP:0000028), Failure to thrive (HP:0001508)-Failure to thrive (HP:0001508), Small for gestational age (HP:0001518)-Failure to thrive (HP:0001508), Premature birth (HP:0001622)-Breech presentation (HP:0001623), Skeletal muscle atrophy (HP:0003202)-Minicore myopathy (HP:0003789), Short stature (HP:0004322)-Short stature (HP:0004322), 	Proximity to RYR1 Failure to thrive (HP:0001508)-slow postnatal weight gain (MP:0008489), Small for gestational age (HP:0001518)-slow postnatal weight gain (MP:0008489), Premature birth (HP:0001622)-decreased locomotor activity (MP:0001402), Rhabdomyosarcoma (HP:0002859)-abnormal muscle fiber morphology (MP:0004087), Skeletal muscle atrophy (HP:0003202)-abnormal muscle fiber morphology (MP:0004087), Short stature (HP:0004322)-slow postnatal weight gain (MP:0008489), 	Proximity to RYR1 Rhabdomyosarcoma (HP:0002859)-longitudinal sarcoplasmic reticulum skeletal muscle swollen, abnormal (ZP:0008857), Skeletal muscle atrophy (HP:0003202)-slow muscle cell somite increased length, abnormal (ZP:0138655), 
395	TCAF1_AD	TCAF1	9747	AD	0.7787	0.0008	0.5000	0.1000	0.0000	0.0000	0.0000	0.5000	0.5000	1.0000	0				Proximity to UFD1 associated with 22q11.2 deletion syndrome (ORPHA:567): Nephrocalcinosis (HP:0000121)-Multiple renal cysts (HP:0005562), Failure to thrive (HP:0001508)-Failure to thrive (HP:0001508), Small for gestational age (HP:0001518)-Failure to thrive (HP:0001508), Premature birth (HP:0001622)-Polyhydramnios (HP:0001561), Skeletal muscle atrophy (HP:0003202)-Optic atrophy (HP:0000648), Short stature (HP:0004322)-Short stature (HP:0004322), 		
395	RASSF9_AD	RASSF9	9182	AD	0.7787	0.0008	0.5001	0.1000	0.0000	0.4598	0.0000	0.5001	0.5001	1.0000	0		Failure to thrive (HP:0001508)-postnatal growth retardation (MP:0001732), Small for gestational age (HP:0001518)-postnatal growth retardation (MP:0001732), Premature birth (HP:0001622)-postnatal growth retardation (MP:0001732), Short stature (HP:0004322)-postnatal growth retardation (MP:0001732), 		Proximity to KRAS associated with Cardiofaciocutaneous syndrome (ORPHA:1340): Nephrocalcinosis (HP:0000121)-Hydronephrosis (HP:0000126), Failure to thrive (HP:0001508)-Failure to thrive in infancy (HP:0001531), Small for gestational age (HP:0001518)-Failure to thrive in infancy (HP:0001531), Premature birth (HP:0001622)-Premature birth (HP:0001622), Skeletal muscle atrophy (HP:0003202)-Cerebral cortical atrophy (HP:0002120), Short stature (HP:0004322)-Short stature (HP:0004322), 	Proximity to KRAS Nephrocalcinosis (HP:0000121)-abnormal kidney morphology (MP:0002135), Failure to thrive (HP:0001508)-slow postnatal weight gain (MP:0008489), Small for gestational age (HP:0001518)-slow postnatal weight gain (MP:0008489), Premature birth (HP:0001622)-slow postnatal weight gain (MP:0008489), Rhabdomyosarcoma (HP:0002859)-increased cardiac muscle contractility (MP:0005599), Skeletal muscle atrophy (HP:0003202)-increased myocardial fiber number (MP:0006321), Short stature (HP:0004322)-slow postnatal weight gain (MP:0008489), 	
395	ZNF503_AD	ZNF503	84858	AD	0.7787	0.0008	0.5000	0.1000	0.0000	0.3895	0.0000	0.5000	0.5000	1.0000	0		Nephrocalcinosis (HP:0000121)-abnormal kidney morphology (MP:0002135), Failure to thrive (HP:0001508)-increased exploration in new environment (MP:0001415), Small for gestational age (HP:0001518)-increased exploration in new environment (MP:0001415), Premature birth (HP:0001622)-increased exploration in new environment (MP:0001415), Short stature (HP:0004322)-increased exploration in new environment (MP:0001415), 		Proximity to SIX3 associated with Microform holoprosencephaly (ORPHA:280200): Nephrocalcinosis (HP:0000121)-Renal agenesis (HP:0000104), Premature birth (HP:0001622)-Premature birth (HP:0001622), Skeletal muscle atrophy (HP:0003202)-EMG: myopathic abnormalities (HP:0003458), Short stature (HP:0004322)-Short stature (HP:0004322), 	Proximity to SIX3 Skeletal muscle atrophy (HP:0003202)-decreased forebrain size (MP:0012138), Short stature (HP:0004322)-decreased forebrain size (MP:0012138), 	
395	ZNF503_AR	ZNF503	84858	AR	0.7787	0.0008	0.5000	0.1000	0.0000	0.3895	0.0000	0.5000	0.5000	1.0000	0		Nephrocalcinosis (HP:0000121)-abnormal kidney morphology (MP:0002135), Failure to thrive (HP:0001508)-increased exploration in new environment (MP:0001415), Small for gestational age (HP:0001518)-increased exploration in new environment (MP:0001415), Premature birth (HP:0001622)-increased exploration in new environment (MP:0001415), Short stature (HP:0004322)-increased exploration in new environment (MP:0001415), 		Proximity to SIX3 associated with Microform holoprosencephaly (ORPHA:280200): Nephrocalcinosis (HP:0000121)-Renal agenesis (HP:0000104), Premature birth (HP:0001622)-Premature birth (HP:0001622), Skeletal muscle atrophy (HP:0003202)-EMG: myopathic abnormalities (HP:0003458), Short stature (HP:0004322)-Short stature (HP:0004322), 	Proximity to SIX3 Skeletal muscle atrophy (HP:0003202)-decreased forebrain size (MP:0012138), Short stature (HP:0004322)-decreased forebrain size (MP:0012138), 	
395	BTN3A1_AD	BTN3A1	11119	AD	0.7787	0.0008	0.5000	0.1000	0.0000	0.0000	0.0000	0.5000	0.5000	1.0000	0				Proximity to KEAP1 associated with Familial multinodular goiter (ORPHA:276399): Nephrocalcinosis (HP:0000121)-Renal cell carcinoma (HP:0005584), Premature birth (HP:0001622)-Sertoli cell neoplasm (HP:0100619), Rhabdomyosarcoma (HP:0002859)-Alveolar rhabdomyosarcoma (HP:0006779), 	Proximity to KEAP1 Failure to thrive (HP:0001508)-postnatal growth retardation (MP:0001732), Small for gestational age (HP:0001518)-decreased body weight (MP:0001262), Premature birth (HP:0001622)-postnatal growth retardation (MP:0001732), Skeletal muscle atrophy (HP:0003202)-decreased body size (MP:0001265), Short stature (HP:0004322)-decreased body size (MP:0001265), 	
395	CABLES1_AD	CABLES1	91768	AD	0.7788	0.0008	0.5002	0.0998	0.0000	0.1981	0.0000	0.5002	0.5002	1.0000	0		Skeletal muscle atrophy (HP:0003202)-decreased hippocampal commissure size (MP:0008222), Short stature (HP:0004322)-decreased hippocampal commissure size (MP:0008222), 		Proximity to IQSEC2 associated with Smith-Magenis syndrome (ORPHA:819): Nephrocalcinosis (HP:0000121)-Renal hypoplasia/aplasia (HP:0008678), Failure to thrive (HP:0001508)-Failure to thrive in infancy (HP:0001531), Small for gestational age (HP:0001518)-Failure to thrive in infancy (HP:0001531), Premature birth (HP:0001622)-Precocious puberty (HP:0000826), Short stature (HP:0004322)-Short stature (HP:0004322), 	Proximity to IQSEC2 Failure to thrive (HP:0001508)-postnatal growth retardation (MP:0001732), Small for gestational age (HP:0001518)-postnatal growth retardation (MP:0001732), Premature birth (HP:0001622)-postnatal growth retardation (MP:0001732), Short stature (HP:0004322)-postnatal growth retardation (MP:0001732), 	
395	ABCC12_AD	ABCC12	94160	AD	0.7788	0.0008	0.5001	0.0999	0.0000	0.0000	0.0000	0.5001	0.5001	1.0000	0				Proximity to UFD1 associated with 22q11.2 deletion syndrome (ORPHA:567): Nephrocalcinosis (HP:0000121)-Multiple renal cysts (HP:0005562), Failure to thrive (HP:0001508)-Failure to thrive (HP:0001508), Small for gestational age (HP:0001518)-Failure to thrive (HP:0001508), Premature birth (HP:0001622)-Polyhydramnios (HP:0001561), Skeletal muscle atrophy (HP:0003202)-Optic atrophy (HP:0000648), Short stature (HP:0004322)-Short stature (HP:0004322), 		
395	USP17L22_AR	USP17L22	100287513	AR	0.7788	0.0008	0.5000	0.1000	0.0000	0.3630	0.0000	0.5000	0.5000	1.0000	0		Failure to thrive (HP:0001508)-increased body weight (MP:0001260), Small for gestational age (HP:0001518)-increased body weight (MP:0001260), Premature birth (HP:0001622)-asthenozoospermia (MP:0002675), Skeletal muscle atrophy (HP:0003202)-decreased testis weight (MP:0004852), Short stature (HP:0004322)-increased body weight (MP:0001260), 		Proximity to ZMPSTE24 associated with Restrictive dermopathy (ORPHA:1662): Nephrocalcinosis (HP:0000121)-Ureteral duplication (HP:0000073), Premature birth (HP:0001622)-Premature birth (HP:0001622), Skeletal muscle atrophy (HP:0003202)-Dermal atrophy (HP:0004334), Short stature (HP:0004322)-Intrauterine growth retardation (HP:0001511), 	Proximity to ZMPSTE24 Nephrocalcinosis (HP:0000121)-increased kidney weight (MP:0003917), Failure to thrive (HP:0001508)-postnatal growth retardation (MP:0001732), Small for gestational age (HP:0001518)-weight loss (MP:0001263), Premature birth (HP:0001622)-postnatal growth retardation (MP:0001732), Rhabdomyosarcoma (HP:0002859)-dystrophic muscle (MP:0000752), Skeletal muscle atrophy (HP:0003202)-epidermal atrophy (MP:0001221), Short stature (HP:0004322)-decreased body size (MP:0001265), 	
395	FAM131C_AD	FAM131C	348487	AD	0.7788	0.0008	0.5000	0.1000	0.0000	0.0000	0.0000	0.5000	0.5000	1.0000	0				Proximity to PPP1R15B associated with Microcephaly, short stature, and impaired glucose metabolism 2 (OMIM:616817): Nephrocalcinosis (HP:0000121)-Renal hypoplasia (HP:0000089), Failure to thrive (HP:0001508)-Small for gestational age (HP:0001518), Small for gestational age (HP:0001518)-Small for gestational age (HP:0001518), Premature birth (HP:0001622)-Delayed puberty (HP:0000823), Short stature (HP:0004322)-Short stature (HP:0004322), 	Proximity to PPP1R15B Skeletal muscle atrophy (HP:0003202)-decreased mean corpuscular volume (MP:0002591), Short stature (HP:0004322)-decreased mean corpuscular volume (MP:0002591), 	
395	OR2T27_AR	OR2T27	403239	AR	0.7788	0.0008	0.5000	0.1000	0.0000	0.0000	0.0000	0.5000	0.5000	1.0000	0				Proximity to MEFV associated with Familial Mediterranean fever (ORPHA:342): Nephrocalcinosis (HP:0000121)-Nephrocalcinosis (HP:0000121), Premature birth (HP:0001622)-Orchitis (HP:0100796), 	Proximity to MEFV Failure to thrive (HP:0001508)-postnatal growth retardation (MP:0001732), Small for gestational age (HP:0001518)-decreased body weight (MP:0001262), Premature birth (HP:0001622)-postnatal growth retardation (MP:0001732), Skeletal muscle atrophy (HP:0003202)-decreased body size (MP:0001265), Short stature (HP:0004322)-decreased body size (MP:0001265), 	
395	KLRC3_AR	KLRC3	3823	AR	0.7788	0.0008	0.5000	0.1000	0.0000	0.0000	0.0000	0.5000	0.5000	1.0000	0				Proximity to PTPN11 associated with Noonan syndrome 1 (OMIM:163950): Nephrocalcinosis (HP:0000121)-Hypospadias (HP:0000047), Failure to thrive (HP:0001508)-Failure to thrive in infancy (HP:0001531), Small for gestational age (HP:0001518)-Failure to thrive in infancy (HP:0001531), Premature birth (HP:0001622)-Cryptorchidism (HP:0000028), Rhabdomyosarcoma (HP:0002859)-Neurofibrosarcoma (HP:0100697), Short stature (HP:0004322)-Short stature (HP:0004322), 	Proximity to PTPN11 Failure to thrive (HP:0001508)-slow postnatal weight gain (MP:0008489), Small for gestational age (HP:0001518)-slow postnatal weight gain (MP:0008489), Premature birth (HP:0001622)-postnatal growth retardation (MP:0001732), Rhabdomyosarcoma (HP:0002859)-decreased cardiac muscle contractility (MP:0005140), Skeletal muscle atrophy (HP:0003202)-decreased skeletal muscle triglyceride level (MP:0031414), Short stature (HP:0004322)-slow postnatal weight gain (MP:0008489), 	Proximity to PTPN11 Short stature (HP:0004322)-whole organism decreased length, abnormal (ZP:0000473), 
395	NPY4R_AD	NPY4R	5540	AD	0.7788	0.0008	0.5000	0.1000	0.0000	0.4413	0.0000	0.5000	0.5000	1.0000	0		Failure to thrive (HP:0001508)-decreased body weight (MP:0001262), Small for gestational age (HP:0001518)-decreased body weight (MP:0001262), Premature birth (HP:0001622)-increased aggression towards mice (MP:0001353), Skeletal muscle atrophy (HP:0003202)-decreased body weight (MP:0001262), Short stature (HP:0004322)-decreased body weight (MP:0001262), 		Proximity to SLC26A3 associated with Diarrhea 1, secretory chloride, congenital (OMIM:214700): Failure to thrive (HP:0001508)-Failure to thrive (HP:0001508), Small for gestational age (HP:0001518)-Failure to thrive (HP:0001508), Premature birth (HP:0001622)-Premature birth (HP:0001622), Short stature (HP:0004322)-Growth delay (HP:0001510), 	Proximity to SLC26A3 Failure to thrive (HP:0001508)-decreased body weight (MP:0001262), Small for gestational age (HP:0001518)-decreased body weight (MP:0001262), Skeletal muscle atrophy (HP:0003202)-decreased body weight (MP:0001262), Short stature (HP:0004322)-decreased body weight (MP:0001262), 	
395	DEFB4B_AD	DEFB4B	1673	AD	0.7788	0.0008	0.5000	0.1000	0.0000	0.0000	0.0000	0.5000	0.5000	1.0000	0				Proximity to TOR1A associated with Arthrogryposis multiplex congenita 5 (OMIM:618947): Nephrocalcinosis (HP:0000121)-Medullary nephrocalcinosis (HP:0012408), Premature birth (HP:0001622)-Polyhydramnios (HP:0001561), Skeletal muscle atrophy (HP:0003202)-Flexion contracture (HP:0001371), Short stature (HP:0004322)-Growth delay (HP:0001510), 	Proximity to TOR1A Failure to thrive (HP:0001508)-weight loss (MP:0001263), Small for gestational age (HP:0001518)-weight loss (MP:0001263), Premature birth (HP:0001622)-impaired coordination (MP:0001405), Rhabdomyosarcoma (HP:0002859)-dystonia (MP:0005323), Skeletal muscle atrophy (HP:0003202)-dystonia (MP:0005323), Short stature (HP:0004322)-weight loss (MP:0001263), 	
395	DEFB4B_AR	DEFB4B	1673	AR	0.7788	0.0008	0.5000	0.1000	0.0000	0.0000	0.0000	0.5000	0.5000	1.0000	0				Proximity to TOR1A associated with Arthrogryposis multiplex congenita 5 (OMIM:618947): Nephrocalcinosis (HP:0000121)-Medullary nephrocalcinosis (HP:0012408), Premature birth (HP:0001622)-Polyhydramnios (HP:0001561), Skeletal muscle atrophy (HP:0003202)-Flexion contracture (HP:0001371), Short stature (HP:0004322)-Growth delay (HP:0001510), 	Proximity to TOR1A Failure to thrive (HP:0001508)-weight loss (MP:0001263), Small for gestational age (HP:0001518)-weight loss (MP:0001263), Premature birth (HP:0001622)-impaired coordination (MP:0001405), Rhabdomyosarcoma (HP:0002859)-dystonia (MP:0005323), Skeletal muscle atrophy (HP:0003202)-dystonia (MP:0005323), Short stature (HP:0004322)-weight loss (MP:0001263), 	
395	ZNF676_AD	ZNF676	163223	AD	0.7788	0.0008	0.5000	0.1000	0.0000	0.4374	0.0000	0.5000	0.5000	1.0000	0		Nephrocalcinosis (HP:0000121)-abnormal kidney morphology (MP:0002135), Rhabdomyosarcoma (HP:0002859)-abnormal smooth muscle morphology (MP:0000767), Skeletal muscle atrophy (HP:0003202)-abnormal smooth muscle morphology (MP:0000767), Short stature (HP:0004322)-small kidney (MP:0002989), 		Proximity to SMARCAL1 associated with Schimke immuno-osseous dysplasia (ORPHA:1830): Nephrocalcinosis (HP:0000121)-Focal segmental glomerulosclerosis (HP:0000097), Failure to thrive (HP:0001508)-Failure to thrive (HP:0001508), Small for gestational age (HP:0001518)-Small for gestational age (HP:0001518), Premature birth (HP:0001622)-Premature birth (HP:0001622), Short stature (HP:0004322)-Short stature (HP:0004322), 	Proximity to SMARCAL1 Nephrocalcinosis (HP:0000121)-albuminuria (MP:0002871), Failure to thrive (HP:0001508)-postnatal growth retardation (MP:0001732), Small for gestational age (HP:0001518)-decreased body weight (MP:0001262), Premature birth (HP:0001622)-postnatal growth retardation (MP:0001732), Skeletal muscle atrophy (HP:0003202)-decreased body length (MP:0001258), Short stature (HP:0004322)-postnatal growth retardation (MP:0001732), 	
395	CHRFAM7A_AR	CHRFAM7A	89832	AR	0.7788	0.0008	0.5000	0.1000	0.0000	0.2516	0.0000	0.5000	0.5000	1.0000	0		Failure to thrive (HP:0001508)-asthenozoospermia (MP:0002675), Small for gestational age (HP:0001518)-asthenozoospermia (MP:0002675), Premature birth (HP:0001622)-asthenozoospermia (MP:0002675), Short stature (HP:0004322)-asthenozoospermia (MP:0002675), 		Proximity to YRDC associated with Galloway-Mowat syndrome (ORPHA:2065): Nephrocalcinosis (HP:0000121)-Nephrotic syndrome (HP:0000100), Premature birth (HP:0001622)-Premature birth (HP:0001622), Skeletal muscle atrophy (HP:0003202)-Camptodactyly of finger (HP:0100490), Short stature (HP:0004322)-Short stature (HP:0004322), 		
395	POTEB2_AD	POTEB2	100287399	AD	0.7788	0.0008	0.5000	0.1000	0.0000	0.0000	0.0000	0.5000	0.5000	1.0000	0				Proximity to MEFV associated with Familial Mediterranean fever (ORPHA:342): Nephrocalcinosis (HP:0000121)-Nephrocalcinosis (HP:0000121), Premature birth (HP:0001622)-Orchitis (HP:0100796), 	Proximity to MEFV Failure to thrive (HP:0001508)-postnatal growth retardation (MP:0001732), Small for gestational age (HP:0001518)-decreased body weight (MP:0001262), Premature birth (HP:0001622)-postnatal growth retardation (MP:0001732), Skeletal muscle atrophy (HP:0003202)-decreased body size (MP:0001265), Short stature (HP:0004322)-decreased body size (MP:0001265), 	
395	POTEB2_AR	POTEB2	100287399	AR	0.7788	0.0008	0.5000	0.1000	0.0000	0.0000	0.0000	0.5000	0.5000	1.0000	0				Proximity to MEFV associated with Familial Mediterranean fever (ORPHA:342): Nephrocalcinosis (HP:0000121)-Nephrocalcinosis (HP:0000121), Premature birth (HP:0001622)-Orchitis (HP:0100796), 	Proximity to MEFV Failure to thrive (HP:0001508)-postnatal growth retardation (MP:0001732), Small for gestational age (HP:0001518)-decreased body weight (MP:0001262), Premature birth (HP:0001622)-postnatal growth retardation (MP:0001732), Skeletal muscle atrophy (HP:0003202)-decreased body size (MP:0001265), Short stature (HP:0004322)-decreased body size (MP:0001265), 	
395	GOLGA6L6_AR	GOLGA6L6	727832	AR	0.7788	0.0008	0.5000	0.1000	0.0000	0.0000	0.0000	0.5000	0.5000	1.0000	0				Proximity to MEFV associated with Familial Mediterranean fever (ORPHA:342): Nephrocalcinosis (HP:0000121)-Nephrocalcinosis (HP:0000121), Premature birth (HP:0001622)-Orchitis (HP:0100796), 	Proximity to MEFV Failure to thrive (HP:0001508)-postnatal growth retardation (MP:0001732), Small for gestational age (HP:0001518)-decreased body weight (MP:0001262), Premature birth (HP:0001622)-postnatal growth retardation (MP:0001732), Skeletal muscle atrophy (HP:0003202)-decreased body size (MP:0001265), Short stature (HP:0004322)-decreased body size (MP:0001265), 	
395	GMEB2_AD	GMEB2	26205	AD	0.7788	0.0008	0.5000	0.0999	0.0000	0.1997	0.0000	0.5000	0.5000	1.0000	0		Failure to thrive (HP:0001508)-increased startle reflex (MP:0001488), Small for gestational age (HP:0001518)-increased startle reflex (MP:0001488), Premature birth (HP:0001622)-increased startle reflex (MP:0001488), Short stature (HP:0004322)-increased startle reflex (MP:0001488), 		Proximity to SALL1 associated with Townes-Brocks syndrome 1 (OMIM:107480): Nephrocalcinosis (HP:0000121)-Renal dysplasia (HP:0000110), Failure to thrive (HP:0001508)-Small for gestational age (HP:0001518), Small for gestational age (HP:0001518)-Small for gestational age (HP:0001518), Premature birth (HP:0001622)-Cryptorchidism (HP:0000028), 	Proximity to SALL1 Nephrocalcinosis (HP:0000121)-small kidney (MP:0002989), Failure to thrive (HP:0001508)-conductive hearing loss (MP:0004739), Small for gestational age (HP:0001518)-conductive hearing loss (MP:0004739), Premature birth (HP:0001622)-conductive hearing loss (MP:0004739), Skeletal muscle atrophy (HP:0003202)-small kidney (MP:0002989), Short stature (HP:0004322)-small kidney (MP:0002989), 	
395	BFAR_AD	BFAR	51283	AD	0.7789	0.0008	0.5002	0.0997	0.0000	0.0000	0.0000	0.5002	0.5002	1.0000	0				Proximity to CTSK associated with Pycnodysostosis (ORPHA:763): Failure to thrive (HP:0001508)-Overweight (HP:0025502), Small for gestational age (HP:0001518)-Overweight (HP:0025502), Skeletal muscle atrophy (HP:0003202)-Abnormal clavicle morphology (HP:0000889), Short stature (HP:0004322)-Disproportionate short-limb short stature (HP:0008873), 	Proximity to CTSK Failure to thrive (HP:0001508)-postnatal growth retardation (MP:0001732), Small for gestational age (HP:0001518)-decreased body weight (MP:0001262), Premature birth (HP:0001622)-postnatal growth retardation (MP:0001732), Skeletal muscle atrophy (HP:0003202)-decreased bone volume (MP:0010876), Short stature (HP:0004322)-decreased body height (MP:0001255), 	
395	PRX_AD	PRX	57716	AD	0.7789	0.0008	0.5000	0.0998	0.5004	0.4401	0.0000	0.5000	0.5004	1.0000	0	Charcot-Marie-Tooth disease, type 4F (OMIM:614895): Skeletal muscle atrophy (HP:0003202)-Skeletal muscle atrophy (HP:0003202), 	Failure to thrive (HP:0001508)-weight loss (MP:0001263), Small for gestational age (HP:0001518)-weight loss (MP:0001263), Premature birth (HP:0001622)-hyporesponsive to tactile stimuli (MP:0005498), Skeletal muscle atrophy (HP:0003202)-weight loss (MP:0001263), Short stature (HP:0004322)-weight loss (MP:0001263), 		Proximity to PRDX1 associated with Methylmalonic aciduria and homocystinuria, cblC type, digenic (OMIM:277400): Nephrocalcinosis (HP:0000121)-Hemolytic-uremic syndrome (HP:0005575), Failure to thrive (HP:0001508)-Failure to thrive (HP:0001508), Small for gestational age (HP:0001518)-Small for gestational age (HP:0001518), Skeletal muscle atrophy (HP:0003202)-Cerebral cortical atrophy (HP:0002120), Short stature (HP:0004322)-High forehead (HP:0000348), 	Proximity to PRDX1 Skeletal muscle atrophy (HP:0003202)-thin skin (MP:0001199), Short stature (HP:0004322)-thin skin (MP:0001199), 	
395	PPP2R2D_AD	PPP2R2D	55844	AD	0.7789	0.0008	0.5001	0.0997	0.0000	0.0000	0.3162	0.5001	0.5001	1.0000	0			Rhabdomyosarcoma (HP:0002859)-nucleus fast muscle cell disorganized, abnormal (ZP:0138067), Skeletal muscle atrophy (HP:0003202)-fast muscle cell morphology, abnormal (ZP:0011233), 	Proximity to DMPK associated with Congenital-onset Steinert myotonic dystrophy (ORPHA:589821): Nephrocalcinosis (HP:0000121)-Enuresis (HP:0000805), Failure to thrive (HP:0001508)-Decreased body weight (HP:0004325), Small for gestational age (HP:0001518)-Decreased body weight (HP:0004325), Premature birth (HP:0001622)-Premature birth (HP:0001622), Skeletal muscle atrophy (HP:0003202)-Facial hypotonia (HP:0000297), 	Proximity to DMPK Failure to thrive (HP:0001508)-enhanced skeletal muscle regeneration (MP:0031318), Small for gestational age (HP:0001518)-enhanced skeletal muscle regeneration (MP:0031318), Premature birth (HP:0001622)-enhanced skeletal muscle regeneration (MP:0031318), Rhabdomyosarcoma (HP:0002859)-myopathy (MP:0000751), Skeletal muscle atrophy (HP:0003202)-abnormal sarcomere morphology (MP:0004090), Short stature (HP:0004322)-enhanced skeletal muscle regeneration (MP:0031318), 	
395	ITPR3_AD	ITPR3	3710	AD	0.7790	0.0008	0.5009	0.0988	0.2943	0.4092	0.2383	0.5009	0.5009	1.0000	0	Charcot-Marie-Tooth disease, demyelinating, type 1J (OMIM:620111): Skeletal muscle atrophy (HP:0003202)-Thenar muscle atrophy (HP:0003393), 	Failure to thrive (HP:0001508)-increased growth rate (MP:0002865), Small for gestational age (HP:0001518)-increased growth rate (MP:0002865), Premature birth (HP:0001622)-increased growth rate (MP:0002865), Skeletal muscle atrophy (HP:0003202)-decreased hippocampal commissure size (MP:0008222), Short stature (HP:0004322)-increased growth rate (MP:0002865), 	Short stature (HP:0004322)-whole organism decreased length, abnormal (ZP:0000473), 	Proximity to CAV1 associated with Lipodystrophy, familial partial, type 7 (OMIM:606721): Nephrocalcinosis (HP:0000121)-Polyuria (HP:0000103), Failure to thrive (HP:0001508)-Failure to thrive (HP:0001508), Small for gestational age (HP:0001518)-Small for gestational age (HP:0001518), Skeletal muscle atrophy (HP:0003202)-Lower limb muscle weakness (HP:0007340), 	Proximity to CAV1 Failure to thrive (HP:0001508)-slow postnatal weight gain (MP:0008489), Small for gestational age (HP:0001518)-decreased body weight (MP:0001262), Premature birth (HP:0001622)-premature bone ossification (MP:0003416), Rhabdomyosarcoma (HP:0002859)-decreased cardiac muscle contractility (MP:0005140), Skeletal muscle atrophy (HP:0003202)-abnormal skeletal muscle fiber morphology (MP:0003084), Short stature (HP:0004322)-slow postnatal weight gain (MP:0008489), 	Proximity to CAV1 Rhabdomyosarcoma (HP:0002859)-sarcoplasmic reticulum muscle cell disorganized, abnormal (ZP:0003376), Skeletal muscle atrophy (HP:0003202)-horizontal myoseptum aplastic, abnormal (ZP:0003283), 
395	PLXNB2_AD	PLXNB2	23654	AD	0.7790	0.0008	0.5001	0.0997	0.0000	0.4156	0.1920	0.5001	0.5001	1.0000	0		Nephrocalcinosis (HP:0000121)-small kidney (MP:0002989), Skeletal muscle atrophy (HP:0003202)-small kidney (MP:0002989), Short stature (HP:0004322)-small kidney (MP:0002989), 	Short stature (HP:0004322)-sprouting angiogenesis delayed, abnormal (ZP:0003747), 	Proximity to AMMECR1 associated with Midface hypoplasia, hearing impairment, elliptocytosis, and nephrocalcinosis (OMIM:300990): Nephrocalcinosis (HP:0000121)-Nephrocalcinosis (HP:0000121), Premature birth (HP:0001622)-Polyhydramnios (HP:0001561), Short stature (HP:0004322)-Short stature (HP:0004322), 		Proximity to AMMECR1 Failure to thrive (HP:0001508)-heart contraction increased rate, abnormal (ZP:0001534), Short stature (HP:0004322)-whole organism decreased size, abnormal (ZP:0000324), 
395	KCNK6_AD	KCNK6	9424	AD	0.7790	0.0008	0.5000	0.0997	0.0000	0.2439	0.0000	0.5000	0.5000	1.0000	0		Rhabdomyosarcoma (HP:0002859)-abnormal vascular smooth muscle physiology (MP:0005595), Skeletal muscle atrophy (HP:0003202)-abnormal vascular smooth muscle physiology (MP:0005595), 		Proximity to GBE1 associated with Glycogen storage disease IV (OMIM:232500): Nephrocalcinosis (HP:0000121)-Tubulointerstitial fibrosis (HP:0005576), Failure to thrive (HP:0001508)-Failure to thrive (HP:0001508), Small for gestational age (HP:0001518)-Failure to thrive (HP:0001508), Premature birth (HP:0001622)-Polyhydramnios (HP:0001561), Skeletal muscle atrophy (HP:0003202)-Skeletal muscle atrophy (HP:0003202), 	Proximity to GBE1 Failure to thrive (HP:0001508)-decreased glycogen catabolism rate (MP:0002715), Small for gestational age (HP:0001518)-decreased glycogen catabolism rate (MP:0002715), Premature birth (HP:0001622)-decreased glycogen catabolism rate (MP:0002715), Rhabdomyosarcoma (HP:0002859)-abnormal skeletal muscle morphology (MP:0000759), Skeletal muscle atrophy (HP:0003202)-abnormal skeletal muscle morphology (MP:0000759), Short stature (HP:0004322)-decreased glycogen catabolism rate (MP:0002715), 	
395	HUNK_AD	HUNK	30811	AD	0.7793	0.0008	0.5000	0.0994	0.0000	0.0000	0.0000	0.5000	0.5000	1.0000	0				Proximity to KIF22 associated with Spondyloepimetaphyseal dysplasia with joint laxity, leptodactylic type (ORPHA:93360): Failure to thrive (HP:0001508)-Small for gestational age (HP:0001518), Small for gestational age (HP:0001518)-Small for gestational age (HP:0001518), Skeletal muscle atrophy (HP:0003202)-Elbow flexion contracture (HP:0002987), Short stature (HP:0004322)-Short stature (HP:0004322), 		
395	ARHGAP23_AD	ARHGAP23	57636	AD	0.7794	0.0008	0.5005	0.0988	0.0000	0.0000	0.0000	0.5005	0.5005	1.0000	0				Proximity to ARHGAP31 associated with Adams-Oliver syndrome (ORPHA:974): Failure to thrive (HP:0001508)-Failure to thrive (HP:0001508), Small for gestational age (HP:0001518)-Failure to thrive (HP:0001508), Premature birth (HP:0001622)-Premature birth (HP:0001622), 	Proximity to ARHGAP31 Short stature (HP:0004322)-abnormal embryo size (MP:0001697), 	
395	SLC15A5_AD	SLC15A5	729025	AD	0.7796	0.0008	0.5000	0.0991	0.0000	0.0000	0.0000	0.5000	0.5000	1.0000	0				Proximity to SLC7A7 associated with Lysinuric protein intolerance (OMIM:222700): Nephrocalcinosis (HP:0000121)-Stage 5 chronic kidney disease (HP:0003774), Failure to thrive (HP:0001508)-Failure to thrive (HP:0001508), Small for gestational age (HP:0001518)-Failure to thrive (HP:0001508), Skeletal muscle atrophy (HP:0003202)-Skeletal muscle atrophy (HP:0003202), Short stature (HP:0004322)-Short stature (HP:0004322), 	Proximity to SLC7A7 Nephrocalcinosis (HP:0000121)-dilated renal tubule (MP:0002705), Failure to thrive (HP:0001508)-slow postnatal weight gain (MP:0008489), Small for gestational age (HP:0001518)-slow postnatal weight gain (MP:0008489), Premature birth (HP:0001622)-delayed kidney development (MP:0000528), Skeletal muscle atrophy (HP:0003202)-kidney cortex atrophy (MP:0011423), Short stature (HP:0004322)-slow postnatal weight gain (MP:0008489), 	
395	RASEF_AD	RASEF	158158	AD	0.7797	0.0008	0.5000	0.0990	0.0000	0.0000	0.0000	0.5000	0.5000	1.0000	0				Proximity to MYO5B associated with Microvillus inclusion disease (ORPHA:2290): Nephrocalcinosis (HP:0000121)-Nephrocalcinosis (HP:0000121), Skeletal muscle atrophy (HP:0003202)-Villous atrophy (HP:0011473), 	Proximity to MYO5B Failure to thrive (HP:0001508)-decreased body weight (MP:0001262), Small for gestational age (HP:0001518)-decreased body weight (MP:0001262), Skeletal muscle atrophy (HP:0003202)-decreased body weight (MP:0001262), Short stature (HP:0004322)-decreased body weight (MP:0001262), 	Proximity to MYO5B Failure to thrive (HP:0001508)-heart decreased process quality cardiac muscle tissue growth involved in heart morphogenesis, abnormal (ZP:0107209), Small for gestational age (HP:0001518)-heart decreased process quality cardiac muscle tissue growth involved in heart morphogenesis, abnormal (ZP:0107209), Rhabdomyosarcoma (HP:0002859)-cell cortex cardiac muscle cell spatial pattern, abnormal (ZP:0107210), Skeletal muscle atrophy (HP:0003202)-cardiac muscle cell decreased size, abnormal (ZP:0001543), Short stature (HP:0004322)-enterocyte increased height, abnormal (ZP:0020191), 
395	LGALS9B_AR	LGALS9B	284194	AR	0.7798	0.0008	0.5000	0.0989	0.0000	0.0000	0.0000	0.5000	0.5000	1.0000	0				Proximity to BCR associated with Distal 22q11.2 microdeletion syndrome (ORPHA:261330): Nephrocalcinosis (HP:0000121)-Recurrent urinary tract infections (HP:0000010), Premature birth (HP:0001622)-Premature birth (HP:0001622), Skeletal muscle atrophy (HP:0003202)-Camptodactyly of finger (HP:0100490), Short stature (HP:0004322)-Short stature (HP:0004322), 	Proximity to BCR Nephrocalcinosis (HP:0000121)-renal necrosis (MP:0003946), Failure to thrive (HP:0001508)-weight loss (MP:0001263), Small for gestational age (HP:0001518)-weight loss (MP:0001263), Skeletal muscle atrophy (HP:0003202)-weight loss (MP:0001263), Short stature (HP:0004322)-weight loss (MP:0001263), 	
479	USP17L1_AD	USP17L1	401447	AD	0.7837	0.0007	0.3630	0.2501	0.0000	0.3630	0.0000	0.0000	0.3630	1.0000	0		Failure to thrive (HP:0001508)-increased body weight (MP:0001260), Small for gestational age (HP:0001518)-increased body weight (MP:0001260), Premature birth (HP:0001622)-asthenozoospermia (MP:0002675), Skeletal muscle atrophy (HP:0003202)-decreased testis weight (MP:0004852), Short stature (HP:0004322)-increased body weight (MP:0001260), 				
479	TAS2R46_AD	TAS2R46	259292	AD	0.7837	0.0007	0.5000	0.0950	0.0000	0.0000	0.0000	0.5000	0.5000	1.0000	0				Proximity to PIK3C2A associated with Oculoskeletodental syndrome (OMIM:618440): Nephrocalcinosis (HP:0000121)-Renal agenesis (HP:0000104), Failure to thrive (HP:0001508)-Small for gestational age (HP:0001518), Small for gestational age (HP:0001518)-Small for gestational age (HP:0001518), Premature birth (HP:0001622)-Cryptorchidism (HP:0000028), Skeletal muscle atrophy (HP:0003202)-Macroglossia (HP:0000158), Short stature (HP:0004322)-Short stature (HP:0004322), 	Proximity to PIK3C2A Nephrocalcinosis (HP:0000121)-abnormal kidney morphology (MP:0002135), Failure to thrive (HP:0001508)-postnatal growth retardation (MP:0001732), Small for gestational age (HP:0001518)-decreased body weight (MP:0001262), Premature birth (HP:0001622)-postnatal growth retardation (MP:0001732), Skeletal muscle atrophy (HP:0003202)-decreased body size (MP:0001265), Short stature (HP:0004322)-decreased body size (MP:0001265), 	
479	KLRC2_AD	KLRC2	3822	AD	0.7849	0.0007	0.5000	0.0938	0.0000	0.0000	0.0000	0.5000	0.5000	1.0000	0				Proximity to GATA3 associated with Hypoparathyroidism, sensorineural deafness, and renal dysplasia (OMIM:146255): Nephrocalcinosis (HP:0000121)-Nephrocalcinosis (HP:0000121), 	Proximity to GATA3 Failure to thrive (HP:0001508)-delayed inner ear development (MP:0004664), Small for gestational age (HP:0001518)-delayed inner ear development (MP:0004664), Premature birth (HP:0001622)-delayed inner ear development (MP:0004664), Skeletal muscle atrophy (HP:0003202)-small otic vesicle (MP:0004310), Short stature (HP:0004322)-delayed inner ear development (MP:0004664), 	Proximity to GATA3 Nephrocalcinosis (HP:0000121)-pronephric distal late tubule decreased object quality, abnormal (ZP:0010444), Failure to thrive (HP:0001508)-caudal fin increased frequency striated muscle contraction, abnormal (ZP:0138579), 
479	RAET1L_AR	RAET1L	154064	AR	0.7860	0.0007	0.5000	0.0927	0.0000	0.0000	0.0000	0.5000	0.5000	1.0000	0				Proximity to KARS1 associated with Leukoencephalopathy, progressive, infantile-onset, with or without deafness (OMIM:619147): Nephrocalcinosis (HP:0000121)-Cerebral calcification (HP:0002514), Failure to thrive (HP:0001508)-Failure to thrive (HP:0001508), Small for gestational age (HP:0001518)-Small for gestational age (HP:0001518), Short stature (HP:0004322)-Growth delay (HP:0001510), 		
479	PBXIP1_AD	PBXIP1	57326	AD	0.7882	0.0007	0.3197	0.2945	0.0000	0.3197	0.0000	0.0000	0.3197	1.0000	0		Skeletal muscle atrophy (HP:0003202)-proportional dwarf (MP:0008974), Short stature (HP:0004322)-proportional dwarf (MP:0008974), 				
479	DEFA3_AD	DEFA3	1668	AD	0.7904	0.0007	0.5000	0.0880	0.0000	0.0000	0.0000	0.5000	0.5000	1.0000	0				Proximity to TOR1A associated with Arthrogryposis multiplex congenita 5 (OMIM:618947): Nephrocalcinosis (HP:0000121)-Medullary nephrocalcinosis (HP:0012408), Premature birth (HP:0001622)-Polyhydramnios (HP:0001561), Skeletal muscle atrophy (HP:0003202)-Flexion contracture (HP:0001371), Short stature (HP:0004322)-Growth delay (HP:0001510), 	Proximity to TOR1A Failure to thrive (HP:0001508)-weight loss (MP:0001263), Small for gestational age (HP:0001518)-weight loss (MP:0001263), Premature birth (HP:0001622)-impaired coordination (MP:0001405), Rhabdomyosarcoma (HP:0002859)-dystonia (MP:0005323), Skeletal muscle atrophy (HP:0003202)-dystonia (MP:0005323), Short stature (HP:0004322)-weight loss (MP:0001263), 	
479	SLX1A_AD	SLX1A	548593	AD	0.7931	0.0007	0.5016	0.0835	0.0000	0.0000	0.0000	0.5016	0.5016	1.0000	0				Proximity to WRN associated with Werner syndrome (ORPHA:902): Nephrocalcinosis (HP:0000121)-Subcutaneous calcification (HP:0007618), Failure to thrive (HP:0001508)-Slender build (HP:0001533), Small for gestational age (HP:0001518)-Slender build (HP:0001533), Premature birth (HP:0001622)-Abnormal testis morphology (HP:0000035), Rhabdomyosarcoma (HP:0002859)-Sarcoma (HP:0100242), Skeletal muscle atrophy (HP:0003202)-Skeletal muscle atrophy (HP:0003202), Short stature (HP:0004322)-Short stature (HP:0004322), 	Proximity to WRN Failure to thrive (HP:0001508)-increased susceptibility to age related obesity (MP:0003212), Small for gestational age (HP:0001518)-increased susceptibility to age related obesity (MP:0003212), Short stature (HP:0004322)-increased susceptibility to age related obesity (MP:0003212), 	
479	HCAR2_AD	HCAR2	338442	AD	0.7942	0.0007	0.5010	0.0831	0.0000	0.2521	0.0000	0.5010	0.5010	1.0000	0		Nephrocalcinosis (HP:0000121)-abnormal urinary bladder morphology (MP:0000538), 		Proximity to OXGR1 associated with Nephrolithiasis, calcium oxalate, 2, with nephrocalcinosis (OMIM:620374): Nephrocalcinosis (HP:0000121)-Nephrocalcinosis (HP:0000121), 	Proximity to OXGR1 Nephrocalcinosis (HP:0000121)-decreased urine pH (MP:0009350), 	
487	FOXD4L3_AR	FOXD4L3	286380	AR	0.7977	0.0006	0.0000	0.6465	0.0000	0.0000	0.0000	0.0000	0.0000	1.0000	0						
487	OR51A2_AR	OR51A2	401667	AR	0.7987	0.0006	0.5000	0.0795	0.0000	0.0000	0.0000	0.5000	0.5000	1.0000	0				Proximity to MEFV associated with Familial Mediterranean fever (ORPHA:342): Nephrocalcinosis (HP:0000121)-Nephrocalcinosis (HP:0000121), Premature birth (HP:0001622)-Orchitis (HP:0100796), 	Proximity to MEFV Failure to thrive (HP:0001508)-postnatal growth retardation (MP:0001732), Small for gestational age (HP:0001518)-decreased body weight (MP:0001262), Premature birth (HP:0001622)-postnatal growth retardation (MP:0001732), Skeletal muscle atrophy (HP:0003202)-decreased body size (MP:0001265), Short stature (HP:0004322)-decreased body size (MP:0001265), 	
487	OR2T29_AR	OR2T29	343563	AR	0.8001	0.0006	0.5000	0.0780	0.0000	0.0000	0.0000	0.5000	0.5000	1.0000	0				Proximity to MEFV associated with Familial Mediterranean fever (ORPHA:342): Nephrocalcinosis (HP:0000121)-Nephrocalcinosis (HP:0000121), Premature birth (HP:0001622)-Orchitis (HP:0100796), 	Proximity to MEFV Failure to thrive (HP:0001508)-postnatal growth retardation (MP:0001732), Small for gestational age (HP:0001518)-decreased body weight (MP:0001262), Premature birth (HP:0001622)-postnatal growth retardation (MP:0001732), Skeletal muscle atrophy (HP:0003202)-decreased body size (MP:0001265), Short stature (HP:0004322)-decreased body size (MP:0001265), 	
487	AHDC1_AD	AHDC1	27245	AD	0.8003	0.0006	0.4816	0.0986	0.4816	0.4373	0.0000	0.0000	0.4816	1.0000	0	AHDC1-related intellectual disability-obstructive sleep apnea-mild dysmorphism syndrome (ORPHA:412069): Failure to thrive (HP:0001508)-Failure to thrive (HP:0001508), Small for gestational age (HP:0001518)-Failure to thrive (HP:0001508), Short stature (HP:0004322)-Delayed myelination (HP:0012448), 	Failure to thrive (HP:0001508)-premature cranial suture closure (MP:0000081), Small for gestational age (HP:0001518)-premature cranial suture closure (MP:0000081), Premature birth (HP:0001622)-premature cranial suture closure (MP:0000081), Skeletal muscle atrophy (HP:0003202)-short snout (MP:0000445), Short stature (HP:0004322)-decreased fetal size (MP:0004200), 				
487	TET1_AD	TET1	80312	AD	0.8021	0.0006	0.5000	0.0758	0.0000	0.4381	0.0000	0.5000	0.5000	1.0000	0		Failure to thrive (HP:0001508)-decreased body weight (MP:0001262), Small for gestational age (HP:0001518)-decreased body weight (MP:0001262), Skeletal muscle atrophy (HP:0003202)-decreased body length (MP:0001258), Short stature (HP:0004322)-decreased body length (MP:0001258), 		Proximity to GEMIN4 associated with Neurodevelopmental disorder with microcephaly, cataracts, and renal abnormalities (OMIM:617913): Nephrocalcinosis (HP:0000121)-Nephrocalcinosis (HP:0000121), Premature birth (HP:0001622)-Hydronephrosis (HP:0000126), Skeletal muscle atrophy (HP:0003202)-Calcinosis (HP:0003761), Short stature (HP:0004322)-Growth delay (HP:0001510), 		
487	LRRC43_AD	LRRC43	254050	AD	0.8034	0.0006	0.5000	0.0745	0.0000	0.0000	0.0000	0.5000	0.5000	1.0000	0				Proximity to CAMK2B associated with Intellectual developmental disorder, autosomal dominant 54 (OMIM:617799): Nephrocalcinosis (HP:0000121)-Urinary retention (HP:0000016), Failure to thrive (HP:0001508)-Small for gestational age (HP:0001518), Small for gestational age (HP:0001518)-Small for gestational age (HP:0001518), Premature birth (HP:0001622)-Fetal distress (HP:0025116), Skeletal muscle atrophy (HP:0003202)-Cerebellar atrophy (HP:0001272), Short stature (HP:0004322)-Short stature (HP:0004322), 	Proximity to CAMK2B Failure to thrive (HP:0001508)-slow postnatal weight gain (MP:0008489), Small for gestational age (HP:0001518)-slow postnatal weight gain (MP:0008489), Premature birth (HP:0001622)-impaired balance (MP:0001525), Skeletal muscle atrophy (HP:0003202)-decreased body size (MP:0001265), Short stature (HP:0004322)-slow postnatal weight gain (MP:0008489), 	
487	MBD3L4_AR	MBD3L4	653656	AR	0.8056	0.0006	0.5000	0.0721	0.0000	0.0000	0.0000	0.5000	0.5000	1.0000	0				Proximity to MYO5B associated with Microvillus inclusion disease (ORPHA:2290): Nephrocalcinosis (HP:0000121)-Nephrocalcinosis (HP:0000121), Skeletal muscle atrophy (HP:0003202)-Villous atrophy (HP:0011473), 	Proximity to MYO5B Failure to thrive (HP:0001508)-decreased body weight (MP:0001262), Small for gestational age (HP:0001518)-decreased body weight (MP:0001262), Skeletal muscle atrophy (HP:0003202)-decreased body weight (MP:0001262), Short stature (HP:0004322)-decreased body weight (MP:0001262), 	Proximity to MYO5B Failure to thrive (HP:0001508)-heart decreased process quality cardiac muscle tissue growth involved in heart morphogenesis, abnormal (ZP:0107209), Small for gestational age (HP:0001518)-heart decreased process quality cardiac muscle tissue growth involved in heart morphogenesis, abnormal (ZP:0107209), Rhabdomyosarcoma (HP:0002859)-cell cortex cardiac muscle cell spatial pattern, abnormal (ZP:0107210), Skeletal muscle atrophy (HP:0003202)-cardiac muscle cell decreased size, abnormal (ZP:0001543), Short stature (HP:0004322)-enterocyte increased height, abnormal (ZP:0020191), 
487	IQCN_AR	IQCN	80726	AR	0.8059	0.0006	0.5000	0.0717	0.3516	0.3473	0.0000	0.5000	0.5000	1.0000	0	Spermatogenic failure 78 (OMIM:620170): Nephrocalcinosis (HP:0000121)-Microcephalic sperm head (HP:0032561), Premature birth (HP:0001622)-Repeated implantation failure (HP:0033712), 	Failure to thrive (HP:0001508)-decreased fertilization frequency (MP:0009647), Small for gestational age (HP:0001518)-decreased fertilization frequency (MP:0009647), Premature birth (HP:0001622)-decreased fertilization frequency (MP:0009647), Short stature (HP:0004322)-decreased fertilization frequency (MP:0009647), 		Proximity to RYR1 associated with King-Denborough syndrome (OMIM:619542): Nephrocalcinosis (HP:0000121)-Cryptorchidism (HP:0000028), Failure to thrive (HP:0001508)-Failure to thrive (HP:0001508), Small for gestational age (HP:0001518)-Failure to thrive (HP:0001508), Premature birth (HP:0001622)-Breech presentation (HP:0001623), Skeletal muscle atrophy (HP:0003202)-Minicore myopathy (HP:0003789), Short stature (HP:0004322)-Short stature (HP:0004322), 	Proximity to RYR1 Failure to thrive (HP:0001508)-slow postnatal weight gain (MP:0008489), Small for gestational age (HP:0001518)-slow postnatal weight gain (MP:0008489), Premature birth (HP:0001622)-decreased locomotor activity (MP:0001402), Rhabdomyosarcoma (HP:0002859)-abnormal muscle fiber morphology (MP:0004087), Skeletal muscle atrophy (HP:0003202)-abnormal muscle fiber morphology (MP:0004087), Short stature (HP:0004322)-slow postnatal weight gain (MP:0008489), 	Proximity to RYR1 Rhabdomyosarcoma (HP:0002859)-longitudinal sarcoplasmic reticulum skeletal muscle swollen, abnormal (ZP:0008857), Skeletal muscle atrophy (HP:0003202)-slow muscle cell somite increased length, abnormal (ZP:0138655), 
487	RFPL4A_AD	RFPL4A	342931	AD	0.8060	0.0006	0.5000	0.0716	0.0000	0.0000	0.0000	0.5000	0.5000	1.0000	0					Proximity to PTGS2 Nephrocalcinosis (HP:0000121)-nephrocalcinosis (MP:0003197), Failure to thrive (HP:0001508)-decreased superovulation rate (MP:0031420), Small for gestational age (HP:0001518)-decreased superovulation rate (MP:0031420), Premature birth (HP:0001622)-decreased superovulation rate (MP:0031420), Skeletal muscle atrophy (HP:0003202)-kidney cortex atrophy (MP:0011423), Short stature (HP:0004322)-small kidney (MP:0002989), 	Proximity to PTGS2 Nephrocalcinosis (HP:0000121)-pronephric duct decreased distribution, abnormal (ZP:0019215), 
487	ACOT2_AD	ACOT2	10965	AD	0.8061	0.0006	0.5001	0.0714	0.0000	0.4190	0.0000	0.5001	0.5001	1.0000	0		Nephrocalcinosis (HP:0000121)-abnormal kidney morphology (MP:0002135), Failure to thrive (HP:0001508)-decreased exploration in new environment (MP:0001417), Small for gestational age (HP:0001518)-decreased exploration in new environment (MP:0001417), Premature birth (HP:0001622)-decreased exploration in new environment (MP:0001417), Skeletal muscle atrophy (HP:0003202)-microphthalmia (MP:0001297), Short stature (HP:0004322)-microphthalmia (MP:0001297), 		Proximity to PEX5 associated with Zellweger syndrome (ORPHA:912): Nephrocalcinosis (HP:0000121)-Multicystic kidney dysplasia (HP:0000003), Failure to thrive (HP:0001508)-Failure to thrive (HP:0001508), Small for gestational age (HP:0001518)-Failure to thrive (HP:0001508), Premature birth (HP:0001622)-Premature birth (HP:0001622), Skeletal muscle atrophy (HP:0003202)-Optic atrophy (HP:0000648), Short stature (HP:0004322)-Short stature (HP:0004322), 	Proximity to PEX5 Nephrocalcinosis (HP:0000121)-abnormal kidney morphology (MP:0002135), Failure to thrive (HP:0001508)-decreased body weight (MP:0001262), Small for gestational age (HP:0001518)-decreased body weight (MP:0001262), Premature birth (HP:0001622)-delayed kidney development (MP:0000528), Rhabdomyosarcoma (HP:0002859)-muscle weakness (MP:0000747), Skeletal muscle atrophy (HP:0003202)-muscle weakness (MP:0000747), Short stature (HP:0004322)-delayed kidney development (MP:0000528), 	
487	RHD_AR	RHD	6007	AR	0.8066	0.0006	0.5000	0.0710	0.3788	0.2278	0.0000	0.5000	0.5000	1.0000	0	Hemolytic disease of fetus and newborn, RH-induced (OMIM:619462): Premature birth (HP:0001622)-Polyhydramnios (HP:0001561), 	Failure to thrive (HP:0001508)-increased exploration in new environment (MP:0001415), Small for gestational age (HP:0001518)-increased exploration in new environment (MP:0001415), Premature birth (HP:0001622)-increased exploration in new environment (MP:0001415), Skeletal muscle atrophy (HP:0003202)-decreased mean corpuscular volume (MP:0002591), Short stature (HP:0004322)-decreased mean corpuscular volume (MP:0002591), 		Proximity to CDKN2B associated with Multiple endocrine neoplasia type 1 (ORPHA:652): Nephrocalcinosis (HP:0000121)-Nephrolithiasis (HP:0000787), Failure to thrive (HP:0001508)-Weight loss (HP:0001824), Small for gestational age (HP:0001518)-Weight loss (HP:0001824), Premature birth (HP:0001622)-Impotence (HP:0000802), Rhabdomyosarcoma (HP:0002859)-Angiofibromas (HP:0010615), Short stature (HP:0004322)-Proportionate tall stature (HP:0011407), 		
487	DEFB125_AD	DEFB125	245938	AD	0.8105	0.0006	0.5000	0.0669	0.0000	0.0000	0.0000	0.5000	0.5000	1.0000	0				Proximity to SLC4A1 associated with Distal renal tubular acidosis 4 with hemolytic anemia (OMIM:611590): Nephrocalcinosis (HP:0000121)-Nephrocalcinosis (HP:0000121), Failure to thrive (HP:0001508)-Failure to thrive (HP:0001508), Small for gestational age (HP:0001518)-Failure to thrive (HP:0001508), Short stature (HP:0004322)-Short stature (HP:0004322), 	Proximity to SLC4A1 Nephrocalcinosis (HP:0000121)-nephrocalcinosis (MP:0003197), Failure to thrive (HP:0001508)-slow postnatal weight gain (MP:0008489), Small for gestational age (HP:0001518)-weight loss (MP:0001263), Premature birth (HP:0001622)-postnatal growth retardation (MP:0001732), Skeletal muscle atrophy (HP:0003202)-kidney medulla atrophy (MP:0011422), Short stature (HP:0004322)-slow postnatal weight gain (MP:0008489), 	Proximity to SLC4A1 Failure to thrive (HP:0001508)-blood circulation decreased rate, abnormal (ZP:0001531), Rhabdomyosarcoma (HP:0002859)-myofibril cardiac muscle cell disorganized, abnormal (ZP:0001545), Skeletal muscle atrophy (HP:0003202)-cardiac muscle cell decreased size, abnormal (ZP:0001543), 
487	SIGLEC5_AR	SIGLEC5	8778	AR	0.8109	0.0006	0.5000	0.0665	0.0000	0.0000	0.0000	0.5000	0.5000	1.0000	0				Proximity to GALNT3 associated with Tumoral calcinosis, hyperphosphatemic, familial, 1 (OMIM:211900): Nephrocalcinosis (HP:0000121)-Nephrocalcinosis (HP:0000121), Skeletal muscle atrophy (HP:0003202)-Calcinosis (HP:0003761), 	Proximity to GALNT3 Nephrocalcinosis (HP:0000121)-nephrocalcinosis (MP:0003197), Rhabdomyosarcoma (HP:0002859)-calcified muscle (MP:0003199), Skeletal muscle atrophy (HP:0003202)-calcified muscle (MP:0003199), 	
487	OR4M2B_AD	OR4M2B	118568804	AD	0.8115	0.0006	0.4794	0.0892	0.0000	0.4794	0.0000	0.0000	0.4794	1.0000	0		Failure to thrive (HP:0001508)-decreased body weight (MP:0001262), Small for gestational age (HP:0001518)-decreased body weight (MP:0001262), Premature birth (HP:0001622)-decreased fertilization frequency (MP:0009647), Skeletal muscle atrophy (HP:0003202)-decreased body weight (MP:0001262), Short stature (HP:0004322)-decreased body weight (MP:0001262), 				
487	OR51A2_AD	OR51A2	401667	AD	0.8124	0.0006	0.5000	0.0650	0.0000	0.0000	0.0000	0.5000	0.5000	1.0000	0				Proximity to MEFV associated with Familial Mediterranean fever (ORPHA:342): Nephrocalcinosis (HP:0000121)-Nephrocalcinosis (HP:0000121), Premature birth (HP:0001622)-Orchitis (HP:0100796), 	Proximity to MEFV Failure to thrive (HP:0001508)-postnatal growth retardation (MP:0001732), Small for gestational age (HP:0001518)-decreased body weight (MP:0001262), Premature birth (HP:0001622)-postnatal growth retardation (MP:0001732), Skeletal muscle atrophy (HP:0003202)-decreased body size (MP:0001265), Short stature (HP:0004322)-decreased body size (MP:0001265), 	
502	HCAR3_AD	HCAR3	8843	AD	0.8141	0.0005	0.5010	0.0620	0.0000	0.2521	0.0000	0.5010	0.5010	1.0000	0		Nephrocalcinosis (HP:0000121)-abnormal urinary bladder morphology (MP:0000538), 		Proximity to OXGR1 associated with Nephrolithiasis, calcium oxalate, 2, with nephrocalcinosis (OMIM:620374): Nephrocalcinosis (HP:0000121)-Nephrocalcinosis (HP:0000121), 	Proximity to OXGR1 Nephrocalcinosis (HP:0000121)-decreased urine pH (MP:0009350), 	
502	POM121_AD	POM121	9883	AD	0.8142	0.0005	0.5008	0.0622	0.0000	0.0000	0.0000	0.5008	0.5008	1.0000	0				Proximity to LYN associated with Autoinflammatory disease, systemic, with vasculitis (OMIM:620376): Nephrocalcinosis (HP:0000121)-Hepatic calcification (HP:0006559), Failure to thrive (HP:0001508)-Failure to thrive (HP:0001508), Small for gestational age (HP:0001518)-Failure to thrive (HP:0001508), Premature birth (HP:0001622)-Premature birth (HP:0001622), Short stature (HP:0004322)-Intrauterine growth retardation (HP:0001511), 	Proximity to LYN Nephrocalcinosis (HP:0000121)-renal glomerulus hypertrophy (MP:0011294), 	
502	PRAMEF18_AD	PRAMEF18	391003	AD	0.8149	0.0005	0.3901	0.1868	0.0000	0.3901	0.0000	0.0000	0.3901	1.0000	0		Nephrocalcinosis (HP:0000121)-abnormal kidney morphology (MP:0002135), Skeletal muscle atrophy (HP:0003202)-small heart (MP:0002188), Short stature (HP:0004322)-small heart (MP:0002188), 				
502	USP17L1_AR	USP17L1	401447	AR	0.8213	0.0005	0.3630	0.2107	0.0000	0.3630	0.0000	0.0000	0.3630	1.0000	0		Failure to thrive (HP:0001508)-increased body weight (MP:0001260), Small for gestational age (HP:0001518)-increased body weight (MP:0001260), Premature birth (HP:0001622)-asthenozoospermia (MP:0002675), Skeletal muscle atrophy (HP:0003202)-decreased testis weight (MP:0004852), Short stature (HP:0004322)-increased body weight (MP:0001260), 				
502	MUC5B_AD	MUC5B	727897	AD	0.8223	0.0005	0.4598	0.1000	0.0000	0.4598	0.0000	0.0000	0.4598	1.0000	0		Failure to thrive (HP:0001508)-postnatal growth retardation (MP:0001732), Small for gestational age (HP:0001518)-postnatal growth retardation (MP:0001732), Premature birth (HP:0001622)-postnatal growth retardation (MP:0001732), Short stature (HP:0004322)-postnatal growth retardation (MP:0001732), 				
502	LILRA2_AR	LILRA2	11027	AR	0.8242	0.0005	0.0000	0.6185	0.0000	0.0000	0.0000	0.0000	0.0000	1.0000	0						
502	DNAH10_AD	DNAH10	196385	AD	0.8276	0.0005	0.2500	0.3318	0.2548	0.2444	0.0000	0.5001	0.5001	0.5000	0	Spermatogenic failure 56 (OMIM:619515): Nephrocalcinosis (HP:0000121)-Irregularly shaped sperm tail (HP:0033393), Premature birth (HP:0001622)-Reduced sperm motility (HP:0012207), 	Failure to thrive (HP:0001508)-immotile sperm (MP:0020869), Small for gestational age (HP:0001518)-immotile sperm (MP:0020869), Premature birth (HP:0001622)-immotile sperm (MP:0020869), Short stature (HP:0004322)-immotile sperm (MP:0020869), 		Proximity to MC1R associated with Large congenital melanocytic nevus (ORPHA:626): Rhabdomyosarcoma (HP:0002859)-Rhabdomyosarcoma (HP:0002859), 	Proximity to MC1R Failure to thrive (HP:0001508)-hyperpigmentation (MP:0001188), Small for gestational age (HP:0001518)-hyperpigmentation (MP:0001188), Premature birth (HP:0001622)-hyperpigmentation (MP:0001188), Short stature (HP:0004322)-hyperpigmentation (MP:0001188), 	
502	LRRC37A2_AR	LRRC37A2	9884	AR	0.8287	0.0005	0.0000	0.6136	0.0000	0.0000	0.0000	0.0000	0.0000	1.0000	0						
510	PRAMEF18_AR	PRAMEF18	391003	AR	0.8345	0.0004	0.3901	0.1658	0.0000	0.3901	0.0000	0.0000	0.3901	1.0000	0		Nephrocalcinosis (HP:0000121)-abnormal kidney morphology (MP:0002135), Skeletal muscle atrophy (HP:0003202)-small heart (MP:0002188), Short stature (HP:0004322)-small heart (MP:0002188), 				
510	NBPF8_AD	NBPF8	728841	AD	0.8412	0.0004	0.0000	0.6000	0.0000	0.0000	0.0000	0.0000	0.0000	1.0000	0						
510	NBPF8_AR	NBPF8	728841	AR	0.8412	0.0004	0.0000	0.6000	0.0000	0.0000	0.0000	0.0000	0.0000	1.0000	0						
510	SPDYE10_AD	SPDYE10	643862	AD	0.8412	0.0004	0.0000	0.6000	0.0000	0.0000	0.0000	0.0000	0.0000	1.0000	0						
510	ZC3H11C_AD	ZC3H11C	441155	AD	0.8412	0.0004	0.0000	0.6000	0.0000	0.0000	0.0000	0.0000	0.0000	1.0000	0						
510	ZC3H11C_AR	ZC3H11C	441155	AR	0.8412	0.0004	0.0000	0.6000	0.0000	0.0000	0.0000	0.0000	0.0000	1.0000	0						
510	PRODH_AR	PRODH	5625	AR	0.8413	0.0004	0.4417	0.1000	0.2944	0.4417	0.0000	0.0000	0.4417	1.0000	0	Hyperprolinemia type 1 (ORPHA:419): Nephrocalcinosis (HP:0000121)-Nephropathy (HP:0000112), 	Failure to thrive (HP:0001508)-decreased body weight (MP:0001262), Small for gestational age (HP:0001518)-decreased body weight (MP:0001262), Premature birth (HP:0001622)-increased startle reflex (MP:0001488), Skeletal muscle atrophy (HP:0003202)-decreased body weight (MP:0001262), Short stature (HP:0004322)-decreased body weight (MP:0001262), 				
510	PRODH_AD	PRODH	5625	AD	0.8414	0.0004	0.4417	0.0999	0.2944	0.4417	0.0000	0.0000	0.4417	1.0000	0	Hyperprolinemia type 1 (ORPHA:419): Nephrocalcinosis (HP:0000121)-Nephropathy (HP:0000112), 	Failure to thrive (HP:0001508)-decreased body weight (MP:0001262), Small for gestational age (HP:0001518)-decreased body weight (MP:0001262), Premature birth (HP:0001622)-increased startle reflex (MP:0001488), Skeletal muscle atrophy (HP:0003202)-decreased body weight (MP:0001262), Short stature (HP:0004322)-decreased body weight (MP:0001262), 				
510	RPSA2_AD	RPSA2	388524	AD	0.8415	0.0004	0.0000	0.5997	0.0000	0.0000	0.0000	0.0000	0.0000	1.0000	0						
510	FBXL4_AD	FBXL4	26235	AD	0.8418	0.0004	0.2502	0.3162	0.6770	0.4261	0.0000	0.5004	0.6770	0.5000	0	Mitochondrial DNA depletion syndrome 13 (encephalomyopathic type) (OMIM:615471): Nephrocalcinosis (HP:0000121)-Renal tubular acidosis (HP:0001947), Failure to thrive (HP:0001508)-Failure to thrive (HP:0001508), Small for gestational age (HP:0001518)-Small for gestational age (HP:0001518), Skeletal muscle atrophy (HP:0003202)-Skeletal muscle atrophy (HP:0003202), Short stature (HP:0004322)-Growth delay (HP:0001510), 	Failure to thrive (HP:0001508)-decreased body weight (MP:0001262), Small for gestational age (HP:0001518)-decreased body weight (MP:0001262), Skeletal muscle atrophy (HP:0003202)-decreased body weight (MP:0001262), Short stature (HP:0004322)-decreased body weight (MP:0001262), 		Proximity to TRAF7 associated with Cardiac, facial, and digital anomalies with developmental delay (OMIM:618164): Failure to thrive (HP:0001508)-Decreased body weight (HP:0004325), Small for gestational age (HP:0001518)-Decreased body weight (HP:0004325), Premature birth (HP:0001622)-Premature birth (HP:0001622), Skeletal muscle atrophy (HP:0003202)-Joint contracture (HP:0034392), Short stature (HP:0004322)-Short stature (HP:0004322), 		
510	FAM86B1_AR	FAM86B1	85002	AR	0.8426	0.0004	0.0000	0.5985	0.0000	0.0000	0.0000	0.0000	0.0000	1.0000	0						
510	KRT6B_AR	KRT6B	3854	AR	0.8432	0.0004	0.2530	0.3115	0.4550	0.5059	0.0000	0.0000	0.5059	0.5000	0	Pachyonychia congenita (ORPHA:2309): Failure to thrive (HP:0001508)-Failure to thrive (HP:0001508), Small for gestational age (HP:0001518)-Failure to thrive (HP:0001508), 	Failure to thrive (HP:0001508)-postnatal growth retardation (MP:0001732), Small for gestational age (HP:0001518)-decreased body weight (MP:0001262), Premature birth (HP:0001622)-postnatal growth retardation (MP:0001732), Skeletal muscle atrophy (HP:0003202)-decreased body weight (MP:0001262), Short stature (HP:0004322)-postnatal growth retardation (MP:0001732), 				
510	DUX4_AD	DUX4	100288687	AD	0.8443	0.0004	0.4388	0.1000	0.4388	0.0000	0.0000	0.0000	0.4388	1.0000	0	Facioscapulohumeral dystrophy (ORPHA:269): Skeletal muscle atrophy (HP:0003202)-Skeletal muscle atrophy (HP:0003202), 					
510	DNAH17_AR	DNAH17	8632	AR	0.8456	0.0004	0.2516	0.3104	0.2506	0.2516	0.0000	0.0000	0.2516	1.0000	0	Spermatogenic failure 39 (OMIM:618643): Nephrocalcinosis (HP:0000121)-Coiled sperm flagella (HP:0032560), Premature birth (HP:0001622)-Reduced sperm motility (HP:0012207), 	Failure to thrive (HP:0001508)-asthenozoospermia (MP:0002675), Small for gestational age (HP:0001518)-asthenozoospermia (MP:0002675), Premature birth (HP:0001622)-asthenozoospermia (MP:0002675), Short stature (HP:0004322)-asthenozoospermia (MP:0002675), 				
510	SPATA31A1_AR	SPATA31A1	647060	AR	0.8468	0.0004	0.5000	0.0280	0.0000	0.0000	0.0000	0.5000	0.5000	1.0000	0				Proximity to MC1R associated with Large congenital melanocytic nevus (ORPHA:626): Rhabdomyosarcoma (HP:0002859)-Rhabdomyosarcoma (HP:0002859), 	Proximity to MC1R Failure to thrive (HP:0001508)-hyperpigmentation (MP:0001188), Small for gestational age (HP:0001518)-hyperpigmentation (MP:0001188), Premature birth (HP:0001622)-hyperpigmentation (MP:0001188), Short stature (HP:0004322)-hyperpigmentation (MP:0001188), 	
510	GPR42_AD	GPR42	2866	AD	0.8511	0.0004	0.4320	0.1000	0.0000	0.4320	0.0000	0.0000	0.4320	1.0000	0		Failure to thrive (HP:0001508)-decreased body weight (MP:0001262), Small for gestational age (HP:0001518)-decreased body weight (MP:0001262), Skeletal muscle atrophy (HP:0003202)-decreased body weight (MP:0001262), Short stature (HP:0004322)-decreased body weight (MP:0001262), 				
510	BTBD16_AD	BTBD16	118663	AD	0.8531	0.0004	0.1739	0.3898	0.0000	0.1739	0.0000	0.0000	0.1739	1.0000	0		Failure to thrive (HP:0001508)-increased spleen weight (MP:0004952), Small for gestational age (HP:0001518)-increased spleen weight (MP:0004952), 				
510	SYNE2_AR	SYNE2	23224	AR	0.8574	0.0004	0.2507	0.2983	0.5018	0.1915	0.0000	0.5014	0.5018	0.5000	0	Autosomal dominant Emery-Dreifuss muscular dystrophy (ORPHA:98853): Failure to thrive (HP:0001508)-Obesity (HP:0001513), Small for gestational age (HP:0001518)-Obesity (HP:0001513), Skeletal muscle atrophy (HP:0003202)-Limb-girdle muscular dystrophy (HP:0006785), 	Skeletal muscle atrophy (HP:0003202)-thin retina outer plexiform layer (MP:0008519), Short stature (HP:0004322)-thin retina outer plexiform layer (MP:0008519), 		Proximity to STAG1 associated with Intellectual developmental disorder, autosomal dominant 47 (OMIM:617635): Nephrocalcinosis (HP:0000121)-Cryptorchidism (HP:0000028), Failure to thrive (HP:0001508)-Small for gestational age (HP:0001518), Small for gestational age (HP:0001518)-Small for gestational age (HP:0001518), Premature birth (HP:0001622)-Increased nuchal translucency (HP:0010880), Skeletal muscle atrophy (HP:0003202)-Cerebral atrophy (HP:0002059), Short stature (HP:0004322)-Intrauterine growth retardation (HP:0001511), 	Proximity to STAG1 Nephrocalcinosis (HP:0000121)-abnormal kidney collecting duct morphology (MP:0004754), Failure to thrive (HP:0001508)-delayed intramembranous bone ossification (MP:0003420), Small for gestational age (HP:0001518)-delayed intramembranous bone ossification (MP:0003420), Premature birth (HP:0001622)-decreased fetal size (MP:0004200), Rhabdomyosarcoma (HP:0002859)-abnormal muscle morphology (MP:0002108), Skeletal muscle atrophy (HP:0003202)-abnormal muscle morphology (MP:0002108), Short stature (HP:0004322)-delayed intramembranous bone ossification (MP:0003420), 	
528	USP17L4_AD	USP17L4	392188	AD	0.8594	0.0003	0.3630	0.1689	0.0000	0.3630	0.0000	0.0000	0.3630	1.0000	0		Failure to thrive (HP:0001508)-increased body weight (MP:0001260), Small for gestational age (HP:0001518)-increased body weight (MP:0001260), Premature birth (HP:0001622)-asthenozoospermia (MP:0002675), Skeletal muscle atrophy (HP:0003202)-decreased testis weight (MP:0004852), Short stature (HP:0004322)-increased body weight (MP:0001260), 				
528	GBP3_AD	GBP3	2635	AD	0.8622	0.0003	0.4212	0.0999	0.0000	0.4212	0.0000	0.0000	0.4212	1.0000	0		Failure to thrive (HP:0001508)-weight loss (MP:0001263), Small for gestational age (HP:0001518)-weight loss (MP:0001263), Skeletal muscle atrophy (HP:0003202)-weight loss (MP:0001263), Short stature (HP:0004322)-weight loss (MP:0001263), 				
528	GPR42_AR	GPR42	2866	AR	0.8676	0.0003	0.4320	0.0812	0.0000	0.4320	0.0000	0.0000	0.4320	1.0000	0		Failure to thrive (HP:0001508)-decreased body weight (MP:0001262), Small for gestational age (HP:0001518)-decreased body weight (MP:0001262), Skeletal muscle atrophy (HP:0003202)-decreased body weight (MP:0001262), Short stature (HP:0004322)-decreased body weight (MP:0001262), 				
528	IFI16_AD	IFI16	3428	AD	0.8714	0.0003	0.2039	0.3323	0.0000	0.2039	0.0000	0.0000	0.2039	1.0000	0		Short stature (HP:0004322)-abnormal embryo size (MP:0001697), 				
528	FRG2B_AR	FRG2B	441581	AR	0.8751	0.0003	0.0000	0.5500	0.0000	0.0000	0.0000	0.0000	0.0000	1.0000	0						
528	EPS8_AD	EPS8	2059	AD	0.8756	0.0003	0.2519	0.2632	0.0000	0.4404	0.0000	0.5038	0.5038	0.5000	0		Failure to thrive (HP:0001508)-decreased body weight (MP:0001262), Small for gestational age (HP:0001518)-decreased body weight (MP:0001262), Premature birth (HP:0001622)-increased vertical activity (MP:0002574), Skeletal muscle atrophy (HP:0003202)-decreased body weight (MP:0001262), Short stature (HP:0004322)-decreased body weight (MP:0001262), 		Proximity to PIK3C2A associated with Oculoskeletodental syndrome (OMIM:618440): Nephrocalcinosis (HP:0000121)-Renal agenesis (HP:0000104), Failure to thrive (HP:0001508)-Small for gestational age (HP:0001518), Small for gestational age (HP:0001518)-Small for gestational age (HP:0001518), Premature birth (HP:0001622)-Cryptorchidism (HP:0000028), Skeletal muscle atrophy (HP:0003202)-Macroglossia (HP:0000158), Short stature (HP:0004322)-Short stature (HP:0004322), 	Proximity to PIK3C2A Nephrocalcinosis (HP:0000121)-abnormal kidney morphology (MP:0002135), Failure to thrive (HP:0001508)-postnatal growth retardation (MP:0001732), Small for gestational age (HP:0001518)-decreased body weight (MP:0001262), Premature birth (HP:0001622)-postnatal growth retardation (MP:0001732), Skeletal muscle atrophy (HP:0003202)-decreased body size (MP:0001265), Short stature (HP:0004322)-decreased body size (MP:0001265), 	
528	USP17L4_AR	USP17L4	392188	AR	0.8765	0.0003	0.3630	0.1345	0.0000	0.3630	0.0000	0.0000	0.3630	1.0000	0		Failure to thrive (HP:0001508)-increased body weight (MP:0001260), Small for gestational age (HP:0001518)-increased body weight (MP:0001260), Premature birth (HP:0001622)-asthenozoospermia (MP:0002675), Skeletal muscle atrophy (HP:0003202)-decreased testis weight (MP:0004852), Short stature (HP:0004322)-increased body weight (MP:0001260), 				
535	ZNF304_AD	ZNF304	57343	AD	0.8808	0.0002	0.0000	0.5301	0.0000	0.0000	0.0000	0.0000	0.0000	1.0000	0						
535	CGB3_AD	CGB3	1082	AD	0.8809	0.0002	0.3797	0.1000	0.0000	0.3797	0.0000	0.0000	0.3797	1.0000	0		Nephrocalcinosis (HP:0000121)-small bulbourethral gland (MP:0013737), Failure to thrive (HP:0001508)-arrest of spermatogenesis (MP:0001155), Small for gestational age (HP:0001518)-arrest of spermatogenesis (MP:0001155), Premature birth (HP:0001622)-arrest of spermatogenesis (MP:0001155), Skeletal muscle atrophy (HP:0003202)-small gonad (MP:0001116), Short stature (HP:0004322)-small gonad (MP:0001116), 				
535	CGB3_AR	CGB3	1082	AR	0.8809	0.0002	0.3797	0.1000	0.0000	0.3797	0.0000	0.0000	0.3797	1.0000	0		Nephrocalcinosis (HP:0000121)-small bulbourethral gland (MP:0013737), Failure to thrive (HP:0001508)-arrest of spermatogenesis (MP:0001155), Small for gestational age (HP:0001518)-arrest of spermatogenesis (MP:0001155), Premature birth (HP:0001622)-arrest of spermatogenesis (MP:0001155), Skeletal muscle atrophy (HP:0003202)-small gonad (MP:0001116), Short stature (HP:0004322)-small gonad (MP:0001116), 				
535	ZNG1F_AD	ZNG1F	644019	AD	0.8824	0.0002	0.3751	0.1000	0.0000	0.3751	0.0000	0.0000	0.3751	1.0000	0		Nephrocalcinosis (HP:0000121)-abnormal kidney interstitium morphology (MP:0011425), 				
535	C4A_AR	C4A	720	AR	0.8838	0.0002	0.3356	0.1400	0.4969	0.3356	0.0000	0.0000	0.4969	1.0000	0	Behçet disease (ORPHA:117): Nephrocalcinosis (HP:0000121)-Glomerulopathy (HP:0100820), Failure to thrive (HP:0001508)-Weight loss (HP:0001824), Small for gestational age (HP:0001518)-Weight loss (HP:0001824), Premature birth (HP:0001622)-Orchitis (HP:0100796), Skeletal muscle atrophy (HP:0003202)-Myositis (HP:0100614), 	Nephrocalcinosis (HP:0000121)-abnormal renal glomerulus morphology (MP:0005325), Failure to thrive (HP:0001508)-increased spleen weight (MP:0004952), Small for gestational age (HP:0001518)-increased spleen weight (MP:0004952), 				
535	NLRP6_AD	NLRP6	171389	AD	0.8843	0.0002	0.3879	0.0788	0.0000	0.3879	0.0000	0.0000	0.3879	1.0000	0		Failure to thrive (HP:0001508)-increased susceptibility to weight loss (MP:0010180), Small for gestational age (HP:0001518)-increased susceptibility to weight loss (MP:0010180), Premature birth (HP:0001622)-impaired wound healing (MP:0001792), Skeletal muscle atrophy (HP:0003202)-decreased colon length (MP:0013956), Short stature (HP:0004322)-increased susceptibility to weight loss (MP:0010180), 				
535	TTLL5_AD	TTLL5	23093	AD	0.8854	0.0002	0.2500	0.2311	0.0000	0.3565	0.0000	0.5000	0.5000	0.5000	0		Failure to thrive (HP:0001508)-decreased fertilization frequency (MP:0009647), Small for gestational age (HP:0001518)-decreased fertilization frequency (MP:0009647), Premature birth (HP:0001622)-decreased fertilization frequency (MP:0009647), Short stature (HP:0004322)-decreased fertilization frequency (MP:0009647), 		Proximity to ABCB4 associated with Intrahepatic cholestasis of pregnancy (ORPHA:69665): Failure to thrive (HP:0001508)-Small for gestational age (HP:0001518), Small for gestational age (HP:0001518)-Small for gestational age (HP:0001518), Premature birth (HP:0001622)-Premature birth (HP:0001622), 	Proximity to ABCB4 Failure to thrive (HP:0001508)-weight loss (MP:0001263), Small for gestational age (HP:0001518)-weight loss (MP:0001263), Skeletal muscle atrophy (HP:0003202)-weight loss (MP:0001263), Short stature (HP:0004322)-weight loss (MP:0001263), 	
535	HBG1_AR	HBG1	3047	AR	0.8858	0.0002	0.2501	0.2300	0.0000	0.0000	0.0000	0.5001	0.5001	0.5000	0				Proximity to GATA1 associated with Diamond-Blackfan anemia (ORPHA:124): Nephrocalcinosis (HP:0000121)-Horseshoe kidney (HP:0000085), Failure to thrive (HP:0001508)-Small for gestational age (HP:0001518), Small for gestational age (HP:0001518)-Small for gestational age (HP:0001518), Premature birth (HP:0001622)-Nonimmune hydrops fetalis (HP:0001790), Rhabdomyosarcoma (HP:0002859)-Osteosarcoma (HP:0002669), Skeletal muscle atrophy (HP:0003202)-Abnormality of the thenar eminence (HP:0001227), Short stature (HP:0004322)-Short stature (HP:0004322), 	Proximity to GATA1 Skeletal muscle atrophy (HP:0003202)-decreased embryo size (MP:0001698), Short stature (HP:0004322)-decreased embryo size (MP:0001698), 	Proximity to GATA1 Rhabdomyosarcoma (HP:0002859)-vascular associated smooth muscle cell dorsal aorta absent, abnormal (ZP:0101698), Skeletal muscle atrophy (HP:0003202)-vascular associated smooth muscle cell dorsal aorta absent, abnormal (ZP:0101698), 
535	TNXB_AD	TNXB	7148	AD	0.8860	0.0002	0.3641	0.1000	0.5141	0.0000	0.0000	0.0000	0.5141	1.0000	0	Ehlers-Danlos syndrome, classic-like, 1 (OMIM:606408): Nephrocalcinosis (HP:0000121)-Unilateral renal agenesis (HP:0000122), Skeletal muscle atrophy (HP:0003202)-Proximal amyotrophy (HP:0007126), 					
535	GPR155_AD	GPR155	151556	AD	0.8860	0.0002	0.3641	0.1000	0.0000	0.3641	0.0000	0.0000	0.3641	1.0000	0		Nephrocalcinosis (HP:0000121)-abnormal kidney morphology (MP:0002135), Skeletal muscle atrophy (HP:0003202)-small seminal vesicle (MP:0001157), Short stature (HP:0004322)-small seminal vesicle (MP:0001157), 				
535	PSG6_AR	PSG6	5675	AR	0.8862	0.0002	0.3737	0.0882	0.0000	0.3737	0.0000	0.0000	0.3737	1.0000	0		Failure to thrive (HP:0001508)-obese (MP:0001261), Small for gestational age (HP:0001518)-obese (MP:0001261), Rhabdomyosarcoma (HP:0002859)-decreased muscle cell glucose uptake (MP:0030022), Skeletal muscle atrophy (HP:0003202)-increased skeletal muscle triglyceride level (MP:0031415), Short stature (HP:0004322)-obese (MP:0001261), 				
535	USP17L10_AR	USP17L10	100287144	AR	0.8863	0.0002	0.3630	0.1000	0.0000	0.3630	0.0000	0.0000	0.3630	1.0000	0		Failure to thrive (HP:0001508)-increased body weight (MP:0001260), Small for gestational age (HP:0001518)-increased body weight (MP:0001260), Premature birth (HP:0001622)-asthenozoospermia (MP:0002675), Skeletal muscle atrophy (HP:0003202)-decreased testis weight (MP:0004852), Short stature (HP:0004322)-increased body weight (MP:0001260), 				
535	USP17L17_AD	USP17L17	100287327	AD	0.8863	0.0002	0.3630	0.1000	0.0000	0.3630	0.0000	0.0000	0.3630	1.0000	0		Failure to thrive (HP:0001508)-increased body weight (MP:0001260), Small for gestational age (HP:0001518)-increased body weight (MP:0001260), Premature birth (HP:0001622)-asthenozoospermia (MP:0002675), Skeletal muscle atrophy (HP:0003202)-decreased testis weight (MP:0004852), Short stature (HP:0004322)-increased body weight (MP:0001260), 				
535	USP17L3_AR	USP17L3	401447	AR	0.8863	0.0002	0.3630	0.1000	0.0000	0.3630	0.0000	0.0000	0.3630	1.0000	0		Failure to thrive (HP:0001508)-increased body weight (MP:0001260), Small for gestational age (HP:0001518)-increased body weight (MP:0001260), Premature birth (HP:0001622)-asthenozoospermia (MP:0002675), Skeletal muscle atrophy (HP:0003202)-decreased testis weight (MP:0004852), Short stature (HP:0004322)-increased body weight (MP:0001260), 				
535	USP17L8_AR	USP17L8	392188	AR	0.8863	0.0002	0.3630	0.1000	0.0000	0.3630	0.0000	0.0000	0.3630	1.0000	0		Failure to thrive (HP:0001508)-increased body weight (MP:0001260), Small for gestational age (HP:0001518)-increased body weight (MP:0001260), Premature birth (HP:0001622)-asthenozoospermia (MP:0002675), Skeletal muscle atrophy (HP:0003202)-decreased testis weight (MP:0004852), Short stature (HP:0004322)-increased body weight (MP:0001260), 				
535	IZUMO4_AR	IZUMO4	113177	AR	0.8874	0.0002	0.0000	0.5064	0.0000	0.0000	0.0000	0.0000	0.0000	1.0000	0						
535	USP17L17_AR	USP17L17	100287327	AR	0.8883	0.0002	0.3630	0.0926	0.0000	0.3630	0.0000	0.0000	0.3630	1.0000	0		Failure to thrive (HP:0001508)-increased body weight (MP:0001260), Small for gestational age (HP:0001518)-increased body weight (MP:0001260), Premature birth (HP:0001622)-asthenozoospermia (MP:0002675), Skeletal muscle atrophy (HP:0003202)-decreased testis weight (MP:0004852), Short stature (HP:0004322)-increased body weight (MP:0001260), 				
535	MEAK7_AD	MEAK7	57707	AD	0.8898	0.0002	0.0000	0.4982	0.0000	0.0000	0.0000	0.0000	0.0000	1.0000	0						
535	USP17L11_AD	USP17L11	100287178	AD	0.8902	0.0002	0.3630	0.0858	0.0000	0.3630	0.0000	0.0000	0.3630	1.0000	0		Failure to thrive (HP:0001508)-increased body weight (MP:0001260), Small for gestational age (HP:0001518)-increased body weight (MP:0001260), Premature birth (HP:0001622)-asthenozoospermia (MP:0002675), Skeletal muscle atrophy (HP:0003202)-decreased testis weight (MP:0004852), Short stature (HP:0004322)-increased body weight (MP:0001260), 				
535	KL_AD	KL	9365	AD	0.8913	0.0002	0.3478	0.0990	0.4106	0.6957	0.0000	0.5029	0.6957	0.5000	0	?Tumoral calcinosis, hyperphosphatemic, familial, 3 (OMIM:617994): Nephrocalcinosis (HP:0000121)-Nephrolithiasis (HP:0000787), Skeletal muscle atrophy (HP:0003202)-Achilles tendon calcification (HP:0025441), 	Nephrocalcinosis (HP:0000121)-nephrocalcinosis (MP:0003197), Failure to thrive (HP:0001508)-postnatal growth retardation (MP:0001732), Small for gestational age (HP:0001518)-postnatal growth retardation (MP:0001732), Premature birth (HP:0001622)-postnatal growth retardation (MP:0001732), Skeletal muscle atrophy (HP:0003202)-skin atrophy (MP:0030584), Short stature (HP:0004322)-short malleus manubrium (MP:0008375), 		Proximity to GALNT3 associated with Tumoral calcinosis, hyperphosphatemic, familial, 1 (OMIM:211900): Nephrocalcinosis (HP:0000121)-Nephrocalcinosis (HP:0000121), Skeletal muscle atrophy (HP:0003202)-Calcinosis (HP:0003761), 	Proximity to GALNT3 Nephrocalcinosis (HP:0000121)-nephrocalcinosis (MP:0003197), Rhabdomyosarcoma (HP:0002859)-calcified muscle (MP:0003199), Skeletal muscle atrophy (HP:0003202)-calcified muscle (MP:0003199), 	
535	BRD9_AD	BRD9	65980	AD	0.8918	0.0002	0.3174	0.1316	0.0000	0.3174	0.0000	0.0000	0.3174	1.0000	0		Nephrocalcinosis (HP:0000121)-enlarged urinary bladder (MP:0011874), Skeletal muscle atrophy (HP:0003202)-small adrenal glands (MP:0002768), Short stature (HP:0004322)-small adrenal glands (MP:0002768), 				
535	SIK1_AR	SIK1	150094	AR	0.8920	0.0002	0.2535	0.2030	0.5949	0.4261	0.0000	0.5070	0.5949	0.5000	0	Early infantile epileptic encephalopathy (ORPHA:1934): Nephrocalcinosis (HP:0000121)-Renal dysplasia (HP:0000110), Failure to thrive (HP:0001508)-Failure to thrive (HP:0001508), Small for gestational age (HP:0001518)-Failure to thrive (HP:0001508), Premature birth (HP:0001622)-Precocious puberty (HP:0000826), Skeletal muscle atrophy (HP:0003202)-Cerebellar atrophy (HP:0001272), Short stature (HP:0004322)-Delayed myelination (HP:0012448), 	Failure to thrive (HP:0001508)-decreased body weight (MP:0001262), Small for gestational age (HP:0001518)-decreased body weight (MP:0001262), Skeletal muscle atrophy (HP:0003202)-decreased body weight (MP:0001262), Short stature (HP:0004322)-decreased body weight (MP:0001262), 		Proximity to STRADA associated with Polyhydramnios, megalencephaly, and symptomatic epilepsy (OMIM:611087): Nephrocalcinosis (HP:0000121)-Nephrocalcinosis (HP:0000121), Failure to thrive (HP:0001508)-Slender build (HP:0001533), Small for gestational age (HP:0001518)-Slender build (HP:0001533), Premature birth (HP:0001622)-Premature birth (HP:0001622), Skeletal muscle atrophy (HP:0003202)-Facial hypotonia (HP:0000297), Short stature (HP:0004322)-Slender build (HP:0001533), 	Proximity to STRADA Failure to thrive (HP:0001508)-decreased locomotor activity (MP:0001402), Small for gestational age (HP:0001518)-decreased locomotor activity (MP:0001402), Premature birth (HP:0001622)-decreased locomotor activity (MP:0001402), Rhabdomyosarcoma (HP:0002859)-hypotonia (MP:0004144), Skeletal muscle atrophy (HP:0003202)-hypotonia (MP:0004144), Short stature (HP:0004322)-decreased body size (MP:0001265), 	
557	LILRB3_AR	LILRB3	11025	AR	0.8939	0.0001	0.0000	0.4829	0.0000	0.0000	0.0000	0.0000	0.0000	1.0000	0						
557	NBPF9_AD	NBPF9	400818	AD	0.8942	0.0001	0.0000	0.4818	0.0000	0.0000	0.0000	0.0000	0.0000	1.0000	0						
557	ZFYVE26_AD	ZFYVE26	23503	AD	0.8952	0.0001	0.2572	0.1870	0.4868	0.5145	0.2759	0.0000	0.5145	0.5000	0	Spastic paraplegia 15, autosomal recessive (OMIM:270700): Nephrocalcinosis (HP:0000121)-Urinary bladder sphincter dysfunction (HP:0002839), Skeletal muscle atrophy (HP:0003202)-Distal amyotrophy (HP:0003693), 	Nephrocalcinosis (HP:0000121)-enlarged urinary bladder (MP:0011874), Failure to thrive (HP:0001508)-decreased body weight (MP:0001262), Small for gestational age (HP:0001518)-decreased body weight (MP:0001262), Premature birth (HP:0001622)-impaired coordination (MP:0001405), Skeletal muscle atrophy (HP:0003202)-brain atrophy (MP:0012506), Short stature (HP:0004322)-decreased body weight (MP:0001262), 	Premature birth (HP:0001622)-cortical granule exocytosis decreased process quality, abnormal (ZP:0011561), 			
557	TAS2R19_AD	TAS2R19	259294	AD	0.8975	0.0001	0.0000	0.4698	0.0000	0.0000	0.0000	0.0000	0.0000	1.0000	0						
557	FCGR3A_AD	FCGR3A	2214	AD	0.8985	0.0001	0.2505	0.1827	0.0000	0.0000	0.0000	0.5009	0.5009	0.5000	0				Proximity to LYN associated with Autoinflammatory disease, systemic, with vasculitis (OMIM:620376): Nephrocalcinosis (HP:0000121)-Hepatic calcification (HP:0006559), Failure to thrive (HP:0001508)-Failure to thrive (HP:0001508), Small for gestational age (HP:0001518)-Failure to thrive (HP:0001508), Premature birth (HP:0001622)-Premature birth (HP:0001622), Short stature (HP:0004322)-Intrauterine growth retardation (HP:0001511), 	Proximity to LYN Nephrocalcinosis (HP:0000121)-renal glomerulus hypertrophy (MP:0011294), 	
557	TRIM74_AR	TRIM74	378108	AR	0.8987	0.0001	0.2628	0.1680	0.0000	0.2628	0.0000	0.0000	0.2628	1.0000	0		Failure to thrive (HP:0001508)-decreased spleen weight (MP:0004953), Small for gestational age (HP:0001518)-decreased spleen weight (MP:0004953), Skeletal muscle atrophy (HP:0003202)-decreased spleen weight (MP:0004953), Short stature (HP:0004322)-decreased spleen weight (MP:0004953), 				
557	TRIM43_AD	TRIM43	129868	AD	0.9018	0.0001	0.0000	0.4538	0.0000	0.0000	0.0000	0.0000	0.0000	1.0000	0						
557	FAM90A10_AR	FAM90A10	441328	AR	0.9019	0.0001	0.0000	0.4533	0.0000	0.0000	0.0000	0.0000	0.0000	1.0000	0						
557	FAM86B2_AR	FAM86B2	653333	AR	0.9028	0.0001	0.0000	0.4500	0.0000	0.0000	0.0000	0.0000	0.0000	1.0000	0						
557	TAS2R19_AR	TAS2R19	259294	AR	0.9047	0.0001	0.0000	0.4430	0.0000	0.0000	0.0000	0.0000	0.0000	1.0000	0						
557	PRAMEF7_AD	PRAMEF7	441871	AD	0.9051	0.0001	0.3901	0.0000	0.0000	0.3901	0.0000	0.0000	0.3901	1.0000	0		Nephrocalcinosis (HP:0000121)-abnormal kidney morphology (MP:0002135), Skeletal muscle atrophy (HP:0003202)-small heart (MP:0002188), Short stature (HP:0004322)-small heart (MP:0002188), 				
557	ZNF486_AD	ZNF486	90649	AD	0.9054	0.0001	0.0000	0.4404	0.0000	0.0000	0.0000	0.0000	0.0000	1.0000	0						
557	HMCN2_AR	HMCN2	256158	AR	0.9062	0.0001	0.0000	0.4374	0.0000	0.0000	0.0000	0.0000	0.0000	1.0000	0						
557	FAM90A22_AR	FAM90A22	645558	AR	0.9063	0.0001	0.0000	0.4372	0.0000	0.0000	0.0000	0.0000	0.0000	1.0000	0						
557	ADPRHL1_AD	ADPRHL1	113622	AD	0.9070	0.0001	0.0000	0.4344	0.0000	0.0000	0.0000	0.0000	0.0000	1.0000	0						
557	TNRC18_AD	TNRC18	84629	AD	0.9089	0.0001	0.2911	0.0982	0.0000	0.2911	0.0000	0.0000	0.2911	1.0000	0		Skeletal muscle atrophy (HP:0003202)-decreased body size (MP:0001265), Short stature (HP:0004322)-decreased body size (MP:0001265), 				
557	NBPF11_AD	NBPF11	200030	AD	0.9104	0.0001	0.0000	0.4218	0.0000	0.0000	0.0000	0.0000	0.0000	1.0000	0						
557	NLRP11_AD	NLRP11	204801	AD	0.9133	0.0001	0.0000	0.4102	0.0000	0.0000	0.0000	0.0000	0.0000	1.0000	0						
557	TAS2R31_AR	TAS2R31	259290	AR	0.9153	0.0001	0.0000	0.4031	0.0000	0.0000	0.0000	0.0000	0.0000	1.0000	0						
557	NEB_AD	NEB	4703	AD	0.9154	0.0001	0.2674	0.0999	0.6591	0.5349	0.4194	0.5032	0.6591	0.5000	0	Severe congenital nemaline myopathy (ORPHA:171430): Nephrocalcinosis (HP:0000121)-Hypospadias (HP:0000047), Premature birth (HP:0001622)-Premature birth (HP:0001622), Skeletal muscle atrophy (HP:0003202)-Skeletal muscle atrophy (HP:0003202), 	Failure to thrive (HP:0001508)-postnatal growth retardation (MP:0001732), Small for gestational age (HP:0001518)-postnatal growth retardation (MP:0001732), Premature birth (HP:0001622)-postnatal growth retardation (MP:0001732), Rhabdomyosarcoma (HP:0002859)-abnormal muscle physiology (MP:0002106), Skeletal muscle atrophy (HP:0003202)-abnormal skeletal muscle fiber morphology (MP:0003084), Short stature (HP:0004322)-postnatal growth retardation (MP:0001732), 	Rhabdomyosarcoma (HP:0002859)-muscle refractivity, abnormal (ZP:0001509), Skeletal muscle atrophy (HP:0003202)-skeletal muscle decreased size, abnormal (ZP:0004709), Short stature (HP:0004322)-whole organism decreased size, abnormal (ZP:0000324), 	Proximity to TPM3 associated with Intermediate nemaline myopathy (ORPHA:171433): Premature birth (HP:0001622)-Premature birth (HP:0001622), Skeletal muscle atrophy (HP:0003202)-Skeletal muscle atrophy (HP:0003202), Short stature (HP:0004322)-High, narrow palate (HP:0002705), 	Proximity to TPM3 Rhabdomyosarcoma (HP:0002859)-abnormal muscle morphology (MP:0002108), Skeletal muscle atrophy (HP:0003202)-abnormal muscle morphology (MP:0002108), 	Proximity to TPM3 Rhabdomyosarcoma (HP:0002859)-striated muscle myosin thick filament slow muscle cell decreased length, abnormal (ZP:0103652), Skeletal muscle atrophy (HP:0003202)-slow muscle cell somite 7 spatial pattern, abnormal (ZP:0103672), 
557	GHRHR_AD	GHRHR	2692	AD	0.9154	0.0001	0.2551	0.1139	0.3425	0.5102	0.0000	0.5024	0.5102	0.5000	0	Growth hormone deficiency, isolated, type IV (OMIM:618157): Short stature (HP:0004322)-Severe short stature (HP:0003510), 	Failure to thrive (HP:0001508)-slow postnatal weight gain (MP:0008489), Small for gestational age (HP:0001518)-decreased body weight (MP:0001262), Premature birth (HP:0001622)-slow postnatal weight gain (MP:0008489), Skeletal muscle atrophy (HP:0003202)-decreased body weight (MP:0001262), Short stature (HP:0004322)-slow postnatal weight gain (MP:0008489), 		Proximity to TSHR associated with Hyperthyroidism, nonautoimmune (OMIM:609152): Failure to thrive (HP:0001508)-Small for gestational age (HP:0001518), Small for gestational age (HP:0001518)-Small for gestational age (HP:0001518), Premature birth (HP:0001622)-Premature birth (HP:0001622), 	Proximity to TSHR Failure to thrive (HP:0001508)-postnatal growth retardation (MP:0001732), Small for gestational age (HP:0001518)-postnatal growth retardation (MP:0001732), Premature birth (HP:0001622)-postnatal growth retardation (MP:0001732), Skeletal muscle atrophy (HP:0003202)-small thyroid gland (MP:0002951), Short stature (HP:0004322)-postnatal growth retardation (MP:0001732), 	Proximity to TSHR Premature birth (HP:0001622)-xanthophore differentiation premature, abnormal (ZP:0012323), Short stature (HP:0004322)-xanthophore differentiation delayed, abnormal (ZP:0011599), 
557	LILRA1_AD	LILRA1	11024	AD	0.9156	0.0001	0.0000	0.4016	0.0000	0.0000	0.0000	0.0000	0.0000	1.0000	0						
557	ZNF165_AD	ZNF165	7718	AD	0.9156	0.0001	0.0000	0.4015	0.0000	0.0000	0.0000	0.0000	0.0000	1.0000	0						
557	DPY19L2_AD	DPY19L2	283417	AD	0.9159	0.0001	0.2500	0.1175	0.1795	0.2563	0.0000	0.5001	0.5001	0.5000	0	Spermatogenic failure 9 (OMIM:613958): Nephrocalcinosis (HP:0000121)-Globozoospermia (HP:0012205), 	Failure to thrive (HP:0001508)-decreased testis weight (MP:0004852), Small for gestational age (HP:0001518)-decreased testis weight (MP:0004852), Skeletal muscle atrophy (HP:0003202)-small testis (MP:0001147), Short stature (HP:0004322)-small testis (MP:0001147), 		Proximity to SMPD4 associated with Neurodevelopmental disorder with microcephaly, arthrogryposis, and structural brain anomalies (OMIM:618622): Failure to thrive (HP:0001508)-Progressive microcephaly (HP:0000253), Premature birth (HP:0001622)-Premature birth (HP:0001622), Skeletal muscle atrophy (HP:0003202)-Arthrogryposis multiplex congenita (HP:0002804), Short stature (HP:0004322)-Birth length less than 3rd percentile (HP:0003561), 	Proximity to SMPD4 Nephrocalcinosis (HP:0000121)-dilated ureter (MP:0003586), 	
557	CBS_AD	CBS	875	AD	0.9160	0.0001	0.2651	0.1000	0.5164	0.5303	0.3135	0.5060	0.5303	0.5000	0	Thrombosis, hyperhomocysteinemic (OMIM:236200): Nephrocalcinosis (HP:0000121)-Methioninuria (HP:0032352), Failure to thrive (HP:0001508)-Failure to thrive (HP:0001508), Small for gestational age (HP:0001518)-Failure to thrive (HP:0001508), Short stature (HP:0004322)-Tall stature (HP:0000098), 	Nephrocalcinosis (HP:0000121)-delayed kidney development (MP:0000528), Failure to thrive (HP:0001508)-postnatal growth retardation (MP:0001732), Small for gestational age (HP:0001518)-decreased body weight (MP:0001262), Premature birth (HP:0001622)-postnatal growth retardation (MP:0001732), Skeletal muscle atrophy (HP:0003202)-decreased body size (MP:0001265), Short stature (HP:0004322)-decreased body size (MP:0001265), 	Failure to thrive (HP:0001508)-axis elongation disrupted, abnormal (ZP:0005113), Small for gestational age (HP:0001518)-axis elongation disrupted, abnormal (ZP:0005113), Short stature (HP:0004322)-axis elongation disrupted, abnormal (ZP:0005113), 	Proximity to AGXT associated with Primary hyperoxaluria type 1 (ORPHA:93598): Nephrocalcinosis (HP:0000121)-Nephrocalcinosis (HP:0000121), Failure to thrive (HP:0001508)-Failure to thrive (HP:0001508), Small for gestational age (HP:0001518)-Failure to thrive (HP:0001508), Skeletal muscle atrophy (HP:0003202)-Calcinosis (HP:0003761), 	Proximity to AGXT Nephrocalcinosis (HP:0000121)-nephrocalcinosis (MP:0003197), Failure to thrive (HP:0001508)-decreased creatinine clearance (MP:0005558), Small for gestational age (HP:0001518)-decreased creatinine clearance (MP:0005558), Premature birth (HP:0001622)-decreased creatinine clearance (MP:0005558), Short stature (HP:0004322)-decreased creatinine clearance (MP:0005558), 	
557	TNRC18_AR	TNRC18	84629	AR	0.9164	0.0001	0.2911	0.0688	0.0000	0.2911	0.0000	0.0000	0.2911	1.0000	0		Skeletal muscle atrophy (HP:0003202)-decreased body size (MP:0001265), Short stature (HP:0004322)-decreased body size (MP:0001265), 				
557	PLIN4_AR	PLIN4	729359	AR	0.9168	0.0001	0.2500	0.1140	0.3163	0.3218	0.0000	0.5000	0.5000	0.5000	0	Myopathy with rimmed ubiquitin-positive autophagic vacuolation, autosomal dominant (OMIM:601846): Skeletal muscle atrophy (HP:0003202)-Muscular dystrophy (HP:0003560), 	Failure to thrive (HP:0001508)-decreased thigmotaxis (MP:0020870), Small for gestational age (HP:0001518)-decreased thigmotaxis (MP:0020870), Premature birth (HP:0001622)-decreased thigmotaxis (MP:0020870), Skeletal muscle atrophy (HP:0003202)-decreased body length (MP:0001258), Short stature (HP:0004322)-decreased body length (MP:0001258), 		Proximity to YRDC associated with Galloway-Mowat syndrome (ORPHA:2065): Nephrocalcinosis (HP:0000121)-Nephrotic syndrome (HP:0000100), Premature birth (HP:0001622)-Premature birth (HP:0001622), Skeletal muscle atrophy (HP:0003202)-Camptodactyly of finger (HP:0100490), Short stature (HP:0004322)-Short stature (HP:0004322), 		
557	UBC_AD	UBC	7316	AD	0.9179	0.0001	0.2580	0.1000	0.0000	0.2580	0.0000	0.0000	0.2580	1.0000	0		Skeletal muscle atrophy (HP:0003202)-decreased embryo size (MP:0001698), Short stature (HP:0004322)-decreased embryo size (MP:0001698), 				
557	GOLGA8G_AD	GOLGA8G	283768	AD	0.9183	0.0001	0.0000	0.3907	0.0000	0.0000	0.0000	0.0000	0.0000	1.0000	0						
557	LRPPRC_AD	LRPPRC	10128	AD	0.9185	0.0001	0.2561	0.1000	0.6559	0.0000	0.0000	0.5123	0.6559	0.5000	0	Mitochondrial complex IV deficiency, nuclear type 5, (French-Canadian) (OMIM:220111): Nephrocalcinosis (HP:0000121)-Hypospadias (HP:0000047), Failure to thrive (HP:0001508)-Failure to thrive (HP:0001508), Small for gestational age (HP:0001518)-Small for gestational age (HP:0001518), Premature birth (HP:0001622)-Fetal distress (HP:0025116), 			Proximity to POLRMT associated with Combined oxidative phosphorylation deficiency 55 (OMIM:619743): Nephrocalcinosis (HP:0000121)-Medullary nephrocalcinosis (HP:0012408), Skeletal muscle atrophy (HP:0003202)-Skeletal muscle atrophy (HP:0003202), Short stature (HP:0004322)-Short stature (HP:0004322), 		
557	PI4KA_AD	PI4KA	5297	AD	0.9196	0.0001	0.2524	0.1000	0.3802	0.0000	0.2992	0.5048	0.5048	0.5000	0	Polymicrogyria, perisylvian, with cerebellar hypoplasia and arthrogryposis (OMIM:616531): Nephrocalcinosis (HP:0000121)-Fetal pyelectasis (HP:0010945), Premature birth (HP:0001622)-Fetal pyelectasis (HP:0010945), Skeletal muscle atrophy (HP:0003202)-Arthrogryposis multiplex congenita (HP:0002804), 		Failure to thrive (HP:0001508)-mesenchymal cell proliferation decreased rate, abnormal (ZP:0009427), Short stature (HP:0004322)-whole organism decreased length, abnormal (ZP:0000473), 	Proximity to PIK3C2A associated with Oculoskeletodental syndrome (OMIM:618440): Nephrocalcinosis (HP:0000121)-Renal agenesis (HP:0000104), Failure to thrive (HP:0001508)-Small for gestational age (HP:0001518), Small for gestational age (HP:0001518)-Small for gestational age (HP:0001518), Premature birth (HP:0001622)-Cryptorchidism (HP:0000028), Skeletal muscle atrophy (HP:0003202)-Macroglossia (HP:0000158), Short stature (HP:0004322)-Short stature (HP:0004322), 	Proximity to PIK3C2A Nephrocalcinosis (HP:0000121)-abnormal kidney morphology (MP:0002135), Failure to thrive (HP:0001508)-postnatal growth retardation (MP:0001732), Small for gestational age (HP:0001518)-decreased body weight (MP:0001262), Premature birth (HP:0001622)-postnatal growth retardation (MP:0001732), Skeletal muscle atrophy (HP:0003202)-decreased body size (MP:0001265), Short stature (HP:0004322)-decreased body size (MP:0001265), 	
557	FZD6_AD	FZD6	8323	AD	0.9196	0.0001	0.2523	0.0998	0.0000	0.0000	0.0000	0.5047	0.5047	0.5000	0				Proximity to ROR2 associated with Robinow syndrome, autosomal recessive (OMIM:268310): Nephrocalcinosis (HP:0000121)-Nephrocalcinosis (HP:0000121), Premature birth (HP:0001622)-Hydronephrosis (HP:0000126), Skeletal muscle atrophy (HP:0003202)-Macroglossia (HP:0000158), Short stature (HP:0004322)-Short stature (HP:0004322), 	Proximity to ROR2 Failure to thrive (HP:0001508)-delayed bone ossification (MP:0000060), Small for gestational age (HP:0001518)-delayed bone ossification (MP:0000060), Premature birth (HP:0001622)-delayed bone ossification (MP:0000060), Skeletal muscle atrophy (HP:0003202)-short tail (MP:0000592), Short stature (HP:0004322)-delayed bone ossification (MP:0000060), 	
557	SGO1_AD	SGO1	151648	AD	0.9200	0.0001	0.2527	0.0977	0.4866	0.0000	0.0000	0.5055	0.5055	0.5000	0	Chronic atrial and intestinal dysrhythmia (OMIM:616201): Failure to thrive (HP:0001508)-Failure to thrive (HP:0001508), Small for gestational age (HP:0001518)-Decreased body weight (HP:0004325), 			Proximity to SMC1A associated with Cornelia de Lange syndrome (ORPHA:199): Nephrocalcinosis (HP:0000121)-Multicystic kidney dysplasia (HP:0000003), Failure to thrive (HP:0001508)-Failure to thrive (HP:0001508), Small for gestational age (HP:0001518)-Failure to thrive (HP:0001508), Premature birth (HP:0001622)-Premature birth (HP:0001622), Skeletal muscle atrophy (HP:0003202)-Congenital diaphragmatic hernia (HP:0000776), Short stature (HP:0004322)-Short stature (HP:0004322), 		Proximity to SMC1A Short stature (HP:0004322)-whole organism decreased length, abnormal (ZP:0000473), 
557	PLXNA1_AD	PLXNA1	5361	AD	0.9201	0.0001	0.2506	0.0999	0.3329	0.2151	0.0000	0.5011	0.5011	0.5000	0	Dworschak-Punetha neurodevelopmental syndrome (OMIM:619955): Nephrocalcinosis (HP:0000121)-Unilateral renal hypoplasia (HP:0012583), 	Failure to thrive (HP:0001508)-increased trabecular bone mass (MP:0010872), Small for gestational age (HP:0001518)-increased trabecular bone mass (MP:0010872), 		Proximity to FLT1 associated with Preeclampsia (ORPHA:275555): Nephrocalcinosis (HP:0000121)-Abnormality of the kidney (HP:0000077), Failure to thrive (HP:0001508)-Small for gestational age (HP:0001518), Small for gestational age (HP:0001518)-Small for gestational age (HP:0001518), Premature birth (HP:0001622)-Abnormal placenta morphology (HP:0100767), Short stature (HP:0004322)-Intrauterine growth retardation (HP:0001511), 		
557	PTGIS_AD	PTGIS	5740	AD	0.9201	0.0001	0.2505	0.0997	0.0000	0.4833	0.0000	0.5010	0.5010	0.5000	0		Nephrocalcinosis (HP:0000121)-renal fibrosis (MP:0003985), Skeletal muscle atrophy (HP:0003202)-kidney atrophy (MP:0004970), Short stature (HP:0004322)-kidney atrophy (MP:0004970), 			Proximity to PTGS2 Nephrocalcinosis (HP:0000121)-nephrocalcinosis (MP:0003197), Failure to thrive (HP:0001508)-decreased superovulation rate (MP:0031420), Small for gestational age (HP:0001518)-decreased superovulation rate (MP:0031420), Premature birth (HP:0001622)-decreased superovulation rate (MP:0031420), Skeletal muscle atrophy (HP:0003202)-kidney cortex atrophy (MP:0011423), Short stature (HP:0004322)-small kidney (MP:0002989), 	Proximity to PTGS2 Nephrocalcinosis (HP:0000121)-pronephric duct decreased distribution, abnormal (ZP:0019215), 
557	SERPINF1_AD	SERPINF1	5176	AD	0.9201	0.0001	0.2508	0.0993	0.0000	0.2097	0.0000	0.5016	0.5016	0.5000	0		Skeletal muscle atrophy (HP:0003202)-decreased trabecular bone volume (MP:0010879), Short stature (HP:0004322)-decreased trabecular bone volume (MP:0010879), 		Proximity to RET associated with Haddad syndrome (ORPHA:99803): Failure to thrive (HP:0001508)-Failure to thrive (HP:0001508), Small for gestational age (HP:0001518)-Small for gestational age (HP:0001518), Premature birth (HP:0001622)-Polyhydramnios (HP:0001561), Rhabdomyosarcoma (HP:0002859)-Neuroblastoma (HP:0003006), 	Proximity to RET Nephrocalcinosis (HP:0000121)-abnormal kidney morphology (MP:0002135), Failure to thrive (HP:0001508)-postnatal growth retardation (MP:0001732), Small for gestational age (HP:0001518)-postnatal growth retardation (MP:0001732), Premature birth (HP:0001622)-postnatal growth retardation (MP:0001732), Skeletal muscle atrophy (HP:0003202)-renal hypoplasia (MP:0003446), Short stature (HP:0004322)-postnatal growth retardation (MP:0001732), 	Proximity to RET Nephrocalcinosis (HP:0000121)-pronephros decreased length, abnormal (ZP:0101877), Rhabdomyosarcoma (HP:0002859)-adductor operculi has fewer parts of type skeletal muscle cell, abnormal (ZP:0008829), Skeletal muscle atrophy (HP:0003202)-adductor operculi has fewer parts of type skeletal muscle cell, abnormal (ZP:0008829), 
557	INF2_AR	INF2	64423	AR	0.9202	0.0001	0.2501	0.1000	0.4406	0.3886	0.3676	0.5001	0.5001	0.5000	0	Charcot-Marie-Tooth disease, dominant intermediate E (OMIM:614455): Nephrocalcinosis (HP:0000121)-Focal segmental glomerulosclerosis (HP:0000097), Skeletal muscle atrophy (HP:0003202)-Distal lower limb amyotrophy (HP:0008944), 	Failure to thrive (HP:0001508)-decreased fetal weight (MP:0009431), Small for gestational age (HP:0001518)-decreased fetal weight (MP:0009431), Premature birth (HP:0001622)-decreased fetal weight (MP:0009431), Skeletal muscle atrophy (HP:0003202)-decreased placental labyrinth size (MP:0011521), Short stature (HP:0004322)-decreased fetal weight (MP:0009431), 	Nephrocalcinosis (HP:0000121)-pronephros morphology, abnormal (ZP:0008685), 	Proximity to NPHS1 associated with Nephrotic syndrome, type 1 (OMIM:256300): Nephrocalcinosis (HP:0000121)-Glomerular sclerosis (HP:0000096), Failure to thrive (HP:0001508)-Small for gestational age (HP:0001518), Small for gestational age (HP:0001518)-Small for gestational age (HP:0001518), Skeletal muscle atrophy (HP:0003202)-Renal tubular atrophy (HP:0000092), Short stature (HP:0004322)-Growth delay (HP:0001510), 	Proximity to NPHS1 Nephrocalcinosis (HP:0000121)-enlarged kidney (MP:0003068), Failure to thrive (HP:0001508)-increased kidney weight (MP:0003917), Small for gestational age (HP:0001518)-increased kidney weight (MP:0003917), 	Proximity to NPHS1 Nephrocalcinosis (HP:0000121)-pronephric glomerulus morphology, abnormal (ZP:0001478), Rhabdomyosarcoma (HP:0002859)-nucleus skeletal muscle cell mislocalised, abnormal (ZP:0001522), Skeletal muscle atrophy (HP:0003202)-myotome decreased width, abnormal (ZP:0007556), Short stature (HP:0004322)-whole organism decreased length, abnormal (ZP:0000473), 
557	TPP2_AD	TPP2	7174	AD	0.9202	0.0001	0.2501	0.0999	0.0000	0.4509	0.0000	0.5003	0.5003	0.5000	0		Failure to thrive (HP:0001508)-weight loss (MP:0001263), Small for gestational age (HP:0001518)-weight loss (MP:0001263), Skeletal muscle atrophy (HP:0003202)-thymus atrophy (MP:0003644), Short stature (HP:0004322)-weight loss (MP:0001263), 		Proximity to GMNN associated with Meier-Gorlin syndrome 6 (OMIM:616835): Nephrocalcinosis (HP:0000121)-Hypoplastic labia majora (HP:0000059), Failure to thrive (HP:0001508)-Failure to thrive (HP:0001508), Small for gestational age (HP:0001518)-Small for gestational age (HP:0001518), Premature birth (HP:0001622)-Delayed puberty (HP:0000823), Short stature (HP:0004322)-Severe short stature (HP:0003510), 		
557	UNC80_AD	UNC80	285175	AD	0.9202	0.0001	0.2500	0.1000	0.5438	0.3324	0.0000	0.5000	0.5438	0.5000	0	Hypotonia-speech impairment-severe cognitive delay syndrome (ORPHA:371364): Failure to thrive (HP:0001508)-Severe failure to thrive (HP:0001525), Small for gestational age (HP:0001518)-Cachexia (HP:0004326), Skeletal muscle atrophy (HP:0003202)-EMG: myopathic abnormalities (HP:0003458), Short stature (HP:0004322)-Short stature (HP:0004322), 	Failure to thrive (HP:0001508)-decreased exploration in new environment (MP:0001417), Small for gestational age (HP:0001518)-decreased exploration in new environment (MP:0001417), Premature birth (HP:0001622)-decreased exploration in new environment (MP:0001417), Skeletal muscle atrophy (HP:0003202)-decreased body length (MP:0001258), Short stature (HP:0004322)-decreased body length (MP:0001258), 		Proximity to CA2 associated with Osteopetrosis with renal tubular acidosis (ORPHA:2785): Nephrocalcinosis (HP:0000121)-Nephrolithiasis (HP:0000787), Failure to thrive (HP:0001508)-Failure to thrive (HP:0001508), Small for gestational age (HP:0001518)-Failure to thrive (HP:0001508), Premature birth (HP:0001622)-Oligohydramnios (HP:0001562), Skeletal muscle atrophy (HP:0003202)-Optic atrophy (HP:0000648), Short stature (HP:0004322)-Short stature (HP:0004322), 	Proximity to CA2 Nephrocalcinosis (HP:0000121)-renal tubular acidosis (MP:0000525), Failure to thrive (HP:0001508)-postnatal growth retardation (MP:0001732), Small for gestational age (HP:0001518)-postnatal growth retardation (MP:0001732), Premature birth (HP:0001622)-postnatal growth retardation (MP:0001732), Short stature (HP:0004322)-postnatal growth retardation (MP:0001732), 	
557	EPHB2_AD	EPHB2	2048	AD	0.9202	0.0001	0.2505	0.0994	0.1583	0.2552	0.0000	0.5009	0.5009	0.5000	0	Prostate cancer/brain cancer susceptibility, somatic (OMIM:603688): Nephrocalcinosis (HP:0000121)-Prostate cancer (HP:0012125), 	Failure to thrive (HP:0001508)-increased exploration in new environment (MP:0001415), Small for gestational age (HP:0001518)-increased exploration in new environment (MP:0001415), Premature birth (HP:0001622)-increased exploration in new environment (MP:0001415), Skeletal muscle atrophy (HP:0003202)-small spleen (MP:0000692), Short stature (HP:0004322)-small spleen (MP:0000692), 		Proximity to NRAS associated with Large congenital melanocytic nevus (ORPHA:626): Rhabdomyosarcoma (HP:0002859)-Rhabdomyosarcoma (HP:0002859), 	Proximity to NRAS Failure to thrive (HP:0001508)-postnatal growth retardation (MP:0001732), Small for gestational age (HP:0001518)-weight loss (MP:0001263), Premature birth (HP:0001622)-postnatal growth retardation (MP:0001732), Skeletal muscle atrophy (HP:0003202)-weight loss (MP:0001263), Short stature (HP:0004322)-postnatal growth retardation (MP:0001732), 	
557	RFXANK_AD	RFXANK	8625	AD	0.9202	0.0001	0.2500	0.0998	0.4550	0.2454	0.0000	0.5001	0.5001	0.5000	0	Immunodeficiency by defective expression of MHC class II (ORPHA:572): Failure to thrive (HP:0001508)-Failure to thrive (HP:0001508), Small for gestational age (HP:0001518)-Failure to thrive (HP:0001508), 	Failure to thrive (HP:0001508)-decreased exploration in new environment (MP:0001417), Small for gestational age (HP:0001518)-decreased exploration in new environment (MP:0001417), Premature birth (HP:0001622)-decreased exploration in new environment (MP:0001417), Short stature (HP:0004322)-decreased exploration in new environment (MP:0001417), 		Proximity to SLC26A3 associated with Diarrhea 1, secretory chloride, congenital (OMIM:214700): Failure to thrive (HP:0001508)-Failure to thrive (HP:0001508), Small for gestational age (HP:0001518)-Failure to thrive (HP:0001508), Premature birth (HP:0001622)-Premature birth (HP:0001622), Short stature (HP:0004322)-Growth delay (HP:0001510), 	Proximity to SLC26A3 Failure to thrive (HP:0001508)-decreased body weight (MP:0001262), Small for gestational age (HP:0001518)-decreased body weight (MP:0001262), Skeletal muscle atrophy (HP:0003202)-decreased body weight (MP:0001262), Short stature (HP:0004322)-decreased body weight (MP:0001262), 	
557	MDFIC_AD	MDFIC	29969	AD	0.9203	0.0001	0.2500	0.0997	0.4014	0.2481	0.0000	0.5001	0.5001	0.5000	0	Lymphatic malformation 12 (OMIM:620014): Nephrocalcinosis (HP:0000121)-Hydrocele testis (HP:0000034), Premature birth (HP:0001622)-Polyhydramnios (HP:0001561), 	Failure to thrive (HP:0001508)-hypoactivity (MP:0031392), Small for gestational age (HP:0001518)-hypoactivity (MP:0031392), Premature birth (HP:0001622)-hypoactivity (MP:0031392), Short stature (HP:0004322)-hypoactivity (MP:0031392), 		Proximity to BRD4 associated with Cornelia de Lange syndrome (ORPHA:199): Nephrocalcinosis (HP:0000121)-Multicystic kidney dysplasia (HP:0000003), Failure to thrive (HP:0001508)-Failure to thrive (HP:0001508), Small for gestational age (HP:0001518)-Failure to thrive (HP:0001508), Premature birth (HP:0001622)-Premature birth (HP:0001622), Skeletal muscle atrophy (HP:0003202)-Congenital diaphragmatic hernia (HP:0000776), Short stature (HP:0004322)-Short stature (HP:0004322), 	Proximity to BRD4 Nephrocalcinosis (HP:0000121)-nephrocalcinosis (MP:0003197), 	
557	RAB3GAP2_AD	RAB3GAP2	25782	AD	0.9203	0.0001	0.2501	0.0994	0.4721	0.2554	0.0000	0.5001	0.5001	0.5000	0	Micro syndrome (ORPHA:2510): Nephrocalcinosis (HP:0000121)-Abnormal localization of kidney (HP:0100542), Premature birth (HP:0001622)-Delayed puberty (HP:0000823), Skeletal muscle atrophy (HP:0003202)-Cerebral cortical atrophy (HP:0002120), Short stature (HP:0004322)-Short stature (HP:0004322), 	Failure to thrive (HP:0001508)-hyperactivity (MP:0001399), Small for gestational age (HP:0001518)-hyperactivity (MP:0001399), Premature birth (HP:0001622)-hyperactivity (MP:0001399), Skeletal muscle atrophy (HP:0003202)-narrow eye opening (MP:0005287), Short stature (HP:0004322)-narrow eye opening (MP:0005287), 		Proximity to ATP6V1E1 associated with Cutis laxa, autosomal recessive, type IIC (OMIM:617402): Nephrocalcinosis (HP:0000121)-Nephrocalcinosis (HP:0000121), Failure to thrive (HP:0001508)-Decreased body weight (HP:0004325), Small for gestational age (HP:0001518)-Decreased body weight (HP:0004325), Premature birth (HP:0001622)-Oligohydramnios (HP:0001562), Skeletal muscle atrophy (HP:0003202)-Camptodactyly (HP:0012385), Short stature (HP:0004322)-Short stature (HP:0004322), 		
557	DNAH8_AD	DNAH8	1769	AD	0.9204	0.0001	0.2541	0.0945	0.2442	0.2444	0.0000	0.5083	0.5083	0.5000	0	Spermatogenic failure 46 (OMIM:619095): Nephrocalcinosis (HP:0000121)-Irregularly shaped sperm tail (HP:0033393), Premature birth (HP:0001622)-Reduced sperm motility (HP:0012207), 	Failure to thrive (HP:0001508)-immotile sperm (MP:0020869), Small for gestational age (HP:0001518)-immotile sperm (MP:0020869), Premature birth (HP:0001622)-immotile sperm (MP:0020869), Short stature (HP:0004322)-immotile sperm (MP:0020869), 		Proximity to SLC12A1 associated with Bartter syndrome, type 1 (OMIM:601678): Nephrocalcinosis (HP:0000121)-Nephrocalcinosis (HP:0000121), Failure to thrive (HP:0001508)-Failure to thrive (HP:0001508), Small for gestational age (HP:0001518)-Small for gestational age (HP:0001518), Premature birth (HP:0001622)-Premature birth (HP:0001622), Short stature (HP:0004322)-Short stature (HP:0004322), 	Proximity to SLC12A1 Nephrocalcinosis (HP:0000121)-nephrocalcinosis (MP:0003197), Failure to thrive (HP:0001508)-postnatal growth retardation (MP:0001732), Small for gestational age (HP:0001518)-postnatal growth retardation (MP:0001732), Premature birth (HP:0001622)-postnatal growth retardation (MP:0001732), Short stature (HP:0004322)-postnatal growth retardation (MP:0001732), 	
557	NBPF9_AR	NBPF9	400818	AR	0.9212	0.0001	0.0000	0.3787	0.0000	0.0000	0.0000	0.0000	0.0000	1.0000	0						
557	LAIR2_AD	LAIR2	3904	AD	0.9226	0.0001	0.1990	0.1480	0.0000	0.1990	0.0000	0.0000	0.1990	1.0000	0		Failure to thrive (HP:0001508)-increased heart weight (MP:0002833), Small for gestational age (HP:0001518)-increased heart weight (MP:0002833), 				
557	DEPDC5_AD	DEPDC5	9681	AD	0.9235	0.0001	0.2383	0.0998	0.3690	0.0000	0.2383	0.0000	0.3690	1.0000	0	Developmental and epileptic encephalopathy 111 (OMIM:620504): Nephrocalcinosis (HP:0000121)-Nephrolithiasis (HP:0000787), Premature birth (HP:0001622)-Cryptorchidism (HP:0000028), 		Short stature (HP:0004322)-whole organism decreased length, abnormal (ZP:0000473), 			
604	HSPA1A_AR	HSPA1A	3303	AR	0.9256	0.0000	0.2308	0.1000	0.0000	0.2308	0.0000	0.0000	0.2308	1.0000	0		Nephrocalcinosis (HP:0000121)-increased kidney apoptosis (MP:0011368), 				
604	HSPA1B_AR	HSPA1B	3304	AR	0.9256	0.0000	0.2308	0.1000	0.0000	0.2308	0.0000	0.0000	0.2308	1.0000	0		Nephrocalcinosis (HP:0000121)-increased kidney apoptosis (MP:0011368), 				
604	ZC3H11B_AD	ZC3H11B	643136	AD	0.9258	0.0000	0.2302	0.1000	0.0000	0.2302	0.0000	0.0000	0.2302	1.0000	0		Skeletal muscle atrophy (HP:0003202)-microcephaly (MP:0000433), Short stature (HP:0004322)-microcephaly (MP:0000433), 				
604	ARL17A_AD	ARL17A	51326	AD	0.9270	0.0000	0.2259	0.1000	0.0000	0.2259	0.0000	0.0000	0.2259	1.0000	0		Failure to thrive (HP:0001508)-impaired righting response (MP:0001523), Small for gestational age (HP:0001518)-impaired righting response (MP:0001523), Premature birth (HP:0001622)-impaired righting response (MP:0001523), Short stature (HP:0004322)-impaired righting response (MP:0001523), 				
604	TAS2R31_AD	TAS2R31	259290	AD	0.9277	0.0000	0.0000	0.3526	0.0000	0.0000	0.0000	0.0000	0.0000	1.0000	0						
604	AQP12A_AD	AQP12A	375318	AD	0.9283	0.0000	0.0000	0.3499	0.0000	0.0000	0.0000	0.0000	0.0000	1.0000	0						
604	QRICH2_AD	QRICH2	84074	AD	0.9292	0.0000	0.1568	0.1686	0.2098	0.3137	0.0000	0.0000	0.3137	0.5000	0	Spermatogenic failure 35 (OMIM:618341): Nephrocalcinosis (HP:0000121)-Coiled sperm flagella (HP:0032560), 	Failure to thrive (HP:0001508)-decreased epididymis weight (MP:0004929), Small for gestational age (HP:0001518)-decreased epididymis weight (MP:0004929), Premature birth (HP:0001622)-asthenozoospermia (MP:0002675), Skeletal muscle atrophy (HP:0003202)-small epididymis (MP:0004930), Short stature (HP:0004322)-small epididymis (MP:0004930), 				
604	TAF4B_AD	TAF4B	6875	AD	0.9303	0.0000	0.2517	0.0570	0.2336	0.4936	0.0000	0.5034	0.5034	0.5000	0	Male infertility with azoospermia or oligozoospermia due to single gene mutation (ORPHA:399805): Nephrocalcinosis (HP:0000121)-Abnormal spermatogenesis (HP:0008669), Premature birth (HP:0001622)-Abnormal spermatogenesis (HP:0008669), 	Failure to thrive (HP:0001508)-impaired ovarian folliculogenesis (MP:0001129), Small for gestational age (HP:0001518)-early sexual maturation (MP:0003378), Premature birth (HP:0001622)-early sexual maturation (MP:0003378), Skeletal muscle atrophy (HP:0003202)-small ovary (MP:0001127), Short stature (HP:0004322)-early sexual maturation (MP:0003378), 		Proximity to TAF13 associated with Intellectual developmental disorder, autosomal recessive 60 (OMIM:617432): Failure to thrive (HP:0001508)-Small for gestational age (HP:0001518), Small for gestational age (HP:0001518)-Small for gestational age (HP:0001518), Premature birth (HP:0001622)-Delayed puberty (HP:0000823), Short stature (HP:0004322)-Short stature (HP:0004322), 	Proximity to TAF13 Skeletal muscle atrophy (HP:0003202)-small proamniotic cavity (MP:0011208), Short stature (HP:0004322)-decreased embryo size (MP:0001698), 	
604	ZNF619_AD	ZNF619	285267	AD	0.9313	0.0000	0.0000	0.3379	0.0000	0.0000	0.0000	0.0000	0.0000	1.0000	0						
604	OR1D5_AD	OR1D5	8386	AD	0.9319	0.0000	0.0000	0.3354	0.0000	0.0000	0.0000	0.0000	0.0000	1.0000	0						
604	MUC5B_AR	MUC5B	727897	AR	0.9334	0.0000	0.2299	0.0690	0.0000	0.4598	0.0000	0.0000	0.4598	0.5000	0		Failure to thrive (HP:0001508)-postnatal growth retardation (MP:0001732), Small for gestational age (HP:0001518)-postnatal growth retardation (MP:0001732), Premature birth (HP:0001622)-postnatal growth retardation (MP:0001732), Short stature (HP:0004322)-postnatal growth retardation (MP:0001732), 				
604	ALPK1_AR	ALPK1	80216	AR	0.9341	0.0000	0.0000	0.3265	0.0000	0.0000	0.0000	0.0000	0.0000	0.5000	0						
604	GOLGA8S_AD	GOLGA8S	653061	AD	0.9351	0.0000	0.0000	0.3220	0.0000	0.0000	0.0000	0.0000	0.0000	1.0000	0						
604	NOTCH1_AR	NOTCH1	4851	AR	0.9365	0.0000	0.2623	0.0194	0.6617	0.4598	0.3146	0.5246	0.6617	0.5000	0	Adams-Oliver syndrome (ORPHA:974): Failure to thrive (HP:0001508)-Failure to thrive (HP:0001508), Small for gestational age (HP:0001518)-Failure to thrive (HP:0001508), Premature birth (HP:0001622)-Premature birth (HP:0001622), 	Failure to thrive (HP:0001508)-postnatal growth retardation (MP:0001732), Small for gestational age (HP:0001518)-postnatal growth retardation (MP:0001732), Premature birth (HP:0001622)-postnatal growth retardation (MP:0001732), Short stature (HP:0004322)-postnatal growth retardation (MP:0001732), 	Failure to thrive (HP:0001508)-cardiac conduction rate, abnormal (ZP:0100412), Rhabdomyosarcoma (HP:0002859)-trabecular layer absent, abnormal (ZP:0019192), Skeletal muscle atrophy (HP:0003202)-trabecular layer absent, abnormal (ZP:0019192), Short stature (HP:0004322)-ventriculo bulbo valve morphogenesis delayed, abnormal (ZP:0137510), 	Proximity to GCM2 associated with Familial isolated hyperparathyroidism (ORPHA:99879): Nephrocalcinosis (HP:0000121)-Nephrocalcinosis (HP:0000121), 	Proximity to GCM2 Nephrocalcinosis (HP:0000121)-increased urine calcium level (MP:0005441), Failure to thrive (HP:0001508)-increased bone mass (MP:0005605), Small for gestational age (HP:0001518)-increased bone mass (MP:0005605), 	
604	NBPF11_AR	NBPF11	200030	AR	0.9386	0.0000	0.0000	0.3071	0.0000	0.0000	0.0000	0.0000	0.0000	1.0000	0						
604	ZNF619_AR	ZNF619	285267	AR	0.9397	0.0000	0.0000	0.3026	0.0000	0.0000	0.0000	0.0000	0.0000	1.0000	0						
604	NUTM2D_AD	NUTM2D	728130	AD	0.9405	0.0000	0.0000	0.2987	0.0000	0.0000	0.0000	0.0000	0.0000	1.0000	0						
604	ZNF2_AD	ZNF2	7549	AD	0.9408	0.0000	0.0000	0.2978	0.0000	0.0000	0.0000	0.0000	0.0000	1.0000	0						
604	EPPK1_AD	EPPK1	83481	AD	0.9412	0.0000	0.0000	0.2958	0.0000	0.0000	0.0000	0.0000	0.0000	1.0000	0						
604	PRR23D1_AD	PRR23D1	100131608	AD	0.9416	0.0000	0.0000	0.2942	0.0000	0.0000	0.0000	0.0000	0.0000	1.0000	0						
604	PPA2_AD	PPA2	27068	AD	0.9420	0.0000	0.0000	0.2927	0.0000	0.0000	0.0000	0.0000	0.0000	0.5000	0						
604	ADPRHL1_AR	ADPRHL1	113622	AR	0.9430	0.0000	0.0000	0.2884	0.0000	0.0000	0.0000	0.0000	0.0000	1.0000	0						
604	AQP12A_AR	AQP12A	375318	AR	0.9432	0.0000	0.0000	0.2874	0.0000	0.0000	0.0000	0.0000	0.0000	1.0000	0						
604	GOLGA8N_AD	GOLGA8N	643699	AD	0.9446	0.0000	0.0000	0.2813	0.0000	0.0000	0.0000	0.0000	0.0000	1.0000	0						
604	ZCCHC2_AD	ZCCHC2	54877	AD	0.9449	0.0000	0.1593	0.1000	0.0000	0.1593	0.0000	0.0000	0.1593	1.0000	0		Skeletal muscle atrophy (HP:0003202)-decreased mean corpuscular volume (MP:0002591), Short stature (HP:0004322)-decreased mean corpuscular volume (MP:0002591), 				
604	NPIPB12_AD	NPIPB12	440353	AD	0.9465	0.0000	0.0000	0.2728	0.0000	0.0000	0.0000	0.0000	0.0000	1.0000	0						
604	LILRA1_AR	LILRA1	11024	AR	0.9472	0.0000	0.0000	0.2701	0.0000	0.0000	0.0000	0.0000	0.0000	1.0000	0						
604	NPIPB9_AD	NPIPB9	100507607	AD	0.9476	0.0000	0.0000	0.2685	0.0000	0.0000	0.0000	0.0000	0.0000	1.0000	0						
604	NPIPB5_AD	NPIPB5	100132247	AD	0.9476	0.0000	0.0000	0.2681	0.0000	0.0000	0.0000	0.0000	0.0000	1.0000	0						
604	NPIPA5_AR	NPIPA5	100288332	AR	0.9485	0.0000	0.0000	0.2637	0.0000	0.0000	0.0000	0.0000	0.0000	1.0000	0						
604	RP1L1_AD	RP1L1	94137	AD	0.9495	0.0000	0.1683	0.0689	0.3865	0.1683	0.0000	0.0000	0.3865	1.0000	0	Retinitis pigmentosa (ORPHA:791): Nephrocalcinosis (HP:0000121)-Hypogonadism (HP:0000135), Failure to thrive (HP:0001508)-Obesity (HP:0001513), Small for gestational age (HP:0001518)-Obesity (HP:0001513), Premature birth (HP:0001622)-Abnormal testis morphology (HP:0000035), Skeletal muscle atrophy (HP:0003202)-Optic atrophy (HP:0000648), 	Skeletal muscle atrophy (HP:0003202)-thin retina outer nuclear layer (MP:0008515), Short stature (HP:0004322)-thin retina outer nuclear layer (MP:0008515), 				
604	GOLGA8Q_AD	GOLGA8Q	727909	AD	0.9503	0.0000	0.0000	0.2553	0.0000	0.0000	0.0000	0.0000	0.0000	1.0000	0						
604	ANKRD20A1_AD	ANKRD20A1	84210	AD	0.9512	0.0000	0.0000	0.2513	0.0000	0.0000	0.0000	0.0000	0.0000	1.0000	0						
604	GOLGA8N_AR	GOLGA8N	643699	AR	0.9545	0.0000	0.0000	0.2359	0.0000	0.0000	0.0000	0.0000	0.0000	1.0000	0						
604	TTYH1_AD	TTYH1	57348	AD	0.9554	0.0000	0.0000	0.2318	0.0000	0.0000	0.0000	0.0000	0.0000	1.0000	0						
604	NPIPB7_AD	NPIPB7	440350	AD	0.9556	0.0000	0.0000	0.2306	0.0000	0.0000	0.0000	0.0000	0.0000	1.0000	0						
604	LILRA4_AD	LILRA4	23547	AD	0.9569	0.0000	0.0000	0.2245	0.0000	0.0000	0.0000	0.0000	0.0000	1.0000	0						
604	TBC1D10C_AD	TBC1D10C	374403	AD	0.9599	0.0000	0.0000	0.2094	0.0000	0.0000	0.0000	0.0000	0.0000	1.0000	0						
604	NUTM2D_AR	NUTM2D	728130	AR	0.9599	0.0000	0.0000	0.2093	0.0000	0.0000	0.0000	0.0000	0.0000	1.0000	0						
604	CEACAM20_AD	CEACAM20	125931	AD	0.9606	0.0000	0.0000	0.2052	0.0000	0.0000	0.0000	0.0000	0.0000	1.0000	0						
604	RESF1_AD	RESF1	55196	AD	0.9607	0.0000	0.0000	0.2050	0.0000	0.0000	0.0000	0.0000	0.0000	1.0000	0						
604	VILL_AD	VILL	50853	AD	0.9617	0.0000	0.0000	0.2000	0.0000	0.0000	0.0000	0.0000	0.0000	1.0000	0						
604	NPIPB9_AR	NPIPB9	100507607	AR	0.9619	0.0000	0.0000	0.1986	0.0000	0.0000	0.0000	0.0000	0.0000	1.0000	0						
604	OR11H12_AD	OR11H12	440153	AD	0.9621	0.0000	0.0000	0.1979	0.0000	0.0000	0.0000	0.0000	0.0000	1.0000	0						
604	TAS2R30_AR	TAS2R30	259293	AR	0.9636	0.0000	0.0000	0.1902	0.0000	0.0000	0.0000	0.0000	0.0000	1.0000	0						
604	ANKRD20A1_AR	ANKRD20A1	84210	AR	0.9638	0.0000	0.0000	0.1892	0.0000	0.0000	0.0000	0.0000	0.0000	1.0000	0						
604	GOLGA8F_AD	GOLGA8F	100132565	AD	0.9638	0.0000	0.0000	0.1890	0.0000	0.0000	0.0000	0.0000	0.0000	1.0000	0						
604	LRRC37A3_AD	LRRC37A3	374819	AD	0.9649	0.0000	0.0000	0.1830	0.0000	0.0000	0.0000	0.0000	0.0000	1.0000	0						
604	H2BC12L_AR	H2BC12L	54145	AR	0.9650	0.0000	0.0000	0.1827	0.0000	0.0000	0.0000	0.0000	0.0000	1.0000	0						
604	OR11H12_AR	OR11H12	440153	AR	0.9652	0.0000	0.0000	0.1815	0.0000	0.0000	0.0000	0.0000	0.0000	1.0000	0						
604	CTAGE6_AR	CTAGE6	340307	AR	0.9653	0.0000	0.0000	0.1812	0.0000	0.0000	0.0000	0.0000	0.0000	1.0000	0						
604	GOLGA8Q_AR	GOLGA8Q	727909	AR	0.9660	0.0000	0.0000	0.1776	0.0000	0.0000	0.0000	0.0000	0.0000	1.0000	0						
604	RFPL4AL1_AR	RFPL4AL1	729974	AR	0.9663	0.0000	0.0000	0.1760	0.0000	0.0000	0.0000	0.0000	0.0000	1.0000	0						
604	PEAK3_AD	PEAK3	374872	AD	0.9665	0.0000	0.0000	0.1749	0.0000	0.0000	0.0000	0.0000	0.0000	1.0000	0						
604	NPIPB8_AD	NPIPB8	728734	AD	0.9669	0.0000	0.0000	0.1726	0.0000	0.0000	0.0000	0.0000	0.0000	1.0000	0						
604	CFAP300_AD	CFAP300	85016	AD	0.9673	0.0000	0.0000	0.1707	0.2187	0.0000	0.0000	0.0000	0.2187	0.5000	0	Primary ciliary dyskinesia (ORPHA:244): Nephrocalcinosis (HP:0000121)-Abnormality of the genitourinary system (HP:0000119), 					
604	SPATA31A6_AD	SPATA31A6	389730	AD	0.9676	0.0000	0.0000	0.1691	0.0000	0.0000	0.0000	0.0000	0.0000	1.0000	0						
604	CTAGE6_AD	CTAGE6	340307	AD	0.9679	0.0000	0.0000	0.1679	0.0000	0.0000	0.0000	0.0000	0.0000	1.0000	0						
604	NPIPB2_AD	NPIPB2	729978	AD	0.9683	0.0000	0.0000	0.1656	0.0000	0.0000	0.0000	0.0000	0.0000	1.0000	0						
604	NPIPB7_AR	NPIPB7	440350	AR	0.9684	0.0000	0.0000	0.1653	0.0000	0.0000	0.0000	0.0000	0.0000	1.0000	0						
604	ANKRD36B_AR	ANKRD36B	57730	AR	0.9687	0.0000	0.0000	0.1633	0.0000	0.0000	0.0000	0.0000	0.0000	1.0000	0						
604	LILRA4_AR	LILRA4	23547	AR	0.9689	0.0000	0.0000	0.1623	0.0000	0.0000	0.0000	0.0000	0.0000	1.0000	0						
604	GOLGA6L10_AD	GOLGA6L10	643707	AD	0.9690	0.0000	0.0000	0.1619	0.0000	0.0000	0.0000	0.0000	0.0000	1.0000	0						
604	NPIPB6_AD	NPIPB6	728741	AD	0.9693	0.0000	0.0000	0.1608	0.0000	0.0000	0.0000	0.0000	0.0000	1.0000	0						
604	PKHD1L1_AR	PKHD1L1	93035	AR	0.9694	0.0000	0.0000	0.1605	0.0000	0.0000	0.0000	0.0000	0.0000	1.0000	0						
604	ZFP57_AR	ZFP57	346171	AR	0.9695	0.0000	0.0000	0.1600	0.6767	0.0000	0.0000	0.0000	0.6767	0.5000	0	Transient neonatal diabetes mellitus (ORPHA:99886): Nephrocalcinosis (HP:0000121)-Abnormality of the kidney (HP:0000077), Failure to thrive (HP:0001508)-Failure to thrive (HP:0001508), Small for gestational age (HP:0001518)-Small for gestational age (HP:0001518), Skeletal muscle atrophy (HP:0003202)-Macroglossia (HP:0000158), Short stature (HP:0004322)-Intrauterine growth retardation (HP:0001511), 					
604	C12orf40_AD	C12orf40	283461	AD	0.9696	0.0000	0.0000	0.1592	0.0000	0.0000	0.0000	0.0000	0.0000	1.0000	0						
604	MYO16_AD	MYO16	23026	AD	0.9700	0.0000	0.0000	0.1572	0.0000	0.0000	0.0000	0.0000	0.0000	1.0000	0						
604	NPIPB15_AD	NPIPB15	440348	AD	0.9703	0.0000	0.0000	0.1560	0.0000	0.0000	0.0000	0.0000	0.0000	1.0000	0						
604	LRRC37A3_AR	LRRC37A3	374819	AR	0.9703	0.0000	0.0000	0.1559	0.0000	0.0000	0.0000	0.0000	0.0000	1.0000	0						
604	CTAGE15_AD	CTAGE15	441294	AD	0.9705	0.0000	0.0000	0.1549	0.0000	0.0000	0.0000	0.0000	0.0000	1.0000	0						
604	OR2A1_AR	OR2A1	346528	AR	0.9707	0.0000	0.0000	0.1540	0.0000	0.0000	0.0000	0.0000	0.0000	1.0000	0						
604	NBPF19_AD	NBPF19	101060226	AD	0.9711	0.0000	0.0000	0.1519	0.0000	0.0000	0.0000	0.0000	0.0000	1.0000	0						
604	GOLGA8A_AD	GOLGA8A	23015	AD	0.9715	0.0000	0.0000	0.1500	0.0000	0.0000	0.0000	0.0000	0.0000	1.0000	0						
604	NBPF3_AD	NBPF3	84224	AD	0.9716	0.0000	0.0000	0.1493	0.0000	0.0000	0.0000	0.0000	0.0000	1.0000	0						
604	ZNF814_AD	ZNF814	730051	AD	0.9718	0.0000	0.0000	0.1483	0.0000	0.0000	0.0000	0.0000	0.0000	1.0000	0						
604	CTAGE15_AR	CTAGE15	441294	AR	0.9720	0.0000	0.0000	0.1470	0.0000	0.0000	0.0000	0.0000	0.0000	1.0000	0						
604	KRTAP4-7_AD	KRTAP4-7	100132476	AD	0.9724	0.0000	0.0000	0.1449	0.0000	0.0000	0.0000	0.0000	0.0000	1.0000	0						
604	NWD1_AR	NWD1	284434	AR	0.9728	0.0000	0.0000	0.1428	0.0000	0.0000	0.0000	0.0000	0.0000	1.0000	0						
604	GOLGA8B_AD	GOLGA8B	440270	AD	0.9731	0.0000	0.0000	0.1410	0.0000	0.0000	0.0000	0.0000	0.0000	1.0000	0						
604	GOLGA8B_AR	GOLGA8B	440270	AR	0.9732	0.0000	0.0000	0.1405	0.0000	0.0000	0.0000	0.0000	0.0000	1.0000	0						
604	AQP12B_AD	AQP12B	375318	AD	0.9733	0.0000	0.0000	0.1400	0.0000	0.0000	0.0000	0.0000	0.0000	1.0000	0						
604	GOLGA8A_AR	GOLGA8A	23015	AR	0.9737	0.0000	0.0000	0.1380	0.0000	0.0000	0.0000	0.0000	0.0000	1.0000	0						
604	KRTAP4-7_AR	KRTAP4-7	100132476	AR	0.9738	0.0000	0.0000	0.1377	0.0000	0.0000	0.0000	0.0000	0.0000	1.0000	0						
604	POTEM_AD	POTEM	641455	AD	0.9741	0.0000	0.0000	0.1359	0.0000	0.0000	0.0000	0.0000	0.0000	1.0000	0						
604	SPATA31A6_AR	SPATA31A6	389730	AR	0.9744	0.0000	0.0000	0.1346	0.0000	0.0000	0.0000	0.0000	0.0000	1.0000	0						
604	NBPF20_AD	NBPF20	100288142	AD	0.9744	0.0000	0.0000	0.1342	0.0000	0.0000	0.0000	0.0000	0.0000	1.0000	0						
604	RFPL4AL1_AD	RFPL4AL1	729974	AD	0.9747	0.0000	0.0000	0.1326	0.0000	0.0000	0.0000	0.0000	0.0000	1.0000	0						
604	PCDHB16_AR	PCDHB16	57717	AR	0.9748	0.0000	0.0000	0.1322	0.0000	0.0000	0.0000	0.0000	0.0000	1.0000	0						
604	KRTAP9-6_AR	KRTAP9-6	100507608	AR	0.9748	0.0000	0.0000	0.1320	0.0000	0.0000	0.0000	0.0000	0.0000	1.0000	0						
604	PGA3_AD	PGA3	643834	AD	0.9756	0.0000	0.0000	0.1280	0.0000	0.0000	0.0000	0.0000	0.0000	1.0000	0						
604	NBPF19_AR	NBPF19	101060226	AR	0.9759	0.0000	0.0000	0.1259	0.0000	0.0000	0.0000	0.0000	0.0000	1.0000	0						
604	POM121C_AD	POM121C	100101267	AD	0.9767	0.0000	0.0000	0.1221	0.0000	0.0000	0.0000	0.0000	0.0000	1.0000	0						
604	TAS2R30_AD	TAS2R30	259293	AD	0.9770	0.0000	0.0000	0.1206	0.0000	0.0000	0.0000	0.0000	0.0000	1.0000	0						
604	FAM90A23_AD	FAM90A23	645572	AD	0.9771	0.0000	0.0000	0.1202	0.0000	0.0000	0.0000	0.0000	0.0000	1.0000	0						
604	TBC1D3I_AR	TBC1D3I	102724862	AR	0.9775	0.0000	0.0000	0.1184	0.0000	0.0000	0.0000	0.0000	0.0000	1.0000	0						
604	POTEM_AR	POTEM	641455	AR	0.9776	0.0000	0.0000	0.1180	0.0000	0.0000	0.0000	0.0000	0.0000	1.0000	0						
604	AHNAK2_AR	AHNAK2	113146	AR	0.9776	0.0000	0.0000	0.1178	0.0000	0.0000	0.0000	0.0000	0.0000	1.0000	0						
604	KRTAP4-11_AR	KRTAP4-11	653240	AR	0.9779	0.0000	0.0000	0.1162	0.0000	0.0000	0.0000	0.0000	0.0000	1.0000	0						
604	FAM90A23_AR	FAM90A23	645572	AR	0.9781	0.0000	0.0000	0.1150	0.0000	0.0000	0.0000	0.0000	0.0000	1.0000	0						
604	POM121C_AR	POM121C	100101267	AR	0.9788	0.0000	0.0000	0.1110	0.0000	0.0000	0.0000	0.0000	0.0000	1.0000	0						
604	OR2A42_AR	OR2A42	402317	AR	0.9797	0.0000	0.0000	0.1060	0.0000	0.0000	0.0000	0.0000	0.0000	1.0000	0						
604	C4orf51_AD	C4orf51	646603	AD	0.9798	0.0000	0.0000	0.1057	0.0000	0.0000	0.0000	0.0000	0.0000	1.0000	0						
604	GATD3_AD	GATD3	8209	AD	0.9801	0.0000	0.0000	0.1042	0.0000	0.0000	0.0000	0.0000	0.0000	1.0000	0						
604	NPIPB6_AR	NPIPB6	728741	AR	0.9806	0.0000	0.0000	0.1017	0.0000	0.0000	0.0000	0.0000	0.0000	1.0000	0						
604	AQP12B_AR	AQP12B	375318	AR	0.9807	0.0000	0.0000	0.1010	0.0000	0.0000	0.0000	0.0000	0.0000	1.0000	0						
604	GTF2IRD2B_AD	GTF2IRD2B	389524	AD	0.9808	0.0000	0.0000	0.1004	0.0000	0.0000	0.0000	0.0000	0.0000	1.0000	0						
604	AHNAK2_AD	AHNAK2	113146	AD	0.9809	0.0000	0.0000	0.1000	0.0000	0.0000	0.0000	0.0000	0.0000	1.0000	0						
604	ANKRD30A_AR	ANKRD30A	91074	AR	0.9809	0.0000	0.0000	0.1000	0.0000	0.0000	0.0000	0.0000	0.0000	1.0000	0						
604	APOBEC3A_AD	APOBEC3A	200315	AD	0.9809	0.0000	0.0000	0.1000	0.0000	0.0000	0.0000	0.0000	0.0000	1.0000	0						
604	APOBEC3A_AR	APOBEC3A	200315	AR	0.9809	0.0000	0.0000	0.1000	0.0000	0.0000	0.0000	0.0000	0.0000	1.0000	0						
604	ARHGEF35_AR	ARHGEF35	445328	AR	0.9809	0.0000	0.0000	0.1000	0.0000	0.0000	0.0000	0.0000	0.0000	1.0000	0						
604	CCDC110_AD	CCDC110	256309	AD	0.9809	0.0000	0.0000	0.1000	0.0000	0.0000	0.0000	0.0000	0.0000	1.0000	0						
604	CCDC74A_AD	CCDC74A	90557	AD	0.9809	0.0000	0.0000	0.1000	0.0000	0.0000	0.0000	0.0000	0.0000	1.0000	0						
604	CDK11B_AD	CDK11B	984	AD	0.9809	0.0000	0.0000	0.1000	0.0000	0.0000	0.0000	0.0000	0.0000	1.0000	0						
604	CTAGE9_AD	CTAGE9	643854	AD	0.9809	0.0000	0.0000	0.1000	0.0000	0.0000	0.0000	0.0000	0.0000	1.0000	0						
604	FRG2_AR	FRG2	448831	AR	0.9809	0.0000	0.0000	0.1000	0.0000	0.0000	0.0000	0.0000	0.0000	1.0000	0						
604	GOLGA6A_AD	GOLGA6A	342096	AD	0.9809	0.0000	0.0000	0.1000	0.0000	0.0000	0.0000	0.0000	0.0000	1.0000	0						
604	GOLGA6B_AD	GOLGA6B	55889	AD	0.9809	0.0000	0.0000	0.1000	0.0000	0.0000	0.0000	0.0000	0.0000	1.0000	0						
604	GOLGA6B_AR	GOLGA6B	55889	AR	0.9809	0.0000	0.0000	0.1000	0.0000	0.0000	0.0000	0.0000	0.0000	1.0000	0						
604	GOLGA6L2_AR	GOLGA6L2	283685	AR	0.9809	0.0000	0.0000	0.1000	0.0000	0.0000	0.0000	0.0000	0.0000	1.0000	0						
604	GSTT2B_AD	GSTT2B	653689	AD	0.9809	0.0000	0.0000	0.1000	0.0000	0.0000	0.0000	0.0000	0.0000	1.0000	0						
604	KRTAP10-6_AD	KRTAP10-6	386674	AD	0.9809	0.0000	0.0000	0.1000	0.0000	0.0000	0.0000	0.0000	0.0000	1.0000	0						
604	KRTAP10-6_AR	KRTAP10-6	386674	AR	0.9809	0.0000	0.0000	0.1000	0.0000	0.0000	0.0000	0.0000	0.0000	1.0000	0						
604	KRTAP5-8_AR	KRTAP5-8	57830	AR	0.9809	0.0000	0.0000	0.1000	0.0000	0.0000	0.0000	0.0000	0.0000	1.0000	0						
604	LRRC37A_AD	LRRC37A	9884	AD	0.9809	0.0000	0.0000	0.1000	0.0000	0.0000	0.0000	0.0000	0.0000	1.0000	0						
604	LRRC37A_AR	LRRC37A	9884	AR	0.9809	0.0000	0.0000	0.1000	0.0000	0.0000	0.0000	0.0000	0.0000	1.0000	0						
604	NBPF14_AD	NBPF14	25832	AD	0.9809	0.0000	0.0000	0.1000	0.0000	0.0000	0.0000	0.0000	0.0000	1.0000	0						
604	NBPF3_AR	NBPF3	84224	AR	0.9809	0.0000	0.0000	0.1000	0.0000	0.0000	0.0000	0.0000	0.0000	1.0000	0						
604	NUTM2E_AD	NUTM2E	283008	AD	0.9809	0.0000	0.0000	0.1000	0.0000	0.0000	0.0000	0.0000	0.0000	1.0000	0						
604	OR2A1_AD	OR2A1	346528	AD	0.9809	0.0000	0.0000	0.1000	0.0000	0.0000	0.0000	0.0000	0.0000	1.0000	0						
604	OR4N4C_AD	OR4N4C	105369274	AD	0.9809	0.0000	0.0000	0.1000	0.0000	0.0000	0.0000	0.0000	0.0000	1.0000	0						
604	POTEB3_AD	POTEB3	102724631	AD	0.9809	0.0000	0.0000	0.1000	0.0000	0.0000	0.0000	0.0000	0.0000	1.0000	0						
604	POTEG_AD	POTEG	404785	AD	0.9809	0.0000	0.0000	0.1000	0.0000	0.0000	0.0000	0.0000	0.0000	1.0000	0						
604	SCGB1C2_AR	SCGB1C2	653486	AR	0.9809	0.0000	0.0000	0.1000	0.0000	0.0000	0.0000	0.0000	0.0000	1.0000	0						
604	SPATA31F1_AR	SPATA31F1	259308	AR	0.9809	0.0000	0.0000	0.1000	0.0000	0.0000	0.0000	0.0000	0.0000	1.0000	0						
604	SSU72L1_AD	SSU72L1	390033	AD	0.9809	0.0000	0.0000	0.1000	0.0000	0.0000	0.0000	0.0000	0.0000	1.0000	0						
604	SSU72L4_AD	SSU72L4	441584	AD	0.9809	0.0000	0.0000	0.1000	0.0000	0.0000	0.0000	0.0000	0.0000	1.0000	0						
604	SSU72L4_AR	SSU72L4	441584	AR	0.9809	0.0000	0.0000	0.1000	0.0000	0.0000	0.0000	0.0000	0.0000	1.0000	0						
604	TMEM191C_AR	TMEM191C	645426	AR	0.9809	0.0000	0.0000	0.1000	0.0000	0.0000	0.0000	0.0000	0.0000	1.0000	0						
604	UPK3BL1_AD	UPK3BL1	100134938	AD	0.9809	0.0000	0.0000	0.1000	0.0000	0.0000	0.0000	0.0000	0.0000	1.0000	0						
604	UPK3BL2_AD	UPK3BL2	107983993	AD	0.9809	0.0000	0.0000	0.1000	0.0000	0.0000	0.0000	0.0000	0.0000	1.0000	0						
604	WASHC2C_AD	WASHC2C	253725	AD	0.9809	0.0000	0.0000	0.1000	0.0000	0.0000	0.0000	0.0000	0.0000	1.0000	0						
604	ZNF98_AR	ZNF98	148198	AR	0.9809	0.0000	0.0000	0.1000	0.0000	0.0000	0.0000	0.0000	0.0000	1.0000	0						
604	ALPK1_AD	ALPK1	80216	AD	0.9809	0.0000	0.0000	0.1000	0.0000	0.0000	0.0000	0.0000	0.0000	1.0000	0						
604	AMZ2_AD	AMZ2	51321	AD	0.9809	0.0000	0.0000	0.1000	0.0000	0.0000	0.0000	0.0000	0.0000	1.0000	0						
604	ZNF768_AD	ZNF768	79724	AD	0.9809	0.0000	0.0000	0.0999	0.0000	0.0000	0.0000	0.0000	0.0000	1.0000	0						
604	ZNF84_AD	ZNF84	7637	AD	0.9809	0.0000	0.0000	0.0999	0.0000	0.0000	0.0000	0.0000	0.0000	1.0000	0						
604	TRABD2B_AD	TRABD2B	388630	AD	0.9809	0.0000	0.0000	0.0998	0.0000	0.0000	0.0000	0.0000	0.0000	1.0000	0						
604	GAL3ST4_AD	GAL3ST4	79690	AD	0.9810	0.0000	0.0000	0.0997	0.0000	0.0000	0.0000	0.0000	0.0000	1.0000	0						
604	ERV3-1_AD	ERV3-1	2086	AD	0.9810	0.0000	0.0000	0.0996	0.0000	0.0000	0.0000	0.0000	0.0000	1.0000	0						
604	PCDHA11_AD	PCDHA11	56138	AD	0.9810	0.0000	0.0000	0.0996	0.0000	0.0000	0.0000	0.0000	0.0000	1.0000	0						
604	STARD9_AD	STARD9	57519	AD	0.9810	0.0000	0.0000	0.0996	0.0000	0.0000	0.0000	0.0000	0.0000	1.0000	0						
604	PAAF1_AD	PAAF1	80227	AD	0.9811	0.0000	0.0000	0.0992	0.0000	0.0000	0.0000	0.0000	0.0000	1.0000	0						
604	OR11H2_AD	OR11H2	79334	AD	0.9811	0.0000	0.0000	0.0992	0.0000	0.0000	0.0000	0.0000	0.0000	1.0000	0						
604	TMEM121_AD	TMEM121	80757	AD	0.9811	0.0000	0.0000	0.0990	0.0000	0.0000	0.0000	0.0000	0.0000	1.0000	0						
604	OGFR_AD	OGFR	11054	AD	0.9812	0.0000	0.0000	0.0986	0.0000	0.0000	0.0000	0.0000	0.0000	1.0000	0						
604	GOLGA6L1_AD	GOLGA6L1	283767	AD	0.9820	0.0000	0.0000	0.0949	0.0000	0.0000	0.0000	0.0000	0.0000	1.0000	0						
604	CTAGE9_AR	CTAGE9	643854	AR	0.9821	0.0000	0.0000	0.0942	0.0000	0.0000	0.0000	0.0000	0.0000	1.0000	0						
604	ZNF587_AR	ZNF587	84914	AR	0.9821	0.0000	0.0000	0.0942	0.0000	0.0000	0.0000	0.0000	0.0000	1.0000	0						
604	PCDHB16_AD	PCDHB16	57717	AD	0.9825	0.0000	0.0000	0.0919	0.0000	0.0000	0.0000	0.0000	0.0000	1.0000	0						
604	GOLGA6A_AR	GOLGA6A	342096	AR	0.9833	0.0000	0.0000	0.0878	0.0000	0.0000	0.0000	0.0000	0.0000	1.0000	0						
604	C17orf58_AD	C17orf58	284018	AD	0.9838	0.0000	0.0000	0.0857	0.0000	0.0000	0.0000	0.0000	0.0000	1.0000	0						
604	OR4N4C_AR	OR4N4C	105369274	AR	0.9844	0.0000	0.0000	0.0821	0.0000	0.0000	0.0000	0.0000	0.0000	1.0000	0						
604	NBPF12_AD	NBPF12	149013	AD	0.9845	0.0000	0.0000	0.0819	0.0000	0.0000	0.0000	0.0000	0.0000	1.0000	0						
604	SYT15B_AD	SYT15B	102724488	AD	0.9847	0.0000	0.0000	0.0808	0.0000	0.0000	0.0000	0.0000	0.0000	1.0000	0						
604	TEX44_AD	TEX44	165100	AD	0.9851	0.0000	0.0000	0.0785	0.0000	0.0000	0.0000	0.0000	0.0000	1.0000	0						
604	ZNF723_AD	ZNF723	646864	AD	0.9851	0.0000	0.0000	0.0783	0.0000	0.0000	0.0000	0.0000	0.0000	1.0000	0						
604	KIR3DL3_AD	KIR3DL3	115653	AD	0.9857	0.0000	0.0000	0.0753	0.0000	0.0000	0.0000	0.0000	0.0000	1.0000	0						
604	POTEB3_AR	POTEB3	102724631	AR	0.9864	0.0000	0.0000	0.0720	0.0000	0.0000	0.0000	0.0000	0.0000	1.0000	0						
604	SSU72L5_AD	SSU72L5	196120	AD	0.9865	0.0000	0.0000	0.0719	0.0000	0.0000	0.0000	0.0000	0.0000	1.0000	0						
604	KRTAP4-11_AD	KRTAP4-11	653240	AD	0.9865	0.0000	0.0000	0.0717	0.0000	0.0000	0.0000	0.0000	0.0000	1.0000	0						
604	WASHC2C_AR	WASHC2C	253725	AR	0.9870	0.0000	0.0000	0.0690	0.0000	0.0000	0.0000	0.0000	0.0000	1.0000	0						
604	NUTM2E_AR	NUTM2E	283008	AR	0.9870	0.0000	0.0000	0.0688	0.0000	0.0000	0.0000	0.0000	0.0000	1.0000	0						
604	CLEC18B_AD	CLEC18B	497190	AD	0.9872	0.0000	0.0000	0.0680	0.0000	0.0000	0.0000	0.0000	0.0000	1.0000	0						
604	OR2A42_AD	OR2A42	402317	AD	0.9874	0.0000	0.0000	0.0670	0.0000	0.0000	0.0000	0.0000	0.0000	1.0000	0						
604	LAIR1_AD	LAIR1	3903	AD	0.9875	0.0000	0.0000	0.0667	0.0000	0.0000	0.0000	0.0000	0.0000	1.0000	0						
604	CTAGE4_AD	CTAGE4	100128553	AD	0.9876	0.0000	0.0000	0.0661	0.0000	0.0000	0.0000	0.0000	0.0000	1.0000	0						
604	GOLGA8T_AD	GOLGA8T	653075	AD	0.9876	0.0000	0.0000	0.0659	0.0000	0.0000	0.0000	0.0000	0.0000	1.0000	0						
604	GOLGA8M_AR	GOLGA8M	653720	AR	0.9879	0.0000	0.0000	0.0640	0.0000	0.0000	0.0000	0.0000	0.0000	1.0000	0						
604	KIR3DL3_AR	KIR3DL3	115653	AR	0.9880	0.0000	0.0000	0.0637	0.0000	0.0000	0.0000	0.0000	0.0000	1.0000	0						
604	CTAGE4_AR	CTAGE4	100128553	AR	0.9882	0.0000	0.0000	0.0625	0.0000	0.0000	0.0000	0.0000	0.0000	1.0000	0						
604	SPATA31A7_AD	SPATA31A7	26165	AD	0.9885	0.0000	0.0000	0.0610	0.0000	0.0000	0.0000	0.0000	0.0000	1.0000	0						
604	ENGASE_AR	ENGASE	64772	AR	0.9890	0.0000	0.0000	0.0584	0.0000	0.0000	0.0000	0.0000	0.0000	1.0000	0						
604	ZDHHC11B_AR	ZDHHC11B	653082	AR	0.9897	0.0000	0.0000	0.0546	0.0000	0.0000	0.0000	0.0000	0.0000	1.0000	0						
604	CCDC170_AD	CCDC170	80129	AD	0.9903	0.0000	0.0000	0.0513	0.0000	0.0000	0.0000	0.0000	0.0000	1.0000	0						
604	TRIM64_AR	TRIM64	120146	AR	0.9907	0.0000	0.0000	0.0493	0.0000	0.0000	0.0000	0.0000	0.0000	1.0000	0						
604	EPPK1_AR	EPPK1	83481	AR	0.9916	0.0000	0.0000	0.0442	0.0000	0.0000	0.0000	0.0000	0.0000	1.0000	0						
604	GTF2IRD2_AR	GTF2IRD2	84163	AR	0.9933	0.0000	0.0000	0.0352	0.7392	0.0000	0.0000	0.0000	0.7392	0.5000	0	Williams syndrome (ORPHA:904): Nephrocalcinosis (HP:0000121)-Nephrocalcinosis (HP:0000121), Failure to thrive (HP:0001508)-Failure to thrive in infancy (HP:0001531), Small for gestational age (HP:0001518)-Failure to thrive in infancy (HP:0001531), Premature birth (HP:0001622)-Precocious puberty (HP:0000826), Skeletal muscle atrophy (HP:0003202)-Macroglossia (HP:0000158), Short stature (HP:0004322)-Short stature (HP:0004322), 					
